MedInc,HouseAge,AveRooms,AveBedrms,Population,AveOccup,Latitude,Longitude,MedHouseVal
5.3808,16.6,3.4086,0.829,300,4.3186,36.0175,-120.5186,2.7883
2.4013,23.0,4.002,0.8,247,2.5246,38.3819,-117.3781,0.8446
7.0306,29.3,5.5264,1.2354,524,4.5312,34.6247,-116.8267,2.8653
7.8801,29.2,6.0663,1.5084,1173,2.1595,34.8597,-116.3557,3.4441
1.3901,3.1,4.25,1.1065,949,4.9248,38.3801,-120.4853,0.9057
2.0517,23.4,5.6539,1.5981,3888,2.0423,37.1059,-114.9467,0.9095
4.839,11.9,6.7159,1.5877,942,1.2061,41.6618,-121.4319,2.6892
3.7071,47.8,9.4229,2.533,512,3.0431,35.0124,-115.7213,1.1217
4.4367,50.8,5.2475,1.4765,269,4.234,40.8413,-120.0403,2.0709
2.6863,16.3,5.4174,1.4618,1710,3.7908,36.8745,-122.0406,1.2487
7.5961,9.9,8.5549,2.0679,662,4.163,33.7783,-120.8938,3.8935
7.1469,12.2,4.4017,0.88,199,3.8105,34.7717,-116.1046,3.0795
4.6628,25.4,2.8513,0.8,677,2.1797,39.6791,-118.0439,1.9557
8.814,45.6,6.0005,1.2353,300,3.7664,40.353,-123.0649,4.0305
5.9329,26.5,7.6524,1.6141,473,3.0928,32.8759,-123.1983,3.3941
2.6763,3.8,6.2221,1.182,668,2.2903,36.3953,-117.2844,1.1255
5.5915,3.0,5.306,1.3718,322,3.1794,37.1946,-121.9853,3.2629
2.521,12.6,2.6032,0.8,450,2.9437,38.3428,-122.3091,1.944
7.5918,44.0,5.3833,1.0294,367,4.416,38.6809,-116.6302,2.7979
4.3494,32.7,7.9663,1.4609,375,2.4851,40.3903,-121.1121,2.1789
4.0112,29.7,3.0318,0.8,297,2.4384,35.0972,-123.7828,1.8312
2.9786,17.3,5.0105,1.337,452,2.3014,33.5633,-120.0392,2.0452
9.3327,48.4,4.725,0.8759,325,4.8968,34.2716,-118.5236,3.9807
4.0848,17.9,4.1046,0.8001,1063,2.3573,41.4,-118.1844,1.7183
3.466,43.6,5.9958,1.5277,781,4.2968,37.6935,-123.8857,1.6257
3.6281,46.7,6.3866,1.6674,1730,1.9686,34.5814,-119.7376,1.8115
6.1681,25.7,6.3657,1.1848,3009,3.5066,39.9657,-120.7246,2.7704
5.5804,46.6,3.5464,0.9305,1144,3.2625,38.0766,-119.7862,2.3755
5.741,15.1,2.208,0.8,953,4.2334,35.9896,-124.0622,2.9572
5.8037,34.6,6.0248,1.3977,1203,4.0884,32.6739,-121.3961,2.9215
15.0,5.5,4.4882,0.9071,966,3.0819,39.9365,-117.7437,5.0
3.5119,25.2,9.1766,2.4911,692,2.4629,39.3157,-123.1779,2.36
3.2958,12.1,9.269,1.8725,650,4.625,34.99,-114.4282,1.3539
2.7504,4.2,9.4814,2.0959,294,2.3631,35.0234,-114.0639,1.0564
6.4856,1.2,3.6198,0.8,1301,1.0,35.0791,-120.7154,3.7301
8.8232,17.6,6.6387,1.7124,649,1.1414,38.869,-117.35,4.0197
4.1855,31.1,7.2419,1.9474,2121,1.3849,35.2947,-117.8289,1.7905
2.7072,24.2,7.0167,1.8027,1383,3.5957,35.4484,-122.7448,1.7679
2.7328,16.4,4.7912,1.3101,403,5.2145,36.0779,-120.424,1.674
6.6217,51.6,8.0583,1.4758,1803,1.0,41.8119,-114.2032,3.4023
7.0003,48.9,5.5009,1.4686,100,2.2174,36.8709,-123.1594,3.4068
6.2083,7.4,5.7562,1.4753,3116,3.089,36.0851,-118.4606,2.9431
3.0063,22.2,2.4243,0.8,228,4.5455,36.9652,-118.2086,1.1667
5.1515,34.1,6.7895,1.7001,988,2.2121,39.3324,-122.741,2.6987
4.8067,38.4,4.9792,1.2623,936,3.5908,40.8951,-118.8799,1.7792
5.1101,19.7,6.4296,1.3272,1634,2.7499,41.9126,-114.8666,2.0455
7.5599,39.1,5.9702,1.3892,511,5.6072,37.1176,-123.2856,3.5811
5.1251,7.3,5.8619,1.1336,120,3.1445,36.8714,-122.5077,2.2518
6.7352,17.9,5.4086,1.1323,512,3.3557,35.638,-121.8159,3.3121
4.6671,37.5,7.0732,1.7351,558,3.0843,39.9014,-116.6147,1.8563
5.3306,32.9,5.1022,1.0865,129,2.5853,38.7281,-118.4389,2.4888
6.5455,43.7,2.5896,0.8,690,3.9499,35.952,-119.2128,2.614
1.8696,3.4,6.6379,1.5696,281,1.841,37.4261,-116.1833,0.805
3.6995,9.9,3.882,0.8,1118,1.0,34.4553,-114.2282,1.3416
3.3797,3.5,2.8515,0.8,546,2.8498,39.0929,-122.4424,2.3544
3.0547,10.8,3.4555,0.8,3194,3.8156,34.8952,-115.9735,1.4451
3.7997,1.2,6.0667,1.2213,542,2.4192,35.8207,-120.6141,2.416
10.9898,26.7,5.307,1.4656,939,3.1865,33.1471,-122.9671,5.0
2.6658,27.9,2.0,0.8,561,1.7793,34.5888,-121.8065,1.5008
8.0122,34.6,4.7327,1.2824,182,4.0627,34.3514,-120.3074,3.4697
1.6328,20.6,7.8385,1.5835,565,3.6519,39.4854,-115.0588,0.7252
3.6659,1.2,4.5974,0.9749,1215,3.0197,39.0974,-119.4767,1.6112
4.9414,35.4,5.169,1.2444,1077,3.1687,37.6124,-118.0498,2.0948
6.3709,3.8,7.586,2.0769,526,1.6064,36.177,-124.151,3.0878
6.8671,45.2,7.091,1.325,207,1.6511,40.9494,-123.8279,2.9956
7.2139,2.2,7.5435,1.8265,1114,2.878,40.8988,-114.6475,2.9939
3.6356,28.1,2.0,0.8,930,3.5137,38.2269,-115.6977,1.4411
3.396,46.6,8.967,2.4222,1306,3.5644,38.7505,-119.3588,1.1746
7.4991,30.2,6.7728,1.455,534,2.6371,40.0663,-122.3958,3.8906
3.9957,32.0,10.423,2.5855,173,3.7454,39.3664,-124.0782,1.9642
2.0846,35.8,3.9353,0.8,1019,4.4208,34.6366,-114.2588,0.6038
2.2706,7.2,2.0,0.8,660,2.9113,37.2819,-124.4404,1.72
2.5814,35.4,5.5144,1.572,2025,3.3097,33.9429,-122.0047,1.6953
6.0394,45.9,4.9493,1.0686,681,2.7921,40.1891,-117.319,2.5328
4.8815,50.7,6.8073,1.7174,641,2.8737,38.709,-114.6521,2.0054
6.7821,23.6,7.6499,2.1666,929,3.1696,41.8014,-123.2709,3.3079
3.4682,18.6,5.3254,1.1238,413,4.7033,33.7968,-116.3741,1.7018
4.9289,39.4,5.0186,1.2836,397,3.9153,37.3464,-121.0164,2.4791
6.5231,28.7,6.5454,1.2352,615,3.8252,39.3781,-117.363,2.7261
3.7225,14.1,4.9873,1.0733,319,2.5463,40.7398,-123.4854,2.302
5.8948,9.8,4.82,1.2301,554,2.1018,40.6073,-115.4194,2.7822
3.0127,9.7,7.5743,1.3877,3139,3.3895,34.419,-117.0741,0.8967
3.6044,24.4,8.0196,1.7461,1532,4.2437,41.832,-114.4662,1.3904
3.5643,9.7,7.6679,2.0016,851,4.7234,41.8228,-119.2246,1.9492
2.1869,2.0,5.1635,1.1387,2302,1.0,41.7061,-115.1792,1.3812
6.0025,3.7,2.0,0.8,344,5.4464,38.3293,-118.8258,2.4036
3.3816,48.4,5.2036,1.1967,4877,3.417,40.4034,-119.1157,1.3808
4.5154,4.7,3.984,0.9157,460,3.9089,33.2223,-123.5066,2.308
5.9802,4.7,5.2405,1.185,3305,1.2601,34.9269,-115.9512,2.7395
5.8586,24.0,4.1578,1.024,3293,2.7631,33.374,-120.1719,2.898
6.6808,13.5,5.4585,1.4276,164,3.8228,37.3028,-118.1997,2.686
4.2245,50.1,3.4214,0.8,2151,1.8253,41.6649,-117.6677,1.4888
3.4765,47.5,2.9386,0.8,530,1.0,38.6671,-116.3645,1.7687
4.2724,21.6,7.9454,1.5982,422,3.3355,36.8819,-118.4589,1.6127
1.6284,23.9,3.5607,0.9643,1012,2.9502,40.0319,-117.9909,0.8037
1.8809,20.1,5.5007,1.2787,297,4.4413,37.7282,-119.0321,0.5
2.0266,2.9,7.409,2.1105,994,2.8401,36.8477,-118.0535,0.681
2.4637,15.9,7.3286,1.7806,313,2.9133,38.4786,-119.8356,1.0552
5.6966,7.3,7.0897,1.4652,766,3.6977,37.3621,-116.3477,2.0816
2.6031,6.2,6.1057,1.4963,1936,4.0335,38.5947,-115.9897,1.1599
3.5719,29.6,6.948,1.341,906,2.2913,40.1251,-119.0704,1.3959
9.7722,6.0,8.2462,1.8511,499,3.9445,36.893,-122.9604,4.766
3.6192,6.2,6.35,1.3124,1026,2.4783,36.4427,-120.5783,2.0099
6.9762,25.5,2.0,0.8,216,3.0165,37.8073,-115.6806,3.3953
2.5595,23.6,4.4429,0.9131,340,3.6708,41.0952,-114.8741,0.901
3.962,8.0,6.8927,1.3018,471,3.8451,36.5183,-121.6959,2.1692
2.5345,1.2,4.2458,0.8299,1248,3.3183,40.5536,-114.6184,1.2219
3.6568,10.8,8.7402,1.8861,920,1.9194,38.363,-121.5945,1.6772
7.42,13.0,5.3736,1.3124,1021,1.1297,32.6178,-114.8518,3.557
1.5898,41.8,5.6705,1.3843,651,2.812,37.0239,-114.6779,0.5
5.8162,47.7,7.7495,1.4759,354,3.9713,34.5001,-119.1993,1.944
5.1688,21.7,5.1343,1.4231,2187,3.4497,33.9285,-114.5192,1.9751
3.1378,21.7,5.8526,1.0873,381,3.242,34.7272,-118.7326,0.9363
1.8821,37.3,7.2982,1.7569,930,2.993,39.268,-120.5217,1.1032
4.6799,33.0,2.5555,0.8,608,3.3091,38.4601,-115.9933,1.6307
3.2619,10.4,4.9294,1.1849,1044,2.0059,37.6001,-123.3605,1.655
5.1531,6.5,7.1583,1.324,410,3.7802,37.2051,-122.2251,2.7307
4.5408,23.3,5.6312,1.5761,1544,3.8463,36.1972,-122.2609,2.1832
11.7173,29.8,8.4347,2.0051,2003,2.6447,40.9224,-117.9682,5.0
3.8821,8.1,2.3482,0.8,1470,3.437,41.3583,-117.0568,1.8528
2.4252,16.0,2.12,0.8,755,1.2835,39.7622,-115.707,0.9956
4.9906,16.6,7.0394,1.7376,470,3.18,35.2381,-115.0514,2.2016
5.1141,14.3,7.2316,1.3651,6359,2.8669,41.1817,-115.312,1.8067
10.1301,24.5,5.1135,0.9908,301,4.2592,40.2818,-117.3391,4.4625
7.3969,34.3,6.3008,1.6976,1346,2.8014,33.6783,-114.8943,3.2044
5.5518,27.0,6.9904,1.5,868,3.8687,35.7459,-121.6068,3.2571
10.7831,11.3,3.8723,0.9811,633,2.6088,35.6123,-116.8846,4.6313
2.1962,6.2,4.0863,1.0397,771,1.0,39.4354,-123.695,1.6646
3.0531,42.9,5.8795,1.2428,442,2.7745,37.477,-123.1851,1.52
2.5704,25.4,7.3082,1.95,936,3.1968,35.0354,-122.1257,1.6555
3.547,4.2,3.1681,0.8,857,3.1508,34.6925,-123.4219,2.1702
1.962,14.2,5.1041,1.2723,5665,3.166,36.8463,-114.3605,0.5
6.5607,42.0,5.0115,0.9623,1567,2.4935,38.8266,-119.6044,2.8608
3.9223,39.3,6.3359,1.3747,1005,2.6763,37.3329,-114.9796,1.4087
1.8543,45.7,5.4826,1.395,1054,1.8737,34.9798,-119.4954,0.8731
2.4367,31.7,4.4082,0.8235,2898,1.0034,38.3899,-117.1534,1.0895
5.4092,22.6,7.9971,1.5541,306,2.8935,41.9897,-121.122,3.0173
7.4103,22.8,4.4215,1.097,575,2.2548,34.1784,-114.518,3.426
14.8506,10.9,4.9158,0.9066,145,4.0798,37.5198,-124.1336,5.0
15.0,34.2,2.317,0.8,1040,1.0,36.0687,-117.1773,5.0
5.7468,30.8,4.0727,0.9969,1311,3.291,34.575,-114.521,2.5345
2.4751,8.9,6.5322,1.5291,300,5.1215,40.8172,-116.2244,0.7009
1.247,46.2,6.1412,1.6036,2097,2.8172,41.5988,-115.8102,0.5
5.2626,19.8,6.699,1.3744,374,2.9973,35.8269,-121.3588,2.6653
2.7517,3.5,6.602,1.4306,506,3.4263,35.7993,-119.7556,1.2883
3.4931,17.7,9.6754,1.8294,732,3.5045,33.3717,-123.0701,1.5532
3.1042,45.4,4.0043,1.0057,2381,2.5915,38.3687,-120.5477,1.5143
4.1187,47.8,2.2612,0.8,335,1.9917,32.7522,-124.4114,2.1042
8.4959,26.0,3.3989,0.806,840,3.6527,37.214,-116.3229,3.8696
4.9245,49.8,4.0927,1.0792,1236,1.0919,33.9517,-114.4934,1.9658
4.0748,45.6,3.5513,0.8,1048,3.8322,38.887,-117.1411,1.3958
2.4075,43.1,5.6873,1.1525,1080,2.6082,41.3246,-115.9919,1.1551
1.6408,44.8,8.0053,1.572,1223,3.0031,33.3434,-119.1086,0.5
3.3475,20.5,8.5793,1.7172,427,2.4744,39.8885,-122.4875,1.6173
4.3394,39.6,6.5086,1.633,2566,4.4309,40.3904,-116.9314,1.5026
12.9456,30.4,9.7825,2.5871,609,3.249,34.174,-121.3575,5.0
4.8461,37.7,4.7873,1.0983,547,2.6783,41.2651,-119.675,1.8514
8.082,10.1,2.235,0.8,1955,2.6501,38.3987,-115.043,3.4001
3.3215,38.3,7.6064,1.828,402,2.8518,37.5819,-120.5842,2.3085
2.2013,49.8,2.0,0.8,859,5.3969,38.8784,-121.4616,1.1393
2.5116,16.4,3.99,0.8278,373,1.6829,35.237,-124.1672,1.5934
2.9004,51.3,6.5402,1.6769,4991,4.0829,32.7414,-117.1347,0.6994
15.0,20.3,5.2952,1.1547,4217,3.5681,36.6995,-122.2402,5.0
2.7378,11.2,5.1181,1.45,609,4.5398,39.5618,-117.7861,0.8613
7.4119,6.7,3.1384,0.8,1008,3.6291,41.2272,-120.6507,3.6878
2.6071,41.0,5.4784,1.2778,668,3.0034,36.586,-116.2294,0.6898
7.8377,29.3,7.5073,1.427,503,4.02,35.0047,-115.1561,3.3181
5.6461,16.7,5.5399,1.1206,732,3.2298,33.7473,-122.0251,2.74
4.0797,32.0,3.8395,1.0749,644,3.755,41.3872,-116.1807,1.6536
4.3734,17.9,3.0049,0.8,197,4.4282,34.694,-122.8955,1.8681
3.0257,23.9,3.8808,0.8,821,3.0925,41.1552,-123.0203,2.0347
5.857,45.0,6.2847,1.302,643,2.5756,34.2457,-120.0013,2.9074
3.411,35.1,6.1872,1.1546,854,2.3562,32.6723,-121.0927,1.9065
2.1482,39.9,3.899,0.8,625,3.4505,34.6301,-114.1348,0.8774
2.0818,30.8,2.0,0.8,499,2.1218,37.1815,-116.0582,1.1129
4.9707,51.6,6.34,1.4872,1339,2.6502,35.8127,-115.1525,2.2659
11.5589,13.3,3.7046,0.8821,1019,2.0324,41.1233,-123.072,5.0
4.9332,14.4,6.8781,1.5251,2032,3.5083,37.6783,-117.0034,1.8907
4.1738,5.7,3.9878,0.8,988,2.2478,33.6188,-118.155,1.6541
5.3201,29.3,3.5242,0.8,568,1.7133,38.4407,-123.458,2.7341
9.812,32.3,5.8063,1.4073,1089,1.8892,36.195,-116.1665,4.1077
5.1122,38.0,10.2154,1.8977,136,2.4289,38.9499,-115.5353,1.9683
3.5024,18.1,6.9981,1.428,3579,2.5197,39.9687,-114.902,1.2501
8.7039,1.6,5.7724,1.4316,828,3.2515,41.8627,-114.6319,3.8686
5.7965,33.2,6.2177,1.1703,3818,2.8384,37.9781,-123.368,3.0549
11.2622,51.9,2.0,0.8,332,3.3703,35.9841,-115.2372,4.4048
5.0025,16.0,3.2553,0.8,272,3.4506,36.6192,-114.5737,1.912
2.1497,10.4,2.0,0.8,891,3.7405,36.3249,-117.2467,0.5
1.9721,15.4,8.9597,1.6756,889,1.0922,36.7801,-122.5696,0.8175
12.068,22.7,8.5548,2.1221,872,1.8728,32.7856,-120.2912,5.0
12.6063,13.8,6.2856,1.5086,772,3.5549,34.8496,-123.5538,5.0
4.024,18.7,5.7702,1.1971,402,3.2114,41.8837,-124.4554,2.3817
3.5612,33.5,2.3968,0.8,203,3.9769,41.3161,-114.8393,1.6854
10.7711,18.6,5.0614,1.357,834,1.456,32.9587,-114.2904,4.3214
2.3066,21.2,9.0848,2.3177,238,2.5248,41.806,-114.8474,0.5
2.62,3.0,5.7628,1.068,221,2.7036,40.0236,-121.8334,1.5391
6.5929,47.8,4.3707,0.8647,491,3.1666,32.5261,-117.9783,2.1223
3.5369,21.8,2.0,0.8,939,3.0359,41.1779,-119.2532,1.2154
4.4679,17.7,8.2606,1.9597,3262,3.4691,41.6235,-119.2915,1.978
4.0631,5.4,5.3598,1.2074,1456,2.8853,38.4732,-120.0025,2.4326
5.4879,33.3,2.0,0.8,2093,4.3723,39.9891,-114.6176,2.3904
10.4279,45.1,3.6515,0.8,1122,4.6912,35.6591,-116.1957,4.3997
4.732,3.1,2.9449,0.8,892,1.8821,37.9371,-115.6079,1.9455
6.5953,8.4,5.2365,1.4512,4938,3.0451,39.4497,-124.1366,3.1514
1.3098,8.5,5.9147,1.1511,231,3.798,37.832,-120.1745,1.0902
4.3526,31.7,4.4936,1.2427,478,3.5853,35.3937,-118.2212,1.3059
2.7022,48.0,7.0541,1.3406,509,2.5922,38.6674,-117.5834,0.5
2.157,23.3,5.6576,1.5775,1359,3.2549,40.465,-115.1038,0.8574
2.6462,18.5,7.6246,2.0302,304,1.4165,40.4421,-122.7465,1.6707
3.6676,40.1,4.7856,1.2397,1225,2.9809,33.7556,-123.5546,2.5517
7.7643,38.9,11.5907,2.9372,1058,1.5397,36.7315,-115.1214,3.5283
2.0222,13.6,4.371,1.0157,1275,3.508,32.868,-119.1805,0.7925
4.5648,9.2,3.6933,0.8,1257,1.884,38.5113,-118.8382,1.8747
3.3518,19.2,3.4474,0.8,2277,3.163,34.8005,-115.155,1.098
3.6818,40.6,5.0781,1.1163,639,3.3192,41.3384,-116.627,1.2992
8.1797,36.4,2.0609,0.8,1017,3.0759,38.3734,-116.8271,3.6365
6.1896,35.0,6.0891,1.4713,369,2.368,36.3059,-122.5467,3.4588
9.9985,43.3,2.0,0.8,307,2.7896,39.4489,-117.9752,4.4362
4.0849,15.1,5.8233,1.565,2729,4.1811,34.4702,-119.7743,1.6419
2.9519,18.3,2.7975,0.8,347,2.5754,33.3686,-118.0841,0.9238
3.9184,3.2,4.7374,1.2825,1111,3.0214,33.3301,-118.4554,1.9276
5.1836,45.3,6.7091,1.7079,1017,2.4432,38.0366,-124.2241,3.0902
4.9826,30.7,10.1081,2.163,1703,4.0204,40.9443,-120.8893,2.5487
2.3382,16.2,3.344,0.8913,177,3.0778,34.6162,-119.6931,0.9992
4.7317,4.5,5.1994,1.4048,1357,2.236,39.7205,-119.2477,2.1662
5.1394,37.9,4.0525,0.8,635,3.0071,32.8574,-123.4556,2.3693
15.0,39.2,3.7603,1.0063,412,2.759,35.8567,-115.0653,5.0
13.8199,35.0,4.0701,0.863,544,4.3926,38.7103,-120.9897,5.0
2.686,11.4,7.1481,1.7003,1524,2.9553,40.3494,-119.3611,1.0066
3.7719,47.6,4.5239,0.8547,1194,1.6173,41.4603,-117.5309,1.7201
1.8625,39.4,9.9986,2.0343,600,3.4986,38.5094,-116.9496,0.7958
3.1443,34.5,6.332,1.7497,267,4.7861,36.8954,-120.5307,1.7351
5.416,34.2,3.48,0.8,283,4.1969,33.076,-123.1443,2.8734
9.2397,47.1,4.7666,1.1014,1215,1.8971,35.1187,-122.3232,4.3553
2.8937,48.3,3.8963,0.9511,239,2.7313,41.2696,-122.767,1.4915
3.0268,31.4,7.1001,1.4653,605,2.9693,38.0375,-121.9366,1.5282
1.2357,22.3,2.2224,0.8,5681,2.9815,35.7554,-118.1617,0.5
4.0649,19.6,2.8181,0.8,961,3.381,34.8638,-118.8745,1.7735
2.3692,42.8,4.3169,1.027,1204,2.6559,33.5797,-122.7294,1.2901
3.262,33.9,6.8659,1.8008,285,2.0844,39.6402,-117.3441,1.5357
2.6482,4.9,7.9661,1.6997,249,3.9518,36.4176,-123.8311,1.1105
4.2353,8.3,8.2611,1.5259,1257,1.8764,41.3972,-114.9491,1.6456
1.5611,46.9,6.5596,1.5138,531,2.1979,36.8167,-118.555,0.5
1.8585,46.1,5.3342,0.9712,1701,1.8702,40.2746,-118.3006,0.7209
15.0,49.5,7.0893,1.84,746,3.6122,33.7373,-121.4981,5.0
2.07,22.8,3.211,0.8,11443,3.1065,33.9336,-119.1278,0.5
2.3208,41.0,2.0,0.8,456,3.8835,35.0955,-120.0243,0.8423
13.4927,43.2,6.3733,1.307,908,2.2148,34.3167,-114.5172,5.0
15.0,17.1,3.4886,0.9381,352,1.747,41.779,-123.6997,5.0
2.219,8.4,5.3694,1.2929,1645,2.5561,40.1773,-119.6833,0.658
3.5932,51.8,5.7393,1.5633,1025,2.8175,35.8099,-116.1891,1.3261
5.501,2.5,5.9962,1.2748,334,3.2091,37.4383,-118.7819,2.5987
12.6445,31.5,7.3756,1.3419,559,1.3176,37.5659,-118.5652,5.0
2.4791,34.2,7.1642,1.6859,2159,3.4787,38.2685,-114.9322,0.6474
3.8684,35.8,5.89,1.5395,1961,2.1058,33.4844,-120.5552,1.9975
7.1449,14.0,4.616,1.1433,232,2.3526,35.8153,-124.4783,3.1505
5.8174,37.8,5.7155,1.2314,496,4.1737,33.3163,-114.7805,2.5494
3.5762,12.0,4.3076,0.9288,3094,1.0,41.2311,-124.1529,2.6818
4.1359,43.3,5.1071,1.2898,630,3.3225,36.3328,-116.1273,1.164
1.9642,12.2,10.7363,2.1467,834,3.3187,39.4067,-123.0343,1.4562
3.8849,36.5,5.8644,1.5953,1639,2.1812,41.2479,-124.2828,2.0652
3.8197,41.0,6.4005,1.3486,248,2.553,35.4397,-120.776,2.0926
5.1516,10.6,4.089,0.9397,340,4.221,33.3346,-115.4274,2.0759
3.2117,13.1,7.5401,2.0084,556,4.9629,35.6941,-124.1122,1.2882
5.9472,40.7,7.0205,1.4722,1889,4.0647,38.8744,-121.7419,3.0654
8.2287,5.4,7.0347,1.4516,1629,4.8859,37.2481,-121.57,3.9536
4.9197,10.7,5.9298,1.3538,1282,2.3087,33.2121,-123.5045,2.6061
5.5348,24.2,7.5684,1.4852,645,1.4199,33.1669,-123.5281,2.8697
4.6269,48.4,8.0434,1.78,1779,2.9474,39.1458,-114.9641,1.5877
4.4819,29.7,6.0662,1.4899,638,3.8049,39.4972,-117.1994,1.7106
2.9068,20.8,5.2708,0.9748,1144,1.1452,33.5403,-121.2331,1.1556
5.4189,50.9,7.2891,1.3528,1495,2.0735,40.0498,-121.9976,2.271
4.2276,24.6,3.6917,1.0001,2800,2.1846,35.7828,-124.0497,2.0959
15.0,23.1,4.0641,0.8,689,3.3566,33.148,-120.7327,5.0
11.5192,22.0,5.3934,1.0678,539,3.2276,35.6717,-121.3381,5.0
5.6492,16.9,2.0173,0.8,2031,2.2248,39.4395,-114.8707,2.255
2.8354,17.6,7.1552,1.5765,2159,3.1798,38.7299,-122.1847,1.5447
2.2992,36.1,3.5742,1.0012,467,1.8552,37.074,-120.246,1.4936
9.1585,3.1,4.557,0.9742,298,2.5736,35.1567,-117.3389,4.1703
5.247,35.8,5.0734,0.9454,1911,1.7352,36.4703,-121.1276,3.2687
5.978,11.3,5.5786,1.3168,194,2.8498,36.1253,-116.2912,2.6543
1.5734,20.6,4.8127,1.0654,186,2.1995,36.2052,-116.8743,0.5
7.8183,8.5,5.3653,1.3565,581,3.6904,37.1521,-124.1276,3.9771
5.8864,29.2,5.3807,1.1743,722,2.9738,36.8252,-115.5138,2.7766
2.3019,38.2,4.6059,0.9022,285,2.7733,33.4735,-120.679,0.862
3.3773,19.1,3.9536,1.0059,794,4.7681,35.2566,-123.4935,1.6857
5.25,9.3,7.6629,1.6633,823,3.3833,33.7265,-117.1674,1.862
4.625,12.6,2.0,0.8,453,2.6318,38.2199,-116.655,1.7743
3.761,42.7,5.0886,1.0186,3384,2.4163,36.5167,-123.7544,2.1155
4.2119,14.7,4.5622,0.9303,938,1.8188,38.8833,-120.7838,2.8832
3.8529,40.5,6.3376,1.294,1641,2.9341,33.3322,-115.0975,1.6987
4.9113,17.9,2.5914,0.8,207,3.3076,35.7766,-117.4709,2.0903
10.8362,10.6,4.5004,0.9578,206,1.0856,34.2133,-118.8938,4.827
0.9608,38.1,5.2953,1.1027,961,1.636,33.3748,-119.2068,0.5
3.888,24.9,7.6401,1.5715,2933,2.4839,39.8477,-118.1116,1.6995
4.9824,2.6,6.1644,1.3255,297,1.9018,33.7439,-117.6433,2.5117
5.3527,50.0,3.133,0.8,746,3.0433,34.1617,-123.7772,2.4329
3.5853,8.5,4.525,1.1319,248,3.1822,35.9844,-120.9914,1.9954
1.562,19.0,7.2721,2.0135,374,2.8777,35.2812,-118.9702,0.5
5.4564,20.6,3.0985,0.8,776,3.5502,41.2383,-116.8314,2.2485
12.6342,26.0,5.3427,1.4753,449,2.4151,41.8921,-116.7009,5.0
1.7855,41.1,5.4818,1.0331,234,2.9541,36.5128,-118.1422,0.5
7.5255,1.3,4.7284,1.0008,230,1.9967,34.4108,-118.3415,3.5375
3.6799,48.6,10.8915,2.0406,147,3.2846,37.2321,-120.6386,2.4216
4.3198,33.9,4.6745,1.0096,974,3.0759,37.2089,-115.7356,1.6824
2.3828,49.5,6.3995,1.2446,1073,1.8015,36.9274,-114.8778,0.9184
3.6668,42.7,3.9674,0.8027,1069,2.8449,32.6932,-115.6137,1.5842
9.7769,48.3,6.5555,1.4407,321,2.9622,33.7196,-115.3448,4.0748
6.3572,31.7,7.2416,1.7133,1487,3.281,33.8396,-114.9575,2.6754
12.6719,19.2,4.3241,1.2334,1171,3.3181,35.8417,-122.3783,5.0
9.0834,23.6,5.3906,1.347,669,2.2788,38.0175,-119.1043,3.785
5.8325,34.6,3.7094,0.8,587,3.7636,40.8395,-118.8873,2.4583
12.7606,22.8,3.2112,0.8,396,3.5231,34.6219,-119.403,5.0
5.8322,38.3,7.5736,1.5136,776,2.2754,39.8264,-115.5909,2.6487
7.3654,5.7,4.392,0.9723,2426,1.8573,34.649,-121.0871,3.6669
3.7511,43.3,2.0,0.8,1653,2.3518,32.8099,-122.8062,1.6705
4.6643,11.4,9.0307,1.6473,542,1.5284,38.6737,-121.6198,2.9271
2.9492,49.1,3.8958,1.084,1023,3.208,34.539,-122.9972,1.5428
8.1153,8.9,5.0073,1.0736,276,4.1836,41.2367,-120.2497,3.956
2.2101,7.6,8.7818,1.9855,1193,4.4215,41.3675,-123.2735,1.138
7.1664,42.4,5.2165,1.428,342,1.9107,33.4978,-123.5805,3.3254
3.9973,42.8,5.1733,1.317,1155,3.7868,34.3498,-119.7644,1.4254
9.0499,38.7,3.0437,0.8,7153,3.0845,34.4989,-118.188,3.9427
7.0324,50.0,2.2303,0.8,422,1.0,41.1587,-118.1198,2.824
13.3616,14.8,5.1672,1.0128,6893,2.6676,33.2412,-123.531,5.0
6.9481,43.2,6.2256,1.3106,985,2.5563,39.6361,-114.2985,3.195
1.745,19.0,6.1111,1.6509,365,4.2108,35.2332,-123.2217,1.1908
4.3052,28.4,4.5375,1.1139,352,2.129,38.0331,-117.5651,1.2698
2.2184,23.7,5.5405,1.4679,4411,3.5631,34.1842,-115.1693,1.128
3.2839,1.3,2.0,0.8,987,2.8929,40.162,-115.21,1.2846
11.0977,30.3,6.4203,1.4061,423,1.5542,38.8723,-119.1226,5.0
6.57,39.1,5.8228,1.661,565,2.4478,32.7009,-121.5867,3.2224
2.9466,9.9,9.4473,2.0601,939,4.5316,34.7528,-115.8074,1.1004
2.4394,48.5,5.515,1.235,661,2.8266,36.9303,-118.0678,0.8289
4.5707,28.1,3.6147,0.8,877,3.9059,37.5462,-116.194,1.5452
2.1599,10.1,5.3986,1.5123,2749,3.8511,40.3591,-120.3001,1.14
2.9961,33.9,4.8444,1.3567,270,2.5517,36.1762,-114.909,0.5242
5.4044,10.8,6.3694,1.517,1114,1.7166,41.305,-114.7393,3.0921
8.9637,4.2,5.5538,1.1388,627,1.8482,34.3419,-116.7579,3.5516
6.4576,36.0,2.9801,0.8,446,4.4517,40.6483,-114.603,2.1497
1.1334,6.6,2.2285,0.8,1568,3.1517,41.0908,-119.7383,0.5
5.3796,6.4,6.0258,1.5325,207,1.2662,38.4535,-122.4581,2.7516
4.6796,38.7,8.2662,1.6987,100,3.834,41.6915,-117.613,1.4229
5.745,3.8,5.6587,1.5921,796,1.2131,36.4006,-117.6397,1.836
11.8192,42.3,7.1266,1.5447,596,2.1739,39.1432,-119.3411,5.0
1.2996,41.6,7.5256,1.7307,225,3.0813,32.5959,-121.7635,0.8014
3.1435,8.2,6.0336,1.5167,169,5.5204,35.1095,-117.9444,1.3148
6.3888,27.4,3.871,0.8525,3117,3.816,37.8805,-122.6018,2.9925
1.7351,5.9,5.8906,1.4972,963,2.5176,40.8214,-116.5904,0.6997
10.8652,33.3,7.9141,1.7098,676,3.0283,41.5528,-114.9785,4.5549
5.5902,4.2,6.5598,1.7272,3851,3.9197,38.0046,-122.7505,2.9321
7.448,49.2,6.9965,1.6228,1507,4.4219,40.6308,-115.8872,2.7661
3.1818,11.6,4.5749,1.012,2739,2.7524,40.0927,-122.416,1.6622
7.3028,35.8,5.0953,1.4299,259,2.7814,39.8499,-119.2455,2.7709
8.5086,7.5,5.2625,1.1146,251,2.17,33.5589,-114.7429,4.1108
5.1538,11.7,5.3973,1.0793,1090,3.6652,37.0471,-123.6315,2.6141
5.1585,24.0,7.8359,1.4478,927,4.026,37.1195,-123.5574,2.1292
5.2709,30.2,2.0,0.8,1808,1.0613,39.9809,-114.4334,2.2786
2.6698,51.9,5.5611,1.4196,180,2.6032,38.068,-122.8321,1.2177
4.102,2.3,5.341,1.2996,1168,1.7866,40.2886,-120.9085,2.3436
4.0898,1.0,2.757,0.8,1468,3.1509,41.5863,-119.6806,1.6335
5.6409,18.9,6.8435,1.5865,1407,1.7621,37.7693,-124.4297,3.4079
8.1653,19.7,4.051,0.9872,480,1.6799,40.0213,-122.5252,3.8047
2.3747,46.1,4.7859,0.9606,1007,4.1235,37.8253,-115.8017,0.9204
4.1578,47.5,9.1976,2.572,358,2.8344,38.4442,-119.052,1.7903
10.9012,45.9,7.5199,1.6356,526,2.9401,37.0221,-120.3641,4.8629
2.8687,8.3,6.649,1.511,289,3.4317,41.6162,-117.3393,1.1862
2.7364,22.0,6.2616,1.3183,363,3.9708,40.267,-121.0899,1.1165
5.0601,39.0,5.1706,1.042,549,2.5814,39.6434,-119.8953,1.731
7.4382,16.9,9.4988,2.2889,449,2.6037,35.631,-114.0659,2.9241
4.5125,34.8,7.1043,1.4885,362,2.6079,37.1114,-116.37,2.0231
9.948,13.1,4.0009,0.8796,235,4.0815,40.6976,-118.6833,4.9129
7.4938,17.5,2.6998,0.8,3194,2.9319,41.3956,-118.9692,2.9759
7.4268,44.9,6.6337,1.2603,446,2.7089,41.9767,-115.6351,3.1341
6.2493,13.8,5.3883,1.0757,866,3.3909,39.4771,-118.1909,2.7083
15.0,50.2,2.6421,0.8,163,4.8313,39.443,-120.9376,5.0
3.9626,16.6,6.3572,1.2867,1971,3.0743,33.3918,-120.1132,2.4334
1.347,2.2,4.9619,1.2437,760,2.7306,39.6396,-122.5744,1.7396
11.7347,14.0,6.5613,1.5045,466,4.943,35.794,-114.425,4.8805
3.4055,9.7,6.3835,1.4937,470,4.3298,40.7139,-117.6518,1.7617
4.7814,26.8,4.2835,1.1993,1333,4.1848,32.6069,-120.315,2.3038
9.8329,6.7,6.7657,1.5657,100,2.4993,41.3767,-120.7212,4.7636
1.7137,32.9,4.5042,1.0747,344,2.4002,37.0969,-114.9766,0.5206
2.1149,45.6,4.6342,1.3211,605,1.1658,33.7156,-120.7167,1.3966
1.7147,19.5,4.4355,0.8539,599,3.9649,38.2095,-116.5582,0.5048
2.783,9.6,7.7619,2.0492,4936,3.077,39.0743,-115.728,1.3067
5.8345,21.4,4.9389,1.0971,508,1.1991,39.9081,-114.9471,2.5761
6.1381,41.1,8.2449,1.6264,1469,4.2018,39.1676,-120.583,3.4886
5.2897,31.2,9.067,1.9255,2834,2.6626,37.7571,-116.4641,2.3278
1.92,6.2,4.0226,1.0479,1137,2.7859,33.2785,-121.0677,1.8493
1.1207,28.4,2.0,0.8,388,1.487,40.6975,-114.5878,0.5
4.6303,24.9,7.589,1.5132,238,3.4922,41.8423,-124.3828,2.4386
3.3768,17.7,4.8161,0.9245,1208,3.5018,39.8911,-118.513,1.3119
5.904,6.6,3.7676,0.9106,2480,2.952,32.8301,-119.1455,2.2994
6.829,51.0,4.3226,1.2115,1029,2.5818,39.6791,-115.285,2.5226
4.8693,10.0,4.6704,0.9903,1784,5.6265,35.0616,-122.2287,2.671
7.0716,10.8,8.0944,2.0484,5290,1.7966,41.64,-123.5835,3.6703
5.1424,8.4,5.8198,1.1498,1300,2.2786,33.1033,-115.6124,2.2412
6.1598,30.1,8.0672,1.66,276,3.7083,33.3765,-120.8239,3.2516
2.9364,23.6,6.4884,1.2858,693,1.9856,34.223,-121.0883,1.3673
4.0238,13.7,4.8815,0.8982,1991,1.9118,39.655,-123.3942,1.9978
5.0433,22.9,4.7193,1.0107,545,4.1315,38.6883,-114.8394,1.7141
7.3325,35.3,6.6232,1.2476,2218,3.6052,39.4087,-117.8539,3.0658
3.5387,15.4,7.1409,1.4927,630,3.4841,35.8619,-117.2321,1.5358
6.127,47.7,7.4936,1.9396,869,3.1818,40.856,-115.0717,2.8027
3.8209,16.6,4.9769,0.9761,502,2.3078,36.7394,-115.6395,1.283
4.1765,11.1,5.8504,1.197,756,2.7473,33.7741,-119.756,1.8375
7.3722,49.7,6.6681,1.2222,788,2.9209,39.791,-122.8224,4.0882
1.3555,42.3,4.7321,1.1869,184,3.8462,37.5306,-117.4407,0.5
2.0588,18.5,3.2301,0.8,467,3.4259,38.1374,-117.6675,0.5
1.8417,43.9,3.8875,0.8,248,2.0722,36.1586,-124.0057,0.7129
1.105,27.5,5.0179,1.384,480,3.7895,39.2518,-115.0563,0.5
2.9833,18.7,6.8244,1.4318,352,1.3215,32.8379,-120.98,1.8176
7.0263,43.8,8.018,1.7541,1494,2.6796,37.1662,-119.9978,3.0362
3.7775,39.4,2.7879,0.8,1508,1.858,36.558,-119.1053,1.4178
5.0464,16.2,4.3053,1.124,1041,2.1429,39.5915,-114.9238,2.5836
8.6152,31.9,4.7843,0.9344,241,4.9266,35.0258,-122.7099,4.4913
9.9404,19.8,7.0894,2.0078,615,1.5293,34.7203,-120.6288,4.509
4.2996,1.1,4.4438,0.8899,226,2.1808,35.5384,-119.2359,1.7816
10.0961,50.1,4.6405,0.9346,591,3.5104,37.0652,-114.0851,4.4016
4.7364,29.0,2.676,0.8,1116,2.53,34.4938,-119.8826,1.643
2.7117,31.5,6.4668,1.4973,1471,3.1556,39.0,-120.3154,1.95
3.1373,31.6,5.1772,1.4556,971,4.4295,35.6503,-114.6822,1.0428
1.8435,29.1,4.1919,0.8214,1820,3.6546,36.5045,-117.5543,0.7663
2.6304,15.8,4.981,1.3278,819,2.5313,37.7971,-122.7825,1.6005
3.6154,50.6,7.754,1.9091,552,2.8663,36.0803,-122.6541,1.9184
7.2583,32.7,3.4902,0.8,1338,3.5306,39.1617,-117.7332,2.815
12.5844,35.2,3.8167,0.9301,1374,3.635,38.7339,-119.5959,5.0
1.9556,24.2,8.0045,1.996,437,3.0208,39.6899,-124.4058,1.1868
5.6729,15.7,5.6515,1.0376,901,3.3606,37.4685,-119.7898,3.1374
2.4005,4.3,6.8395,1.8627,526,3.3616,35.9905,-114.6332,0.9877
5.9585,18.9,6.3035,1.6495,133,2.9078,34.4107,-116.6525,2.2982
4.1427,10.0,5.4293,1.2405,946,2.3948,36.6504,-118.6347,1.3517
1.494,34.8,4.8034,0.9464,236,3.7426,40.7936,-122.4504,1.1703
7.8223,45.8,7.1631,1.3596,865,3.2918,33.6497,-120.9758,3.4873
3.1174,16.4,7.8247,1.5614,195,1.0,34.5463,-114.0353,1.5553
3.2533,18.0,7.6684,1.4064,374,2.1742,38.8198,-117.5799,1.9253
2.3588,35.2,3.1291,0.8855,470,2.5193,37.962,-121.599,1.6499
3.0266,8.6,8.1098,1.7113,1740,2.7989,41.2038,-116.7511,1.3368
5.7935,48.4,4.7841,1.2817,434,4.2039,32.7758,-123.5407,3.0788
4.0006,19.6,3.9899,0.8,281,6.2023,40.8459,-120.6089,2.4316
5.4586,6.2,5.1613,0.961,890,1.0,39.3922,-122.0941,2.6962
5.5687,9.9,7.1623,1.7443,559,3.3044,39.8674,-115.0919,2.6915
9.8986,48.6,6.5809,1.2765,1252,3.0696,36.0973,-116.781,4.1478
3.6485,13.6,4.9892,1.048,296,2.8195,35.4196,-119.2763,1.8717
1.8476,34.8,7.1753,1.9388,787,3.5429,32.6366,-120.2181,1.4825
8.5023,9.0,5.7797,1.2283,4797,3.1498,39.9803,-115.4848,3.9768
3.6734,10.9,4.3541,0.8,549,2.6386,34.0348,-122.448,1.7615
8.7474,45.8,4.0839,0.9922,772,3.0292,34.6482,-123.715,3.8825
5.6408,8.5,6.3205,1.8047,176,3.5566,35.1273,-115.5564,2.5178
4.1426,2.0,5.335,0.9782,336,3.4615,40.7619,-115.5068,1.9702
5.5249,26.6,2.749,0.8,961,3.1886,35.2351,-121.9477,2.4151
14.4487,45.0,7.1943,1.6494,511,2.4166,36.544,-122.4495,5.0
15.0,17.6,4.5394,0.9217,1087,5.8191,39.5998,-116.9263,5.0
4.6722,7.5,8.6842,1.8443,934,3.3595,40.9766,-122.9945,2.5036
4.9338,51.1,2.694,0.8,232,3.7625,40.0162,-117.9695,1.5367
8.5484,35.5,5.1386,1.3888,1499,2.4922,37.5864,-117.137,3.7505
2.6982,44.4,4.1,0.8,246,3.1896,32.5207,-117.9692,0.9937
5.4731,39.4,3.5492,0.8,361,3.1816,33.9995,-120.0173,2.939
4.4127,36.6,4.5264,0.9343,799,1.0881,34.9092,-115.9301,2.1517
5.4105,20.6,9.0411,1.7317,2330,2.2833,36.4308,-114.7352,2.3707
2.7182,17.5,5.7867,1.6368,298,2.2649,35.9408,-117.0901,1.1345
1.7268,37.6,3.9166,0.8,749,2.3995,37.3869,-120.101,0.9786
1.292,37.6,2.0,0.8,754,1.9302,36.4143,-114.0451,0.5
2.2923,49.5,2.0573,0.8,1125,3.0439,39.3976,-119.7811,0.9457
3.4035,30.0,4.4271,1.1159,1715,4.3974,32.9962,-123.2792,1.3127
3.7587,16.0,4.2326,1.0212,481,3.1305,41.9499,-122.5829,2.1018
14.3298,26.0,5.0519,1.0475,1494,1.8187,40.5091,-120.8466,5.0
8.7024,32.3,2.0,0.8,1928,1.9691,35.6822,-122.7033,3.7898
2.5162,22.8,5.3166,0.9692,2772,2.6229,36.2696,-116.3279,0.617
5.5214,41.3,7.5555,1.7435,994,1.5844,41.6552,-124.3519,2.4224
3.5105,30.8,8.7457,1.9102,754,3.3045,41.3901,-120.2382,2.3314
3.7787,1.5,2.0,0.8,455,4.3531,36.2351,-115.2788,1.3405
5.0088,30.1,3.8972,0.8,207,2.4241,33.0664,-123.2638,2.2892
6.4981,33.3,3.7915,0.8,533,3.0761,41.8857,-118.4511,2.759
3.6563,47.7,5.7914,1.1362,728,2.571,38.7107,-114.6946,0.6914
8.4851,22.1,3.0605,0.8,609,2.3704,39.0835,-123.7482,3.9831
2.2588,30.3,8.8645,1.6336,1073,3.1896,35.1087,-120.8279,1.7156
4.4988,25.2,5.587,1.4936,208,2.3367,40.2777,-124.1046,1.9785
15.0,28.1,5.2537,1.1706,575,2.1916,37.7961,-117.337,5.0
5.1236,4.4,8.6854,1.8844,3281,1.3807,36.9673,-120.1163,3.1145
10.5902,46.8,5.4679,1.1957,1475,3.0646,39.5414,-114.5531,4.5427
4.7347,47.4,6.3006,1.2562,1089,4.067,36.033,-117.2415,1.6548
6.3501,29.0,3.9984,0.8473,909,3.7073,36.5793,-118.1796,2.7249
4.3316,29.4,2.759,0.8,497,4.492,38.6971,-114.9416,1.9907
4.0461,3.9,4.2793,1.1087,163,2.3255,38.5761,-123.1385,2.1585
2.8075,31.5,9.874,2.1632,959,3.8508,41.7263,-116.2738,0.9028
5.8019,22.9,6.766,1.3839,100,1.8974,37.8471,-116.8371,2.4523
2.6888,37.2,6.0491,1.3358,513,3.7093,35.5494,-117.4309,1.0992
6.6816,3.4,3.5473,0.8424,663,4.6442,35.2307,-117.8002,2.7975
8.5949,37.3,7.3225,2.0327,465,3.4984,37.5732,-123.1941,4.3548
5.5841,15.6,2.7846,0.8,3779,4.6618,33.6358,-115.9525,1.8522
3.7744,34.2,2.3659,0.8,2863,2.4013,38.0869,-117.8309,1.1771
5.8848,33.0,4.3822,0.9573,1520,2.8658,36.2074,-116.3995,2.4562
3.724,12.6,9.409,2.1201,317,2.0843,35.844,-115.3011,1.4681
7.8564,23.5,9.2958,2.3063,3094,3.0348,34.3285,-118.8045,3.2786
1.4936,43.6,4.5975,1.1344,1091,3.2697,37.2064,-114.4527,0.5
3.6643,31.9,4.1516,1.1446,313,3.026,32.8575,-123.3534,2.5692
1.3573,4.5,2.2193,0.8,683,2.5259,38.2682,-124.4576,0.7818
1.8275,23.6,5.6561,1.3987,1432,2.5093,35.2127,-121.0356,1.778
10.1586,16.9,5.824,1.4215,412,3.3452,41.0982,-122.2262,5.0
7.6684,33.7,7.0791,1.2902,744,2.8407,37.5004,-118.6871,3.4314
2.9105,32.3,7.3214,1.714,857,1.8482,39.9156,-121.5569,1.3805
1.8194,1.5,5.1052,1.1291,276,1.1027,40.5863,-117.2746,0.8326
0.7568,32.0,6.6121,1.5474,536,2.4045,40.8503,-114.5741,0.5
3.2346,38.5,4.0987,1.0045,293,1.6177,40.771,-116.4228,1.7572
15.0,40.2,6.5741,1.8721,1333,2.1644,34.642,-120.0874,5.0
5.8178,4.0,4.4855,0.861,322,2.5767,35.3815,-114.1522,2.4558
3.2035,16.5,6.4189,1.4437,840,2.8539,39.2254,-116.4026,1.7305
5.9242,22.5,6.257,1.2667,219,2.334,37.6074,-115.9857,2.4212
1.7567,10.2,5.6376,1.0407,269,5.1912,38.2887,-122.3501,1.307
3.7494,22.5,7.0891,2.0222,258,1.7389,38.9384,-117.2876,1.7428
4.7573,4.6,2.3592,0.8,528,4.2092,33.5854,-123.7583,2.4152
4.256,6.8,3.3702,0.9018,768,2.8374,34.0989,-122.0293,2.461
7.2029,35.1,4.9599,1.1232,891,2.3425,38.5594,-124.3274,3.844
5.5112,14.4,2.6135,0.8,161,3.5876,38.441,-117.095,2.1065
6.6926,37.3,4.6863,1.2864,581,2.5471,40.2656,-124.2801,3.5906
2.9653,3.5,4.7507,0.867,365,2.193,39.0909,-119.7836,1.1786
7.6805,29.7,8.1194,1.7417,1020,4.7898,34.4729,-117.6869,3.4974
11.9098,21.0,5.7851,1.3485,537,1.0,33.1657,-121.2975,5.0
2.5041,41.6,7.5589,2.1359,623,2.7551,36.2147,-120.6436,1.7922
2.631,41.0,6.1033,1.3059,367,3.1901,36.0271,-115.3843,0.8868
9.9889,20.2,4.4287,0.9864,2643,4.408,39.7905,-115.0352,4.5051
3.9956,32.8,5.7674,1.4673,238,2.6016,38.8791,-115.4836,1.7258
10.4051,12.6,6.9589,1.553,483,5.661,40.7859,-116.6257,3.6003
3.4366,30.6,7.8868,2.237,725,3.7591,37.2905,-121.5859,1.7376
10.7298,5.1,5.2354,0.9521,544,1.0,35.2426,-123.7159,5.0
4.8496,23.2,2.205,0.8,361,1.5463,37.2904,-119.3687,2.0999
5.2328,10.3,2.0644,0.8,156,3.2369,34.5473,-114.7939,2.3449
11.4596,46.1,4.8472,0.9561,383,1.8561,33.075,-122.1546,5.0
3.6072,23.7,2.0,0.8,309,3.5478,37.247,-122.2997,2.2921
2.548,31.1,9.0902,1.7226,2549,2.5463,36.4292,-116.3137,0.5
3.4242,19.4,6.6939,1.2436,4071,1.804,32.8062,-118.2841,1.4761
5.8791,15.7,4.2287,1.0903,639,2.0354,39.3521,-120.2549,3.362
1.7516,11.3,3.2807,0.8,216,3.8519,38.6213,-115.442,0.6044
6.5698,47.5,7.5562,1.5504,1200,1.0,33.2011,-118.3835,2.8277
3.2438,41.8,3.2727,0.9116,303,4.0453,39.2452,-114.8372,0.993
8.9235,7.8,3.4635,0.8,429,4.0745,33.2868,-120.6344,4.7808
1.0655,39.1,3.9681,1.1306,402,2.6686,37.4177,-119.8372,0.5
2.7956,22.3,5.7282,1.0751,446,1.5956,38.4113,-123.7198,1.973
1.6292,1.8,6.7416,1.3657,501,3.5559,37.2404,-120.6393,1.2152
2.7299,27.9,7.8853,1.7027,233,2.5136,39.6004,-122.613,1.6838
5.1997,7.6,7.5899,1.7417,379,1.4849,36.1629,-124.1553,3.0748
4.0248,11.7,5.5015,1.0047,1504,4.9091,34.5231,-121.8145,2.1116
3.8496,36.5,7.541,1.5164,648,2.1156,37.1209,-119.3484,1.8602
4.0734,14.1,4.158,0.813,735,1.5278,35.7513,-121.9027,2.3393
5.0634,46.5,2.0,0.8,112,3.2851,33.9371,-123.3546,2.5961
2.447,34.5,4.1577,1.1733,1420,2.9322,36.9753,-119.7589,0.6588
6.849,43.4,3.8875,1.0771,384,4.4862,34.4136,-122.9476,2.9781
6.6699,32.4,4.236,1.0871,1635,2.6195,36.9678,-123.5971,3.1189
5.6464,45.3,3.5813,0.8,753,2.63,38.129,-114.4181,2.4442
6.2584,19.4,4.5778,0.9642,424,3.3352,39.9309,-119.5025,2.7412
5.354,29.0,6.74,1.624,174,3.1995,40.6051,-116.0756,1.9994
15.0,27.3,8.9305,1.6398,3789,3.23,38.8476,-122.7068,5.0
4.2535,47.1,2.0493,0.8,1265,3.272,40.9887,-119.6537,1.4215
3.7275,9.4,2.9245,0.8,1327,3.1646,37.799,-123.5558,1.9803
2.8516,30.5,3.9171,0.8779,2850,2.5835,39.2491,-120.1761,1.4362
2.4124,39.5,7.0315,1.621,796,3.8327,39.8184,-115.8228,0.736
2.124,19.9,5.0901,1.4334,1962,2.6401,40.336,-115.1261,0.651
2.6293,45.2,4.0518,0.8176,454,3.8044,39.6426,-119.0504,0.8777
4.2956,20.0,6.9335,1.3748,1200,4.3878,41.0729,-121.4928,2.0765
5.4771,9.8,7.4128,1.7914,402,2.3225,36.9921,-116.7986,2.1069
4.6213,30.8,5.4625,1.2048,444,5.4045,41.5581,-117.7913,1.8805
2.8311,22.4,3.8676,0.8206,719,2.2874,36.3027,-119.56,1.39
7.6915,1.8,6.0406,1.4262,241,2.2946,33.1668,-119.5087,3.6028
6.9842,4.6,5.0335,1.0639,866,3.54,34.2301,-119.3213,3.0667
4.0723,11.0,5.018,1.1487,518,3.4416,37.8035,-120.938,2.0955
3.0291,40.2,4.4752,0.8514,136,3.0718,32.6386,-119.0508,1.1166
6.228,46.5,7.35,1.4887,461,3.8183,33.9952,-123.8976,3.1266
5.0168,28.8,5.9998,1.6124,505,3.2526,36.0537,-118.5131,2.0587
1.8797,6.4,7.5714,1.4848,1316,5.0657,38.4308,-119.2899,0.8617
4.3026,28.3,8.1727,1.9575,836,2.9468,34.0727,-120.0841,2.1448
5.2447,44.6,6.418,1.1949,2117,2.1455,37.9612,-121.0981,2.0089
2.6122,39.2,4.487,0.9533,1008,2.4483,38.7999,-117.9713,1.132
5.0224,15.8,7.5807,2.1323,427,3.4713,39.7548,-119.4078,2.1831
1.8722,7.3,6.4313,1.2944,635,3.486,38.7745,-123.4412,1.3992
9.9913,46.9,10.7067,2.8464,503,3.2065,34.8758,-120.5682,4.5653
9.4761,44.6,6.1202,1.1647,983,2.1505,41.9749,-123.6967,4.2315
3.8516,3.7,6.8954,1.2777,698,4.1086,40.9384,-120.5187,2.1199
5.5738,43.0,6.0808,1.2434,402,4.937,36.0484,-118.9053,1.992
1.0555,6.0,5.3018,1.1612,670,3.0292,32.7773,-120.3942,0.8741
2.2394,4.2,4.9824,1.0592,962,4.8106,37.5227,-120.9129,0.9284
3.7574,39.7,6.0885,1.3972,297,3.8663,40.7193,-121.5479,2.3237
2.3554,28.4,6.5424,1.784,857,5.2187,40.3085,-120.4914,1.8436
6.8801,22.1,7.8088,1.4575,188,3.4726,41.0268,-123.7722,3.725
14.8556,47.1,6.1177,1.4712,1611,3.1366,41.7104,-114.064,5.0
2.2123,43.8,4.5742,1.1087,1014,3.8424,39.2738,-118.6689,1.1214
2.7116,3.9,4.8463,1.2482,2449,2.5664,34.0428,-117.8202,1.5208
5.1617,32.4,2.8541,0.8,272,3.4071,32.8459,-122.577,2.2743
11.7831,40.4,8.8224,1.6383,1647,4.3307,33.9384,-114.8043,5.0
2.1524,29.1,4.4177,1.0521,1406,3.8195,34.4104,-118.5028,0.651
5.204,51.1,7.4349,1.8495,575,2.969,33.0832,-120.1491,2.352
13.3669,36.0,6.0531,1.1844,492,3.2004,36.8078,-117.0113,5.0
1.6635,6.3,6.1075,1.4056,279,3.7577,39.9468,-121.3043,1.0218
2.0779,11.1,5.2651,0.9686,227,3.7244,32.5404,-114.6863,0.7992
3.4758,43.1,3.9244,0.8,365,3.7501,40.1345,-122.7222,1.9096
3.2794,51.8,3.5629,0.8,244,3.3394,41.2904,-115.7523,1.4894
7.2977,6.0,8.9569,2.434,2384,2.1755,33.9439,-114.3506,3.0211
5.181,6.1,5.7279,1.1679,200,2.3348,32.7028,-119.3367,2.4778
1.545,39.9,7.7505,1.4157,749,3.4612,37.054,-115.2951,0.5
6.1058,4.3,8.2698,1.9474,943,3.8315,40.751,-123.7486,3.2612
3.1692,4.5,4.6783,0.8889,885,3.7019,39.4999,-117.9838,1.5213
9.6279,46.3,6.347,1.4705,950,2.3248,32.8296,-120.7596,4.9044
3.0754,41.8,5.59,1.0271,1418,2.8488,38.896,-120.6747,1.656
3.0588,46.0,3.1856,0.8,466,1.8257,40.2686,-119.7712,1.198
6.2008,34.2,5.129,1.3889,713,1.6086,35.075,-118.2338,3.0273
7.0834,17.4,6.675,1.4973,526,3.0815,38.7074,-118.0319,2.8691
5.8642,47.2,4.5019,1.2507,1886,4.3582,37.1925,-121.5781,2.7694
1.6301,16.2,4.8503,1.1306,3568,3.0998,34.4535,-120.4686,1.5532
6.1893,15.1,5.1533,0.9667,256,4.9081,41.0643,-121.88,2.7426
2.4095,46.2,9.7231,2.4526,131,2.8359,34.6186,-117.8583,1.2693
5.1612,35.7,2.0,0.8,1049,3.0312,40.4845,-123.4286,3.1278
1.9074,46.7,6.5033,1.7577,1566,2.009,39.1657,-120.0525,1.4816
5.8579,9.0,4.9933,1.0339,3183,2.6528,34.5986,-114.2259,2.7816
2.7622,49.6,4.2187,0.8,1200,1.8101,39.2576,-114.1178,0.5558
2.076,32.2,4.9442,1.0283,2032,1.4547,32.747,-119.0614,0.5
6.8778,35.1,6.8348,1.2901,2510,1.8271,34.7446,-121.9017,3.5566
5.1809,47.6,6.949,1.2676,2147,3.0853,35.2113,-118.3733,1.8778
3.1007,20.4,5.872,1.2275,1346,2.2633,40.9473,-119.3712,1.4039
10.705,37.7,7.6855,1.5175,238,2.5001,41.1962,-124.0539,4.209
3.4405,33.7,8.0377,2.2553,661,3.4099,35.0744,-114.1145,1.4622
4.5689,41.2,7.1328,1.638,846,1.4512,37.0093,-121.0647,2.2878
5.2664,46.7,4.4076,1.0812,614,3.081,41.8254,-120.3076,2.4562
3.0901,35.7,6.4889,1.2604,645,3.8481,38.8268,-119.1076,1.584
5.9458,4.4,6.4984,1.3385,2330,3.9346,33.1623,-115.2561,2.436
3.2541,10.3,3.8687,0.8181,363,3.5166,36.2186,-116.1092,0.8739
3.5009,49.7,2.3611,0.8,1260,2.9478,36.5037,-122.3417,2.0425
10.1511,50.4,2.0,0.8,857,2.3763,35.4108,-116.9773,4.3591
2.4004,50.3,5.6397,1.0429,335,2.9176,37.4392,-115.3171,0.7346
1.0537,2.9,6.0961,1.6469,281,4.6535,39.4922,-117.0002,0.8666
11.7819,20.5,3.1364,0.8,171,3.2731,39.0693,-123.0386,5.0
15.0,39.7,7.5921,1.5948,981,2.8931,35.8397,-118.8416,5.0
3.5143,39.4,5.8044,1.3876,632,3.5637,39.4981,-115.6951,1.3729
1.402,5.4,8.1989,1.6853,344,3.0497,37.5737,-122.446,1.5873
3.7199,32.1,6.2411,1.2357,148,3.2258,39.8104,-118.8454,1.3516
3.7745,8.3,3.3673,0.8,940,2.7533,33.5819,-117.4697,1.2888
3.999,26.2,6.4166,1.6629,579,2.5851,36.3452,-117.8286,1.8085
2.2978,13.2,6.8402,1.7702,376,3.996,36.2492,-123.3807,1.5026
6.3454,3.7,4.4048,1.222,308,1.0497,35.8421,-121.5867,3.3534
6.1393,5.1,2.6158,0.8,550,3.4786,39.1313,-118.7026,2.4352
1.8282,47.5,5.7006,1.5101,969,2.5232,37.7927,-122.308,1.2976
6.8177,39.0,3.4983,0.8456,511,1.0948,36.166,-120.996,3.0297
15.0,48.5,7.7418,1.4943,257,2.0254,37.5949,-120.1417,5.0
4.9688,25.0,4.6856,0.8681,635,2.964,39.1917,-124.3569,2.4472
3.6605,22.1,8.9492,1.7397,1535,3.1015,38.9137,-119.1406,1.5994
4.1157,19.3,2.0,0.8,687,3.74,39.7264,-114.0551,1.4829
6.4828,32.4,5.7696,1.2445,703,3.808,40.589,-120.2132,2.8268
1.5866,18.9,8.3588,2.1806,513,1.4533,39.5242,-121.6199,1.028
4.9463,39.1,3.7194,0.8748,326,3.3775,34.2113,-121.8435,2.7361
3.5457,41.9,5.1816,1.1896,318,3.7285,40.5425,-119.0907,1.3159
13.5813,45.7,4.6939,0.8715,176,3.2189,35.6542,-119.7119,5.0
4.037,13.4,4.1325,0.8668,1711,3.5024,38.8268,-115.4492,1.8308
12.1914,27.9,5.9892,1.4842,963,1.0675,41.9142,-117.7879,5.0
2.3112,12.4,2.9092,0.8,711,2.0098,35.2991,-120.3142,1.8636
6.3748,2.9,5.2781,0.9767,843,4.366,35.067,-120.4497,2.7582
5.4284,37.1,6.532,1.8053,873,2.7203,34.2306,-118.7545,2.2699
2.6607,29.0,5.0698,0.9879,370,5.2231,41.8487,-121.8396,1.3523
4.985,37.9,3.4996,0.8896,513,1.7216,36.5559,-120.0601,1.9106
9.2768,5.5,7.5604,1.9863,455,4.5638,39.9467,-121.5071,4.2899
3.6904,51.8,6.9605,1.3139,4960,2.3893,32.9678,-119.0876,1.5896
1.6239,51.7,3.4176,0.9754,1504,3.8624,34.214,-118.7607,0.5
4.4347,24.7,2.9118,0.8,761,2.7046,33.1003,-115.6085,1.805
2.6079,45.2,3.5962,0.9787,1984,3.1157,40.2485,-121.8626,1.3018
3.6495,13.4,6.5905,1.3916,1793,3.5955,33.5123,-115.0004,1.7321
4.2676,38.6,6.0511,1.2761,220,2.3866,41.27,-118.8797,1.3876
1.6106,45.8,7.0802,1.3549,557,3.8011,38.8057,-116.8682,0.5
1.7,42.5,4.8477,0.9422,657,2.7341,41.1406,-118.0774,0.5
5.9849,42.4,3.6505,0.8,1085,3.178,36.3842,-115.7951,2.0125
3.2752,24.6,7.3377,1.722,556,1.0,37.4937,-117.537,1.1637
0.9619,42.8,4.3931,1.1462,615,2.6627,32.7619,-124.3837,1.1284
7.1772,36.2,5.8731,1.2309,460,4.2635,36.9261,-120.4021,3.2823
5.2773,7.8,2.4002,0.8,1539,3.6947,38.1118,-114.6472,2.3735
2.9203,6.8,4.3604,1.1927,210,3.8865,33.4556,-119.7597,1.2861
2.0338,40.4,7.5188,1.3895,473,3.0533,41.8217,-115.802,0.6191
7.4,32.9,4.0675,0.9851,152,4.6763,32.5417,-115.3759,2.6424
5.5268,27.5,7.129,2.0344,292,3.2884,35.0408,-121.0079,3.072
15.0,47.3,2.0,0.8,857,2.3399,38.3484,-115.4939,5.0
5.7668,34.6,4.3812,0.9414,870,3.8551,37.2276,-120.5369,2.5423
5.6555,21.2,5.1573,1.0385,518,3.9226,34.7724,-124.2337,2.7689
4.0546,22.1,8.9851,2.3612,1635,3.6296,41.8742,-117.2087,1.8439
7.316,31.9,3.1619,0.8,1965,2.5971,34.2943,-115.887,3.0222
6.5212,39.8,6.842,1.4284,629,3.2815,37.8993,-119.7581,2.5141
9.4976,29.8,7.6139,1.9025,813,4.3933,33.6009,-122.6792,4.3335
3.2779,26.9,4.057,0.8275,463,3.4775,33.0333,-118.0395,1.1088
3.4513,38.1,4.753,1.1981,1098,1.5222,37.1348,-116.7483,1.5187
3.362,37.0,5.7833,1.476,256,2.3712,40.1447,-117.6244,1.3803
7.2029,43.3,2.537,0.8,2798,2.3247,37.5475,-120.7642,3.7596
11.0124,4.2,4.5898,1.1294,1656,2.2457,35.2895,-120.6325,5.0
3.4031,39.5,8.0522,2.0163,255,1.0,32.6589,-118.7345,1.3879
3.4734,27.2,6.5453,1.3016,354,4.8906,41.4351,-122.4694,1.5104
5.4111,4.8,5.1865,1.1179,932,2.1237,34.5129,-115.6151,2.0735
3.8672,35.6,5.7261,1.4851,507,2.1961,37.9584,-123.4257,2.4058
7.9346,37.5,6.6618,1.4369,1028,1.0583,32.6475,-119.3912,3.0773
1.1606,27.7,7.0448,1.7831,499,3.8664,33.4234,-115.4759,0.5
2.7291,41.5,4.3872,1.0083,2253,2.9091,34.1166,-118.9411,0.9233
2.8026,16.3,8.5694,1.6241,670,2.6491,33.567,-116.51,0.8737
1.1138,11.3,8.1327,1.6468,4612,2.702,37.5422,-121.9844,0.5
2.5139,18.9,6.8545,1.4274,1077,3.5878,36.272,-119.8221,0.6374
2.5881,21.9,3.8141,0.9387,226,2.52,40.1122,-117.0129,0.5291
3.9723,36.5,3.4596,0.9228,3531,1.0111,33.6039,-115.1725,1.7716
8.7389,44.1,4.8468,0.9682,1602,1.7085,36.5951,-117.748,3.8087
3.8689,37.8,5.6215,1.2126,902,1.6565,36.5684,-121.951,1.7496
2.4145,9.9,2.0,0.8,1116,3.2753,34.6927,-122.9639,1.2542
4.3311,19.7,6.4894,1.1907,257,3.93,33.4116,-115.6638,2.0173
8.4107,9.1,8.0749,1.9241,157,4.4658,32.6013,-118.6826,3.6999
2.4953,36.0,6.6529,1.3041,643,1.3651,32.6789,-122.5693,1.3235
2.5952,13.7,4.1479,0.8982,2004,3.6203,36.2869,-119.4004,1.2622
6.2659,27.8,3.9112,0.9851,913,2.3849,33.0156,-123.1736,3.0181
3.9239,41.4,6.0997,1.6916,2611,5.9235,36.2483,-123.3957,2.1341
6.6094,35.2,5.1934,1.0975,1914,4.3836,36.6554,-114.8402,2.3952
4.4451,16.2,6.3861,1.5594,676,4.7019,36.7312,-118.7814,1.3724
6.8278,18.0,6.7034,1.3706,1715,3.8024,34.3207,-121.8864,2.7734
2.4084,34.3,7.6838,1.5677,2249,3.3819,37.2378,-115.2467,1.3596
4.4493,29.0,3.2358,0.8,624,2.5974,36.227,-114.0117,1.5752
3.9495,5.9,5.9432,1.2997,561,2.4007,41.9005,-115.2159,1.6974
2.1608,45.6,4.773,1.0042,744,2.1999,32.931,-116.6503,0.8331
1.754,27.1,5.3027,1.1951,100,3.6176,33.0118,-114.3983,0.5371
6.7629,25.1,7.2288,1.3757,832,4.5604,40.333,-122.4274,3.3459
3.6307,11.1,7.4463,2.039,1184,2.6432,35.0272,-115.2842,1.4726
2.4269,20.2,8.2969,1.5197,747,2.2777,34.246,-120.7332,1.6893
4.2304,18.0,6.3512,1.7806,876,1.5165,40.8076,-124.1615,2.1872
8.8181,14.8,5.28,1.3482,642,3.2447,37.5609,-124.16,4.1035
1.1406,29.9,4.9942,1.0158,135,4.2293,38.35,-122.5277,0.5
1.8258,24.6,2.0305,0.8,2515,4.2793,32.5756,-116.3154,0.5
2.5761,46.3,8.1795,2.0325,496,4.3784,34.9771,-115.0849,0.5
10.7694,49.0,4.8562,1.2753,406,3.4154,34.9624,-123.1564,5.0
5.3098,12.2,6.5118,1.3163,1971,3.0902,39.7285,-115.6235,2.17
7.1021,6.1,6.858,1.4723,1455,4.2823,36.1627,-116.5675,3.1866
2.2612,41.1,3.0094,0.8293,828,1.8899,37.9856,-123.9516,1.3741
2.2894,51.7,3.6533,0.8265,1231,2.5592,41.3531,-116.8204,0.7896
5.8632,45.0,8.594,2.194,264,4.7108,41.8544,-124.097,2.396
4.6412,2.2,6.0809,1.1188,623,1.9254,33.7096,-121.7429,2.3912
6.2292,13.8,4.3388,1.1677,1874,2.9655,37.7807,-118.9255,2.6979
4.0044,3.2,5.2473,1.1174,387,3.6313,39.1418,-114.9528,2.1997
5.2957,42.9,7.6725,1.7189,299,3.0827,39.9295,-123.3938,2.7362
4.9277,30.7,7.3686,1.5826,708,4.1494,41.241,-120.8428,2.8969
7.1468,27.2,2.5678,0.8,722,4.5257,39.4192,-118.4424,2.8705
7.2733,29.3,8.7686,2.0965,1117,3.4797,39.0544,-116.7278,2.8765
1.6957,13.9,7.4323,1.4872,221,4.3901,33.0139,-114.8884,0.7649
1.1637,31.7,5.195,1.1821,100,2.0713,37.6758,-119.5771,0.8078
8.1747,2.6,3.1166,0.8,1390,2.8425,38.1883,-115.6706,3.6167
9.1398,33.9,7.608,1.798,280,5.4052,39.1167,-118.0213,3.597
2.4294,38.5,6.4529,1.6319,408,4.9429,38.042,-122.3574,1.176
1.4683,35.3,2.5844,0.8,116,1.7231,36.3898,-118.4143,0.5238
4.7561,17.9,5.0358,1.3598,1508,2.9872,37.1308,-121.2049,3.0062
7.8342,43.1,11.7523,2.1688,880,3.1361,41.6895,-117.1118,3.4756
13.1781,37.5,5.533,1.0898,852,3.4165,35.6265,-121.5123,5.0
6.1091,7.5,4.0161,1.0066,848,4.274,39.9523,-121.7401,3.2183
3.5858,11.0,3.483,0.8,128,4.8392,38.2707,-114.5737,1.5495
2.6225,33.5,9.0442,1.8351,302,3.0374,36.7164,-114.9587,1.2005
4.5126,15.8,7.1955,1.7112,463,4.122,36.436,-119.7567,1.9303
3.7451,7.1,8.3149,1.8984,365,3.6482,37.6037,-116.4626,1.7931
2.4375,8.9,5.9964,1.2146,535,2.9789,40.098,-114.1883,1.0704
15.0,9.4,8.008,2.0248,810,1.3018,33.6604,-123.5694,5.0
13.0802,25.4,3.8034,0.8354,1488,4.0185,41.1512,-118.1353,5.0
8.8607,32.0,5.8252,1.4859,204,3.6052,39.8544,-121.8383,4.058
2.5792,10.0,6.0741,1.7324,660,3.3896,35.8158,-116.0998,1.0851
7.4858,37.3,8.2649,1.6934,1175,2.0187,32.5967,-123.4352,3.5237
6.5783,15.3,6.1377,1.2489,318,4.9591,33.4996,-116.2175,2.6214
5.8447,16.9,4.249,0.8,570,3.1525,33.8718,-122.3936,3.1192
9.4858,12.4,5.6281,1.4573,966,1.8586,33.484,-119.7118,4.1702
6.5615,41.0,2.1472,0.8,671,1.6977,33.4764,-115.9549,2.2755
6.9867,50.0,2.0,0.8,1141,3.6775,41.6214,-123.7916,3.5056
6.5676,26.1,7.1627,1.4956,717,3.7072,38.7554,-114.7542,2.8099
5.4985,3.1,4.7505,0.8755,518,2.537,40.2961,-122.2178,2.9321
1.537,14.3,4.9772,0.9068,260,3.4626,37.8467,-119.2424,0.649
4.7123,9.1,7.1619,1.4034,811,3.6676,38.3851,-116.787,1.8312
3.21,44.0,8.294,1.5084,721,3.1399,40.8695,-123.2033,1.6171
2.0794,5.3,6.569,1.3825,301,2.2987,34.9887,-118.1082,0.9457
12.2937,50.3,9.3561,2.0819,1060,3.9614,39.098,-119.0865,5.0
12.6467,31.0,6.5054,1.2193,1834,3.8376,41.0434,-118.3487,5.0
10.1303,27.4,6.1044,1.1826,392,3.5677,41.3948,-117.5438,4.1255
5.2233,44.2,5.9808,1.6076,372,2.1663,36.7185,-120.0834,2.6405
10.0782,2.4,2.929,0.8,361,1.669,40.6388,-121.3629,5.0
4.5142,40.6,7.412,1.8432,174,3.0765,37.2867,-122.5695,2.4715
5.0616,6.9,2.0,0.8,3306,3.9296,34.9499,-114.6398,2.3093
2.3255,43.9,4.3275,1.091,464,4.0404,34.8841,-120.2856,1.1231
5.6871,28.0,5.5459,1.35,335,3.5844,36.7918,-121.5366,3.0883
4.647,4.1,3.9205,0.864,270,2.5495,34.9499,-123.9483,2.8224
2.0512,43.5,4.5965,1.2585,488,2.1958,32.7848,-116.6123,0.5
4.3461,2.4,9.1788,1.6927,381,2.9831,33.5027,-118.9587,2.4722
4.2723,8.1,7.708,1.7197,2102,2.9926,40.5676,-122.4949,2.4265
13.1778,41.7,4.1283,1.0638,245,4.1073,40.8838,-115.1196,5.0
7.664,24.7,4.5609,1.1285,194,2.5203,40.7939,-114.6953,3.0146
4.5126,46.0,2.946,0.8,1034,2.6034,37.7603,-115.2529,1.8359
5.2032,33.4,6.91,1.4492,610,5.055,41.3846,-118.6098,2.0502
4.6022,32.8,5.0005,1.129,556,4.5512,37.2414,-120.5806,2.432
3.968,15.9,2.0,0.8,1041,2.1172,36.8942,-122.8002,2.3897
2.3409,7.8,5.7016,1.0755,742,4.4688,37.0066,-120.5389,1.235
4.0934,50.0,6.378,1.2642,641,1.8781,34.9141,-118.0722,1.7938
2.8643,6.3,7.4263,1.5044,216,2.5659,38.3283,-122.1212,1.5851
2.1166,28.0,5.3533,1.2189,175,2.6798,36.765,-119.6284,0.6204
6.0905,14.9,4.7547,0.8704,380,2.9224,41.7592,-118.4825,2.6864
5.6676,14.5,9.4725,1.9253,279,3.6198,34.1338,-116.8199,2.2579
1.5341,31.3,5.5132,1.2682,825,3.1065,33.2287,-123.5408,0.9564
4.1636,41.7,6.9391,1.28,158,3.6147,35.8358,-115.3965,1.2214
8.1451,40.6,4.4209,0.8355,465,2.5982,34.5477,-119.7112,3.4222
8.4616,45.3,6.8798,1.3815,579,3.3742,41.9231,-118.3897,3.2806
8.2937,15.9,2.5887,0.8,644,3.079,37.8065,-114.6267,3.527
4.5876,24.8,4.5759,1.0526,915,1.6117,35.9173,-122.7362,2.2893
2.6992,1.5,3.0835,0.8,512,3.483,38.606,-115.2129,1.0544
2.3391,39.1,4.2901,1.1048,390,3.0961,36.8046,-116.0535,1.0007
5.5111,16.4,8.0009,1.7057,1800,2.2861,34.4838,-114.0627,2.2151
5.627,29.6,4.2753,1.0084,515,2.5752,36.2479,-120.3731,2.8356
9.7026,9.6,6.9365,1.6536,2070,2.5997,35.2204,-123.1681,4.8111
8.671,42.8,8.5345,1.5815,513,2.7551,38.5571,-124.3512,4.2175
4.1399,42.7,5.4448,1.4218,657,4.759,40.2574,-116.1777,1.6038
2.1244,45.8,7.4875,1.4511,595,5.0903,34.9945,-123.0657,1.2027
3.7008,3.3,6.5622,1.6151,800,1.0,38.4026,-121.2869,2.054
5.1056,51.6,5.7329,1.6116,475,3.4882,39.2306,-114.1332,1.8796
3.9699,13.6,7.0006,1.955,718,3.955,36.0151,-119.858,1.5754
3.1685,16.8,9.1799,2.1063,2263,2.7839,37.1316,-122.0723,1.395
5.216,13.7,4.2255,0.9584,1539,3.9281,35.9088,-116.591,1.8839
3.3122,14.6,3.5816,0.865,1548,4.6542,36.0426,-121.6487,2.0809
3.0746,29.2,3.4642,0.8,227,1.6282,36.7391,-118.9243,1.265
5.4026,13.2,7.4889,1.6751,259,3.1338,35.3065,-122.848,2.8998
3.5212,21.1,7.7587,2.1267,792,4.9567,37.1391,-119.6613,1.5684
5.1886,34.4,4.4259,1.0548,1232,1.7622,39.6463,-123.3595,2.7242
5.28,43.6,2.0,0.8,439,2.8848,36.2458,-116.3825,1.9989
2.2622,36.3,4.1505,1.1447,381,2.5516,41.4817,-120.666,1.6183
3.3577,31.3,6.5957,1.684,2029,4.0519,34.571,-121.1526,1.8601
10.6192,8.5,5.3666,1.095,1151,4.1912,36.7703,-114.0652,4.8247
2.2317,42.6,5.8607,1.198,1551,3.1623,38.216,-115.7881,0.7192
1.2586,2.9,4.4533,0.8527,467,3.0322,37.661,-118.6838,0.5
1.4665,14.5,7.5282,1.5018,439,1.2809,41.4959,-114.5858,0.5343
4.5607,3.9,6.1864,1.3534,1421,4.423,35.5811,-122.2803,2.5584
4.5656,35.0,6.6729,1.6176,539,2.6468,36.0875,-118.4784,1.664
4.1763,19.8,5.8181,1.6568,408,2.8577,38.159,-114.7449,1.6852
9.2861,34.3,6.5487,1.3659,320,3.9716,38.1655,-118.5181,3.8555
0.9015,18.7,6.4171,1.5731,442,3.1976,39.9807,-121.2661,0.8965
5.6835,24.2,3.6439,0.9109,1340,4.0038,40.0479,-115.9776,2.4873
11.4371,24.4,6.2461,1.1462,199,3.6034,32.6033,-123.0425,4.8875
2.2781,3.3,7.083,1.8405,1100,3.2038,39.7599,-122.904,1.7789
3.5684,22.9,7.8103,2.1909,377,3.3104,39.3198,-116.8232,1.1805
2.8527,33.7,6.3322,1.1729,562,1.8772,38.0648,-123.772,1.2929
2.6206,28.8,3.5695,0.8681,592,2.851,35.5114,-123.9684,1.4739
3.6849,4.8,3.8774,0.9045,557,4.084,41.117,-120.5197,2.3432
10.5539,35.1,4.6297,1.2643,529,2.1014,39.5131,-120.322,4.283
13.4965,16.8,5.8789,1.3646,466,2.2847,34.9442,-119.5687,5.0
3.6636,1.7,5.2555,0.9653,421,2.1204,35.3996,-116.7223,1.589
14.0558,8.9,3.2525,0.8,1912,3.1534,39.2493,-118.527,5.0
4.5784,26.4,3.2406,0.8,679,4.4025,41.2177,-117.0077,1.8061
12.8355,16.8,2.0,0.8,601,3.5472,37.1601,-123.9761,5.0
4.2377,36.4,2.0,0.8,397,1.0,40.8524,-121.1851,2.4248
4.8483,13.3,5.2364,1.1088,480,3.6486,36.1301,-114.3527,1.6754
5.5805,40.4,10.1405,2.5295,398,2.5579,36.2541,-120.0085,3.4939
15.0,15.6,9.0936,2.3906,1227,3.5094,39.0164,-122.1638,5.0
7.4691,32.7,3.5435,0.8,364,2.8505,32.9801,-114.0831,3.1779
2.9319,41.8,5.7998,1.1071,110,2.1395,33.8198,-120.1812,1.6133
8.0157,20.7,2.5708,0.8,697,2.9285,39.42,-119.4728,3.3297
3.6071,3.4,2.8758,0.8,532,2.5585,34.7998,-122.1501,2.1167
3.3406,28.3,3.1051,0.8,416,3.3077,34.1633,-117.6083,1.31
7.7304,51.8,5.049,0.9944,1379,2.114,33.346,-122.3241,3.6143
4.5661,50.4,5.1351,0.9593,100,1.8752,34.6361,-118.0958,1.8566
5.297,12.3,6.0054,1.6932,2347,3.7321,34.8795,-116.5469,2.2816
4.5195,39.5,6.8264,1.5787,1546,4.1088,35.741,-117.6498,1.6823
5.4846,18.6,4.8262,1.2349,402,3.5801,41.4141,-123.551,2.8225
5.7833,9.2,5.5724,1.0144,464,2.3512,38.6239,-123.6624,2.7956
1.4019,35.0,3.3124,0.8,996,2.2599,39.0865,-115.6553,0.5
6.6855,26.5,2.811,0.8,1017,2.3175,33.7611,-115.0021,3.2709
2.4863,28.5,2.5021,0.8,401,3.8904,34.3303,-123.0756,1.6246
1.8863,43.2,6.7985,1.258,182,2.175,41.0374,-120.5577,1.4981
4.3273,18.2,4.8242,1.3557,3608,3.884,38.5259,-117.6323,1.6504
4.7133,35.0,2.0,0.8,1429,3.6369,40.1917,-115.7275,2.4177
2.9562,19.7,5.3738,1.1352,754,4.2377,35.8959,-114.9557,1.1026
7.3789,3.2,3.0024,0.8,766,4.0632,37.9835,-117.1638,3.4151
2.0031,20.3,8.8208,1.6746,1093,3.5427,37.271,-122.9515,1.2923
3.5108,49.5,4.3424,1.0588,1203,1.5313,34.4514,-116.4323,1.3814
3.1553,25.6,6.863,1.6029,125,3.6101,40.3353,-115.4802,1.1629
4.3581,6.5,7.6779,1.7412,502,3.1155,35.6707,-120.8113,2.1607
5.2979,36.1,3.5901,1.0102,462,2.6267,36.9354,-119.3114,2.3822
2.448,50.1,5.6521,1.0811,585,4.3622,33.7634,-122.753,1.0449
6.9211,47.3,6.6069,1.5822,1232,2.8487,38.5644,-121.3025,3.4839
4.6543,30.2,5.7311,1.4701,159,2.4706,40.0158,-115.3671,2.122
1.4403,20.2,6.2222,1.4409,226,4.1241,36.3987,-123.5671,1.159
1.3838,30.6,2.8407,0.8,386,2.5949,41.7923,-116.4946,0.5
4.4487,42.6,6.6081,1.2606,753,2.4205,34.947,-123.4748,1.9266
3.9252,44.9,4.5277,1.1519,1294,1.8728,40.7943,-121.4275,1.8721
4.212,42.8,6.1989,1.6121,2453,2.1798,39.3515,-118.3847,1.6587
4.4071,24.2,7.34,1.3624,529,2.2656,41.309,-124.4652,2.2767
5.1312,7.1,6.8376,1.4859,1293,3.621,39.5362,-117.4086,2.484
7.9137,30.0,6.1974,1.4646,1174,1.9809,37.2011,-121.18,4.0306
2.301,9.0,6.7843,1.7402,1026,1.1422,36.428,-116.64,0.9605
2.2185,4.1,6.8768,1.2525,652,3.3032,40.3793,-114.26,1.4793
2.3257,26.4,8.491,1.7194,483,2.366,40.4835,-120.1269,1.2445
5.33,34.4,5.4319,1.3801,284,2.9837,38.0946,-124.185,2.7015
9.459,44.6,5.8279,1.5826,269,4.2824,39.1702,-115.5866,3.6377
3.4598,40.9,7.3641,1.8889,878,3.0715,36.8971,-121.6169,1.4638
0.999,44.7,4.5192,1.1311,637,4.5096,34.5745,-122.9395,0.5
1.6122,39.8,2.8295,0.8,477,2.9319,32.9748,-115.2683,0.6959
2.7188,36.9,6.4865,1.6383,1132,4.007,38.7102,-122.0584,1.6802
3.2071,1.5,5.088,1.3628,567,2.4526,38.8575,-118.1445,1.1343
3.5077,32.9,3.0849,0.8,320,3.1077,38.82,-121.8332,1.6423
4.5866,7.1,6.5011,1.4536,537,2.067,37.8429,-117.0192,2.1857
3.7171,4.0,8.3623,1.896,1282,2.1858,35.7528,-117.6882,1.106
8.4115,9.0,2.2405,0.8,293,2.7753,34.7993,-119.1537,4.0715
2.9874,43.0,7.5446,1.8824,786,1.6715,33.1242,-118.6722,1.4123
2.6714,38.9,2.0,0.8,636,3.1594,33.9061,-122.1139,1.4374
5.9735,49.4,4.6994,0.884,362,2.6972,38.4688,-124.2698,3.1962
1.7836,50.9,9.181,1.694,526,3.2346,39.7967,-116.0926,0.5
5.6622,46.6,4.8434,1.2541,189,1.6868,41.1224,-115.1623,2.2615
4.7661,7.8,5.6799,1.423,726,3.7017,33.2972,-116.3324,2.2886
4.1022,45.8,7.0257,1.4798,223,4.6976,40.2332,-117.0668,1.4824
11.6228,43.8,2.0671,0.8,1569,4.4865,38.1755,-119.5448,5.0
3.0854,45.4,5.6442,1.5374,618,4.9039,35.3625,-118.369,1.3687
15.0,8.7,5.6284,1.5431,421,3.0424,39.395,-117.2379,5.0
3.9147,7.0,9.2246,1.9576,1683,2.6477,41.8989,-124.2246,2.2793
2.083,48.1,3.0285,0.8,291,3.4876,36.1045,-120.0515,1.3391
4.6737,9.9,4.7369,1.179,366,2.7618,38.4607,-122.1408,2.243
2.3496,19.8,3.6433,0.8,154,1.2596,34.9779,-120.6733,1.4559
2.8546,24.3,3.4312,0.8,1896,3.8193,34.4478,-116.6331,1.2115
5.6872,7.3,7.7548,2.1217,2976,2.7656,33.9167,-120.6844,3.074
6.2548,2.1,5.5533,1.2871,174,1.5326,32.8055,-116.7395,3.0646
3.0855,51.7,4.3889,1.207,346,2.4917,39.3762,-114.2958,1.1618
8.1047,45.7,4.4643,0.8375,703,2.7883,33.8866,-114.8045,3.3973
8.9756,47.5,4.3735,0.8772,440,3.0118,38.9246,-115.8089,4.1914
10.6098,15.5,4.5524,0.9342,649,3.0238,40.7613,-115.5436,4.3581
6.1574,12.2,2.9711,0.8,605,4.369,40.5427,-120.3637,3.3576
10.1559,22.7,4.9825,1.2241,922,1.7115,35.3402,-116.8184,4.7618
1.4499,24.1,4.7816,0.8909,308,2.8479,33.6819,-117.4964,0.6632
3.7034,1.3,3.9844,0.8,776,2.121,36.7091,-114.1796,1.4861
2.6639,40.7,5.8101,1.1669,272,4.2562,34.2222,-118.4636,0.9551
4.814,51.8,5.9798,1.3474,478,2.4385,36.0483,-119.9875,1.6838
3.1808,28.0,4.3867,1.2205,166,2.6562,37.9038,-115.7087,1.0813
4.0564,20.8,5.2117,1.4654,481,4.0497,38.6213,-116.6295,1.6143
13.8641,21.0,9.8172,2.5997,421,4.3248,34.5741,-123.189,5.0
4.0478,5.9,9.7409,2.0763,1415,4.4726,34.6593,-118.2391,1.5939
5.7447,14.6,3.3918,0.8,634,1.3569,40.7267,-118.2808,2.2106
3.8987,26.6,3.6711,0.8,734,3.4829,41.4764,-117.8679,1.6664
4.69,23.0,3.3812,0.8781,653,3.2701,38.6032,-114.6143,2.2907
4.4979,28.8,7.6141,1.8795,121,2.9488,37.7898,-118.1786,2.3716
5.865,44.3,4.7029,1.3034,135,3.0666,38.7517,-115.3648,2.0879
9.0177,12.5,5.9793,1.0915,515,4.2858,33.7219,-120.737,4.4167
12.0424,2.4,9.4939,1.8756,831,4.0386,41.0219,-123.8975,5.0
5.3966,2.9,5.4791,1.2281,551,3.8969,34.4817,-120.5602,3.2277
6.3836,7.8,6.9125,1.4862,333,3.2069,38.862,-118.907,2.7132
2.2467,30.1,6.5408,1.4144,549,5.2706,34.6087,-115.7501,0.9488
4.2515,42.2,4.3236,1.0785,512,2.5994,39.205,-117.8656,1.8105
7.8788,46.2,7.6183,1.9682,1240,1.384,39.6576,-119.8569,2.9388
7.5352,33.4,3.8006,0.9283,1186,2.7348,39.5399,-119.6503,3.1933
5.0884,21.6,8.1798,2.0479,427,3.0577,36.5726,-114.0351,1.8348
7.6281,8.9,4.3251,0.9372,639,4.3032,38.2668,-123.0159,3.5751
6.0162,21.5,4.5441,1.1039,830,2.489,38.1809,-122.3421,2.9009
9.209,18.0,3.323,0.8,934,3.4912,39.343,-117.9345,4.138
5.3314,45.4,3.6515,0.8,2495,1.5228,37.2405,-117.1352,2.1917
3.6204,25.8,4.6465,1.018,650,4.0814,37.3193,-120.3527,2.0637
5.4822,12.5,2.0,0.8,1694,3.0683,39.0019,-124.1626,3.264
0.7723,15.7,5.0333,1.2144,263,2.7194,34.1164,-119.0189,0.5
5.6391,8.0,4.4841,0.9399,399,5.1317,38.6986,-122.9842,2.7686
0.5021,47.8,7.08,2.0228,120,4.0699,33.9082,-123.9115,0.7151
1.5935,3.6,6.346,1.2759,751,1.9602,39.3859,-120.88,1.1782
5.8771,1.7,4.0847,0.9067,1117,2.8906,36.1947,-123.0756,3.1097
5.9686,10.3,4.5829,1.1701,100,5.7363,40.476,-119.8905,2.185
2.2312,42.4,5.0308,1.4361,773,4.9788,33.3399,-116.5022,0.8089
2.9234,27.7,8.4719,1.7241,1079,3.923,36.875,-124.006,2.1272
10.1994,32.9,3.8554,0.8,1030,1.153,34.0886,-119.2511,4.4459
3.3521,19.2,4.0605,0.8405,256,4.3322,40.7542,-119.2817,0.9457
15.0,4.5,3.2428,0.8,1235,2.3648,33.6899,-124.4814,5.0
4.4765,44.7,2.5359,0.8,670,4.3235,37.1094,-116.7484,2.0463
5.7249,10.8,6.114,1.3169,1067,2.2773,33.4999,-123.5578,2.6835
11.8239,2.7,5.9058,1.4847,601,3.4888,40.0783,-114.7134,5.0
4.8482,30.2,8.0655,1.7775,902,2.3597,35.1794,-117.7867,2.0496
2.4561,5.2,7.5828,1.6742,1615,2.6367,38.1436,-121.4779,1.9279
4.1961,5.9,10.2942,1.9999,565,3.6222,34.1164,-114.7845,1.6613
4.3869,41.8,5.3523,1.2256,835,1.6811,35.8403,-120.2952,2.4312
1.9762,26.1,4.9789,1.1388,1808,5.3724,33.5801,-121.7673,1.4786
3.844,13.3,2.8995,0.8,598,1.9728,37.7329,-120.4627,1.7377
2.8711,18.8,6.8932,1.3033,270,1.9168,32.5328,-118.0783,0.8761
7.8038,38.2,5.7371,1.4398,1142,3.6251,41.9342,-116.9022,3.2278
4.5757,4.4,6.8025,1.2785,2096,4.2919,36.4546,-117.5509,2.1541
3.7823,6.9,3.2218,0.8532,1865,2.6763,38.4797,-114.827,1.6771
4.2051,32.4,6.2032,1.1914,1178,1.9285,35.2244,-114.4602,2.0109
5.1237,32.0,5.9104,1.5286,102,2.0776,34.9059,-122.4308,2.4742
6.4889,50.6,5.7781,1.3279,400,1.97,40.5383,-114.9183,2.7794
2.46,20.1,4.1335,0.8,417,3.3082,39.7027,-123.3798,0.9035
2.399,4.3,7.8786,2.1328,689,2.93,38.6113,-114.4526,1.3382
8.6955,28.4,9.6006,1.8536,2567,3.4258,39.6469,-121.7769,4.5924
3.4994,33.6,3.2793,0.8,280,3.3649,34.1655,-121.7092,2.0206
1.9153,8.1,6.9409,1.8648,3999,3.8243,41.3739,-120.0738,0.6269
5.8491,29.2,2.0,0.8,490,2.5901,36.8201,-122.5917,2.8872
5.9181,11.1,6.8372,1.4868,360,2.2618,40.7528,-115.809,2.8672
1.7888,44.1,2.0,0.8,1308,3.1563,39.4925,-123.1903,1.3524
5.1433,43.6,4.4501,0.8495,1393,2.945,35.2163,-119.8875,2.5183
6.9682,22.9,2.874,0.8143,1119,3.253,37.9085,-114.9749,2.8579
5.6105,50.3,5.0688,1.2579,359,2.2883,41.6831,-117.8284,2.7847
6.5482,51.0,7.1776,1.7197,994,3.6422,32.8523,-118.1248,2.1401
1.9298,7.6,2.0,0.8,291,1.8216,36.5516,-114.0562,0.6006
5.4664,19.8,4.781,1.3121,351,2.5596,38.3951,-124.2632,2.5463
3.7375,31.6,4.4733,1.0457,617,4.129,35.729,-121.1422,2.3208
3.3546,5.3,8.6621,1.6888,345,1.8687,35.5202,-123.1873,1.8948
7.5559,20.5,6.3635,1.6544,1544,4.0502,39.6126,-122.5619,3.7939
10.8869,14.3,3.1456,0.8,419,1.5909,41.2051,-122.232,5.0
13.1526,49.6,4.5574,1.0309,558,1.4148,37.6075,-117.9177,5.0
9.8639,22.0,8.6122,2.3651,329,1.5061,41.508,-121.6429,5.0
4.1961,39.9,6.9287,1.7975,1526,3.1168,33.4621,-117.5261,1.3921
5.538,20.7,3.6635,0.9687,390,3.7296,34.661,-116.7503,2.4293
7.1,7.7,4.9659,1.0478,1658,4.2926,33.3333,-120.2799,3.649
4.8197,45.0,5.0298,1.3688,1564,4.2129,36.6376,-118.8686,2.036
4.8475,1.0,4.424,0.8597,466,3.8627,38.4538,-123.113,2.8889
7.3467,3.9,2.0796,0.8,681,2.1682,34.4045,-116.5973,3.1471
4.3251,19.6,4.1448,1.1324,455,2.1595,36.7611,-120.0993,2.7968
2.8934,36.0,8.2784,1.5689,1029,3.7878,39.0017,-115.7363,1.1077
3.4949,18.4,4.7377,0.8744,569,4.4213,38.5751,-118.9747,1.4905
6.5558,4.4,5.2935,1.4758,476,1.9689,38.4782,-117.184,2.5714
4.4897,17.2,5.7811,1.0704,690,4.294,38.2573,-120.7349,2.386
5.4966,13.5,9.9363,2.448,188,1.0797,41.8728,-120.5964,2.9113
6.6996,1.3,5.5177,1.1425,626,3.3899,39.2823,-119.9167,3.2463
3.579,28.3,7.6879,1.997,1118,2.8962,41.1229,-117.8216,1.3519
7.0551,6.9,4.3036,0.8381,743,2.7958,41.5414,-119.1814,3.2242
5.6255,15.7,4.9812,0.9609,1424,3.0313,40.6669,-116.0551,2.3635
2.1364,33.7,5.5251,1.0125,492,2.1463,33.4041,-123.9246,1.1769
10.6481,38.0,3.9517,0.8,461,3.4461,37.5278,-115.0443,4.1564
3.3186,14.4,5.0926,1.3946,272,3.0607,36.1244,-114.7766,0.8715
1.6602,17.8,7.2761,1.5108,481,3.9353,33.4222,-121.9372,1.255
2.394,13.6,3.8993,0.9637,3206,4.5904,37.86,-123.4418,1.285
2.4287,49.8,5.5002,1.4663,829,3.1269,34.5218,-118.4955,0.5871
4.6242,10.7,6.9175,1.8215,416,2.1813,38.0265,-123.8262,2.8009
3.8026,10.3,3.8511,0.8,297,1.8621,40.2652,-122.088,2.5497
3.6616,23.7,7.6908,1.5801,185,4.6983,36.2415,-119.1706,1.7782
6.5001,10.7,5.6458,1.5679,342,4.5704,41.5234,-118.055,2.7203
5.4955,9.0,5.1698,0.9454,1221,3.8874,39.7815,-122.4598,2.6523
5.4175,5.9,2.0,0.8,473,3.0599,40.1407,-114.7063,2.4528
5.731,33.6,4.7528,1.154,309,3.8152,33.5668,-122.5961,2.774
6.4862,32.2,6.2432,1.4056,337,4.3045,41.4478,-122.8866,3.34
1.2652,34.2,8.9907,1.8151,1118,2.382,32.828,-122.7956,0.9571
3.6015,40.4,6.6358,1.3676,623,3.0298,40.517,-114.74,1.399
1.2115,17.6,7.7524,1.7515,403,1.8938,32.7817,-115.2729,0.5
4.5797,47.8,3.0818,0.8,520,2.8709,34.0433,-124.1531,2.3862
4.4692,38.4,5.2464,1.4628,3884,4.5443,35.4958,-116.8705,1.1186
8.3923,42.0,7.9415,1.7643,1765,4.0785,39.5087,-123.7284,3.8734
9.1393,37.8,3.7245,0.8909,2154,3.135,41.0445,-123.7092,4.0514
5.0615,19.3,7.4304,1.8256,164,1.0,38.8317,-123.7018,2.7004
3.3194,15.4,6.9666,1.7247,589,2.3442,39.4138,-115.789,1.1376
5.996,22.5,6.0494,1.2609,397,3.1024,35.2528,-120.0119,3.1559
3.265,5.9,4.8426,1.1111,1028,2.7841,41.7661,-118.6512,1.3791
4.4779,24.0,3.5274,0.8106,1553,3.0328,36.3735,-124.1765,2.2423
8.0985,3.2,9.0508,2.3703,864,3.2426,41.1727,-115.0406,3.6551
3.207,1.2,6.7637,1.2471,331,2.4663,39.9029,-114.1888,1.1649
7.2675,48.5,6.1812,1.5657,392,2.9925,35.989,-122.0306,3.5914
6.7291,36.2,4.6743,1.084,1093,2.8506,35.7598,-117.6066,2.9635
2.5272,29.7,5.5757,1.4369,1183,2.2968,38.9551,-117.3726,0.8225
8.0393,18.4,5.8294,1.1882,745,4.8463,41.4345,-114.3541,3.0956
6.8151,30.1,6.2998,1.4408,738,2.5235,38.8873,-119.4205,2.7772
4.7643,46.5,6.9687,1.6104,692,1.0,40.6456,-122.0019,2.6088
2.8366,34.3,3.9351,0.8,825,4.7833,41.6797,-120.717,1.4373
2.6764,31.7,2.5668,0.8,1179,2.1537,35.635,-117.7841,0.8761
3.2459,24.5,5.6686,1.2487,1101,3.8999,37.6157,-119.5389,1.0653
6.2062,18.6,2.0056,0.8,678,2.3191,38.2865,-123.6662,3.2526
2.526,36.6,4.8527,0.8954,640,3.5693,34.5632,-116.0227,0.802
5.827,51.0,4.4816,0.8279,620,2.9519,40.0767,-115.4252,2.4283
2.1275,22.7,6.4835,1.3206,356,4.0003,34.9867,-119.4775,0.7264
3.9652,21.0,9.4652,1.8854,353,2.7863,39.2153,-119.0036,1.7373
4.7864,22.8,2.0,0.8,1028,2.3447,37.4763,-119.3385,2.0235
15.0,22.7,10.0484,1.851,376,3.257,40.4484,-118.9377,5.0
1.9613,51.5,5.0338,1.3737,1276,2.6175,37.3598,-123.4225,1.3314
10.8396,37.0,6.1956,1.1276,638,1.0708,38.0733,-119.9469,4.0397
4.9033,19.3,2.6703,0.8,1281,2.3985,34.2202,-119.7973,1.9409
5.7357,19.9,7.4937,1.5994,1107,5.8688,40.1778,-114.024,2.1251
4.8115,23.0,5.5829,1.2905,1306,1.1786,36.3202,-123.9891,2.7235
5.8523,2.9,5.3771,1.2886,454,3.241,38.0076,-121.2225,2.7206
4.0869,27.9,2.0,0.8,923,2.7571,40.5376,-119.292,1.7428
10.7234,42.4,5.6476,1.1744,1200,4.8364,37.0542,-115.604,4.6407
3.408,34.7,7.1917,1.8433,192,1.889,35.1074,-119.657,1.0119
8.8405,11.1,5.0274,1.0652,2595,3.1013,35.0214,-121.4444,4.4421
3.0446,38.1,7.8484,2.075,4076,3.6862,37.8801,-118.8797,0.7758
4.3226,37.7,7.7658,1.7281,1419,2.8207,35.2664,-121.3812,2.5342
2.3557,14.4,4.2178,0.9038,1267,2.2324,35.7162,-118.7426,0.808
5.8886,32.8,8.6902,1.8213,1065,2.9778,34.7306,-117.2565,2.2384
10.6662,32.2,5.5906,1.4749,514,2.6905,36.7397,-118.9268,4.1537
4.2784,43.8,5.5995,1.517,609,2.6877,36.9278,-118.0988,1.6373
3.9823,7.9,5.698,1.4183,1439,3.9307,37.4962,-124.0935,1.6589
2.2961,10.9,5.6386,1.1961,305,3.4029,38.1321,-117.5826,0.5
3.9057,25.8,2.0,0.8,285,3.5518,38.0851,-114.3184,1.5393
1.7234,3.3,5.129,1.014,484,3.3303,35.9889,-119.3377,0.8794
2.5916,22.2,2.7721,0.8,1124,3.9599,41.0565,-116.0716,1.0002
5.135,41.2,8.7527,2.1038,333,4.3043,37.3607,-118.7365,1.643
9.8889,8.6,8.6722,2.3291,555,2.7133,40.4051,-117.108,4.3152
15.0,24.5,7.2039,1.3634,611,3.8195,37.7951,-121.2459,5.0
3.152,51.5,5.0231,1.1158,296,1.7038,36.0208,-114.3479,1.1334
10.6035,26.8,3.484,0.9414,100,1.0,39.5172,-122.241,5.0
5.1875,26.4,4.1848,0.9157,293,4.8264,34.1811,-122.8295,2.6517
4.0929,29.5,9.3853,1.9348,820,2.6666,41.712,-124.022,2.0508
5.8099,10.5,4.1156,0.9942,981,3.2525,37.9369,-118.8175,2.2779
4.6513,8.5,2.0,0.8,988,1.7748,33.4896,-118.0015,2.1393
4.7886,35.5,7.5603,1.5939,1083,1.7287,36.5029,-117.68,2.1555
3.5078,21.2,8.501,2.3745,403,2.2871,39.2691,-122.6916,1.9495
1.937,15.8,8.8184,2.02,340,3.6429,33.147,-117.6599,0.8856
1.775,2.6,7.5767,1.4713,898,2.4835,34.9831,-122.7664,0.6791
6.6323,44.1,7.903,1.4375,561,2.6642,41.2816,-116.5726,2.6952
3.7961,2.6,5.6059,1.3219,1374,2.2555,35.8839,-121.6099,1.8524
3.1341,39.2,2.0,0.8,902,4.1658,34.012,-120.0685,1.5638
4.5046,20.5,5.5558,1.2385,1858,3.8685,33.4346,-120.6441,2.2414
7.2208,31.5,6.7431,1.6639,458,2.5159,38.3811,-120.6389,3.2422
4.9939,13.6,5.2295,0.9894,1562,3.6841,37.8023,-116.9301,2.2053
3.0234,8.9,5.1383,1.0437,3387,2.7548,38.6535,-114.0234,1.2086
9.3537,28.2,3.5718,0.829,694,2.6625,41.6013,-118.963,3.8458
11.5595,36.5,3.4965,0.8,992,2.9503,33.0711,-120.2891,5.0
6.0299,11.0,9.1763,2.194,316,3.6432,34.3779,-121.4162,2.833
8.0381,23.3,9.2487,2.0356,1360,2.1078,34.7213,-117.943,3.6357
9.4421,23.7,5.4947,1.0279,1641,3.5024,36.5573,-119.7626,3.4612
8.8292,12.0,6.063,1.5545,448,5.4978,33.6498,-116.3852,3.5219
6.4783,29.8,3.5383,0.8575,1063,3.1831,36.3938,-118.1298,2.6454
6.4174,8.4,6.7851,1.2872,832,3.0357,40.2538,-120.1748,3.3412
6.1214,27.0,9.0193,2.0388,909,2.9158,34.0547,-114.4934,2.6328
2.3201,6.8,2.4415,0.8,1274,3.4782,41.2075,-124.3817,1.5307
6.8239,25.8,6.4278,1.7982,1007,1.3896,41.1569,-117.2604,3.314
1.9868,16.9,6.578,1.5164,595,4.7011,37.3734,-120.1867,1.659
2.7822,24.1,6.5552,1.4563,1295,3.9812,40.6715,-123.223,1.7693
9.7976,23.1,8.7856,2.0372,1619,2.3555,39.2593,-123.5267,4.9918
7.4197,47.3,9.572,2.3606,427,3.0315,35.889,-117.6822,3.0347
10.9401,26.0,5.033,1.1875,664,2.4427,37.8366,-122.9484,5.0
3.8076,42.7,6.8463,1.4308,162,3.2992,33.6079,-115.5112,1.5262
2.2449,12.5,5.6685,1.0731,1061,3.0614,37.2097,-121.2353,1.8029
3.8796,19.0,4.2358,0.8826,1770,3.2286,40.3848,-120.8896,1.3314
4.7646,4.8,6.0416,1.2607,541,1.9717,38.0598,-117.5687,2.0321
4.6992,22.5,6.843,1.3329,740,2.5185,36.1293,-122.1883,2.7841
8.8481,35.1,5.9339,1.5492,558,4.1461,38.8038,-124.4261,4.3808
3.6083,43.7,3.7376,0.9111,489,2.4662,41.7801,-119.8188,1.4588
5.5357,29.9,4.5729,1.2698,801,1.0,33.1411,-118.9573,1.958
2.4764,33.6,4.5882,1.0926,355,2.8494,35.6385,-119.8181,1.0496
5.872,10.0,3.8151,0.8,551,5.4115,33.9814,-119.6911,2.6145
4.4901,2.9,6.1271,1.4733,323,3.8489,41.591,-117.5097,1.9155
2.858,41.4,6.3362,1.2139,1066,2.4159,37.6861,-115.6203,0.8866
3.8904,9.5,7.459,2.0316,805,2.9494,33.7319,-120.6622,2.2697
4.0128,5.6,3.7848,0.8564,471,3.6799,38.3156,-116.204,1.37
3.8111,48.8,4.345,1.0338,685,1.2437,37.254,-123.8418,1.9077
12.9721,50.1,8.6091,2.2057,557,2.1439,33.0635,-119.4573,5.0
4.2246,32.4,5.171,1.2181,1661,3.3983,40.7129,-120.5504,2.3533
3.8716,20.3,5.5603,1.1578,467,4.5945,39.2374,-119.6076,1.2901
1.2732,43.5,5.1498,1.1493,1105,2.5607,32.5498,-123.5395,0.5
2.6208,11.4,7.7661,1.4967,378,4.567,41.6169,-123.0423,1.1209
3.8273,22.9,7.8436,1.4772,1276,2.2457,34.013,-121.4185,1.9977
2.9698,19.2,7.7264,1.7309,1525,1.0,32.5025,-121.6279,1.689
10.2679,47.5,5.5531,1.0164,1584,3.7438,36.5591,-120.4565,5.0
4.0594,47.9,3.7551,1.0305,2158,3.5404,33.8374,-119.6988,1.3719
9.7091,34.2,9.3504,2.3072,840,3.7362,37.9164,-122.1777,4.9371
4.6507,6.6,7.2126,1.6644,1791,3.6971,35.4586,-117.9982,1.7533
4.5829,25.6,4.5867,0.9831,2439,3.1918,34.2592,-120.5539,2.6391
4.2492,13.5,8.3476,1.8179,271,2.7412,41.8608,-123.8686,2.6945
4.4919,46.1,4.4288,0.9553,411,2.7793,35.6609,-121.9412,1.768
12.5695,8.1,8.3214,1.5723,201,2.5396,36.44,-118.6185,5.0
1.1143,3.8,8.4566,2.0854,1555,2.5996,35.2953,-118.1278,0.5
1.3486,36.9,3.657,0.8,199,1.189,40.4514,-116.1036,0.5
3.2352,24.1,6.6635,1.4436,160,1.7857,34.3694,-121.9225,1.9911
4.5209,43.8,7.0644,1.5765,276,2.8366,33.7127,-118.5967,1.6248
6.7806,4.8,10.7298,2.6178,166,1.0,40.8738,-119.5009,3.2466
5.9527,41.9,4.0154,0.9774,827,1.0,34.2419,-115.5906,2.6146
3.5589,2.9,8.3651,1.9558,279,2.6657,40.6504,-116.8351,1.4965
8.26,2.4,5.5347,1.101,172,2.8717,37.9927,-123.1142,4.4722
8.3155,24.5,3.0173,0.8,643,2.6866,40.322,-114.4329,3.1492
5.005,12.3,5.26,1.3814,674,1.0,33.1665,-120.7702,2.6435
7.9852,31.3,5.5049,1.0967,149,4.5524,41.6544,-114.4768,3.0911
5.2782,2.3,3.3822,0.8,376,1.5638,35.3477,-121.5052,2.746
3.1999,2.8,6.1243,1.1345,627,2.1818,33.057,-119.5761,1.2513
6.812,38.1,7.4156,1.6267,500,1.7382,39.7664,-118.7201,2.9005
4.7892,11.7,5.9764,1.2428,511,4.299,34.1953,-123.8323,2.4444
4.4853,34.5,4.4163,0.9905,1709,3.4214,35.8356,-116.9855,1.7794
10.8457,39.2,5.2031,1.0702,3704,2.5268,38.1492,-123.4005,5.0
1.0299,4.0,5.4909,1.2559,518,2.4563,33.1519,-122.7763,0.8482
1.9144,40.3,5.9346,1.5718,231,3.1796,34.4184,-121.4525,0.979
2.1985,14.7,7.7197,1.4104,551,1.7534,37.1462,-114.4122,1.032
3.604,20.9,6.0439,1.2233,777,3.3807,36.5081,-114.2823,1.0395
3.8468,5.4,2.6946,0.8,637,2.4514,37.7969,-119.3622,0.9098
1.8141,43.8,4.3754,0.9804,1084,3.5196,39.422,-118.9001,0.9934
2.4816,29.6,5.832,1.1847,3903,3.4857,35.8534,-122.2756,1.4247
2.6738,26.7,7.7482,2.0642,169,2.4064,36.3419,-120.1106,1.4736
15.0,50.4,8.0957,1.9497,443,1.0,35.0876,-114.1636,5.0
13.2109,18.1,9.0494,2.4136,2282,2.7532,35.7271,-116.1967,5.0
3.5007,46.4,5.7612,1.5355,438,1.5505,32.9848,-117.1773,1.4098
3.6033,37.7,7.0266,1.9834,1251,3.0786,38.0112,-121.5766,1.9148
2.249,48.4,2.5911,0.8,1102,2.7434,34.1414,-116.4879,0.5
1.4264,47.3,6.3598,1.6082,1789,2.412,39.3047,-114.3512,0.5
4.1782,51.5,3.3495,0.8,3074,1.7044,32.9008,-114.1265,1.7078
2.4628,7.7,5.3749,1.0124,868,4.1868,33.0688,-118.2022,0.9707
4.2592,41.6,11.5597,3.0126,165,2.5463,35.2045,-122.8123,2.1803
1.7158,42.0,6.1071,1.2419,380,5.3534,36.6648,-114.3773,0.5753
2.8372,33.9,3.7724,0.8534,3823,3.0349,39.0893,-118.8155,0.9925
4.8997,15.2,6.3156,1.1832,215,3.3516,39.0757,-124.0974,2.8494
5.583,50.2,4.4658,0.9993,990,3.0392,41.7471,-123.6443,2.6886
5.7574,11.4,3.5785,0.8405,100,3.3416,35.8406,-118.4388,2.5803
2.0293,26.5,9.7063,2.3737,226,4.0927,33.0638,-115.7294,0.8628
7.4843,27.6,7.6336,1.4383,1352,4.1042,40.682,-114.614,2.7036
2.7728,9.3,6.1911,1.5664,685,1.2334,39.4411,-114.5834,1.3089
6.5516,37.8,4.7164,0.9148,492,3.8555,33.1472,-118.4245,2.4818
4.4532,5.5,4.8784,1.2546,347,3.4971,33.2917,-114.1952,1.5938
1.9624,36.3,8.585,1.7935,135,3.0359,37.028,-122.9292,1.0317
3.7072,44.3,6.1132,1.3887,1158,4.7126,35.7456,-123.506,1.6933
5.5802,18.8,2.0,0.8,530,4.7528,38.1655,-124.1821,2.4301
6.4739,37.2,10.3419,2.7565,197,3.9046,34.582,-116.3716,2.6588
4.1182,9.0,5.8661,1.4438,681,2.4565,41.6137,-114.8757,1.6869
11.2354,44.1,6.1867,1.2292,1059,1.8075,37.3653,-115.6817,5.0
8.2031,49.6,7.6734,1.5477,566,3.7544,39.6318,-114.6338,3.2084
3.8421,8.8,6.4308,1.6446,730,4.3595,33.695,-118.7453,1.8247
7.0292,36.3,6.9938,1.5708,686,1.0,38.3608,-116.4881,3.1207
14.3002,26.8,4.6526,1.2595,378,4.0863,40.7192,-120.9645,5.0
14.5311,28.1,3.0404,0.8,695,2.7451,32.7184,-116.4509,5.0
2.1451,37.0,6.0605,1.1915,1198,1.191,37.6299,-116.593,1.2868
2.5704,25.9,8.3632,1.5818,1522,3.4694,34.8442,-119.9262,0.8938
10.9239,31.6,4.2044,0.8,1252,3.9094,37.0447,-124.0405,4.9195
2.3751,12.8,4.044,0.9684,388,2.6487,40.252,-121.7042,1.5357
2.0268,20.3,7.942,1.981,1107,1.9426,39.0557,-115.2056,0.5
3.3477,45.1,4.5855,0.8663,965,4.7121,39.6677,-118.3337,0.8018
5.7669,6.6,4.6789,1.2339,377,2.3314,34.511,-120.2465,3.2908
4.2146,31.5,4.7537,1.3137,459,4.1595,40.4089,-114.5523,1.7437
3.0333,10.4,5.37,1.3007,1146,1.4869,38.3329,-120.6524,1.7309
2.9906,44.2,2.3527,0.8,2001,3.416,33.1584,-121.0551,2.179
2.923,30.5,4.4213,0.9045,156,3.3875,40.6957,-116.4098,0.7137
2.644,21.6,5.9607,1.0889,2470,3.8734,33.0297,-120.7693,1.8248
15.0,13.7,5.9465,1.4094,1688,4.493,32.7733,-119.8146,5.0
5.3575,23.3,7.816,1.9291,780,2.1864,40.4206,-116.9142,2.7163
7.6298,49.8,9.1788,2.1565,549,3.5208,32.6237,-119.9837,2.9987
3.3419,27.0,8.525,1.6833,909,1.6334,33.3401,-121.116,1.6575
4.0085,24.9,7.3293,1.8656,398,1.6221,32.6611,-124.3384,1.7612
2.9208,39.1,5.2025,0.9642,577,2.4217,40.8626,-115.464,1.5993
0.913,20.3,4.2539,0.9401,204,3.4093,32.9246,-118.9696,0.5
1.9605,22.8,5.5358,1.0927,165,4.6769,36.0405,-115.561,0.7215
1.5123,18.2,6.6712,1.2942,4298,4.8589,34.5614,-118.0127,0.5
1.162,8.7,7.1439,1.6026,700,2.6451,35.7458,-122.393,1.0361
2.1876,37.4,6.7462,1.3539,783,3.3055,35.2606,-120.6868,0.7554
9.9242,45.5,5.2576,1.2431,649,3.943,40.9348,-120.1188,4.5653
4.3638,47.2,7.0737,1.3811,343,3.7654,39.8027,-116.7329,1.5754
9.7215,45.9,8.0217,1.5583,520,2.8305,40.9077,-118.7442,4.1933
5.735,24.0,7.2603,1.5673,715,3.0761,39.3404,-117.8167,2.9252
7.1673,15.5,5.436,1.381,568,2.8898,35.6383,-116.5927,3.2235
2.6103,33.5,3.8323,0.8,364,2.7916,34.2655,-121.6245,1.7811
6.1372,49.7,3.7849,0.8,976,2.6586,37.5329,-115.2391,2.384
6.9395,38.1,4.1376,0.873,773,2.8803,35.8883,-119.7406,2.5312
3.1709,26.2,6.0142,1.0999,911,2.5942,38.6124,-117.5582,1.1705
6.2697,36.1,6.5396,1.4514,1169,1.8646,32.8699,-122.2089,3.2235
6.2947,40.4,2.6709,0.8,580,3.8626,39.2733,-122.0496,3.0426
3.2229,47.9,4.492,1.0161,581,3.5163,35.3458,-116.7826,0.9953
2.2849,39.9,5.9866,1.6667,2178,4.8766,36.8913,-120.8207,0.5576
2.2023,23.1,3.7006,0.8048,313,3.3695,41.7968,-115.3024,1.0766
4.7204,15.0,6.3678,1.3177,149,2.583,34.548,-117.5202,1.951
5.4532,26.5,4.8851,1.3135,1037,2.3736,33.6177,-117.513,2.1859
2.7857,17.7,4.0532,1.0105,402,3.0474,34.4932,-120.5072,1.1436
4.5538,49.1,5.6064,1.1344,281,3.5529,35.8393,-115.022,1.6012
6.3112,26.9,6.2846,1.2354,1350,2.7553,37.5942,-114.5813,2.4291
6.4942,25.1,3.8029,0.8,592,1.5297,41.8121,-121.7916,2.9619
11.3717,18.8,5.0148,1.2517,242,2.261,40.7639,-119.0971,5.0
9.6426,33.6,6.4354,1.2417,3127,3.018,39.2921,-114.9772,3.9881
2.4577,27.5,3.9758,1.0342,183,3.7403,39.345,-123.4366,1.3486
12.3068,7.6,2.1845,0.8,621,1.5142,35.1959,-121.3754,5.0
3.259,45.3,2.4269,0.8,147,3.2651,41.3157,-114.4785,1.1701
8.389,19.3,4.6639,1.062,826,3.2211,37.6257,-119.4078,3.5956
4.6683,23.1,2.8632,0.8,398,2.5484,34.0439,-114.5089,2.0002
3.4998,11.5,4.8046,1.1819,1281,2.4131,41.5279,-120.5082,1.7852
1.5149,29.2,8.8299,2.2489,656,2.2637,37.312,-118.9613,0.7471
4.0433,36.8,2.7428,0.8,1960,3.1408,33.9774,-119.7317,1.2422
1.7583,45.9,4.9348,1.3228,472,4.1268,39.4847,-119.6993,0.5
8.0075,3.6,9.7646,2.4066,184,4.1978,34.721,-114.864,3.1558
11.1348,50.6,6.3163,1.6481,804,1.876,34.2828,-117.2063,4.7346
2.7783,36.9,4.7646,1.1508,543,2.813,35.0421,-114.5698,1.2228
5.3719,15.5,5.1862,1.0309,155,1.0,37.9936,-121.0399,3.2147
2.9002,11.4,6.3587,1.6995,286,3.1092,35.2796,-114.0641,1.4194
3.0738,16.1,8.8915,1.8823,369,3.5976,32.8877,-117.0695,1.1342
7.1327,45.7,4.4383,0.9505,2308,4.571,36.1812,-123.1212,3.496
4.3792,15.9,3.9848,0.8707,1171,1.2135,34.7267,-120.1641,2.2675
12.7278,24.6,2.7424,0.8,504,1.9119,37.3587,-121.889,5.0
3.3557,37.0,5.7062,1.182,969,3.1441,36.8658,-122.0277,2.0684
8.1629,45.5,2.6886,0.8,130,1.3816,33.2418,-114.7397,3.6564
4.7514,34.6,4.5724,1.1957,423,3.1722,34.8305,-114.4205,1.7409
7.2244,39.4,3.6826,0.8,917,3.623,35.1741,-124.3512,3.4372
3.4271,9.8,7.6482,2.1111,759,1.7187,37.105,-123.0506,2.1122
4.3504,45.7,4.4832,1.0042,432,3.1326,40.3111,-121.5826,2.4083
4.1816,15.1,6.2939,1.3915,645,1.7878,34.5767,-115.5988,1.5688
2.7138,7.5,2.2918,0.8,872,4.3754,34.0028,-118.0834,0.8944
6.6675,50.8,5.763,1.5663,660,3.2066,32.5097,-118.563,2.6596
6.6204,11.3,3.0937,0.8476,1325,2.3599,38.2618,-118.2181,2.9252
6.3989,8.0,4.6487,1.3005,858,1.7619,35.5936,-114.5188,2.5949
11.2704,32.9,9.9224,2.1351,1001,3.3891,38.8665,-121.6042,4.9224
10.6932,17.3,7.3643,1.9324,2620,4.3579,39.0564,-123.2051,4.5698
3.5788,7.8,5.2432,1.0246,1289,2.2285,32.9247,-118.1179,1.6962
5.606,31.7,11.8979,2.2458,2678,2.5604,36.4749,-114.3269,2.5992
3.0828,39.7,3.6697,0.8984,389,2.2479,41.6958,-117.045,0.643
4.5449,41.5,7.8304,2.0451,186,4.5555,35.1139,-115.1328,1.7332
3.1272,8.9,2.4347,0.8,595,1.0914,37.5307,-115.09,1.2422
11.8466,29.4,5.0122,0.9523,555,4.2856,37.6092,-122.1978,5.0
5.5746,42.5,2.8044,0.8,2138,2.6228,34.9752,-117.3012,2.1773
3.9321,9.2,6.0146,1.6183,269,2.9284,39.9029,-115.4467,1.7707
9.1721,11.6,5.6119,1.0261,624,2.6594,32.535,-123.4359,4.6831
1.2185,1.1,4.8847,1.0856,920,3.2396,34.6545,-117.6595,0.5
1.3385,27.8,7.6841,1.8362,721,2.2702,38.129,-121.644,1.0227
7.2247,10.9,4.3658,0.8257,580,4.0584,41.2143,-115.8725,3.309
4.6473,37.9,6.1537,1.1492,886,4.099,32.5905,-122.1563,2.0076
5.2084,50.1,7.1411,1.5892,1577,2.0166,38.2082,-120.5791,3.0161
2.0222,11.6,2.5336,0.8,2272,3.6675,32.532,-117.3942,0.5
4.4196,34.1,4.0032,0.8965,683,2.6435,38.4168,-118.6638,1.1693
14.9111,11.8,5.6077,1.4238,346,3.0516,36.4102,-123.2403,5.0
7.3487,1.9,6.7603,1.517,2270,4.5252,36.6273,-122.1344,4.036
4.9621,39.7,8.3425,2.1073,281,2.326,41.6913,-115.1987,1.6457
3.4438,23.1,5.0682,1.0683,2786,3.9265,38.9813,-114.1178,0.8057
3.5369,49.3,4.8671,0.9696,1949,3.4571,34.3659,-117.2133,1.1369
1.2492,28.2,3.7548,0.8,2190,2.806,41.9747,-124.3975,0.7677
5.2309,9.0,6.16,1.188,1151,3.3674,34.9384,-116.6943,2.5411
7.4431,23.9,4.9058,1.3359,123,3.2484,39.0161,-117.7503,3.1335
1.7413,11.3,4.9519,1.2623,290,1.8416,38.9628,-120.1759,1.5439
3.0136,45.8,5.3122,1.1641,850,2.3933,40.5724,-122.1055,1.8024
2.2379,36.2,6.6033,1.6446,387,1.9547,36.2892,-122.7602,1.7006
2.5113,18.4,4.3725,1.2391,517,2.7234,39.1117,-123.6229,1.1653
4.6278,27.9,3.9557,0.8,1086,4.345,38.4464,-117.7877,1.7633
1.2832,35.1,6.3634,1.5095,581,3.581,36.646,-120.9586,0.7037
6.479,40.9,2.0,0.8,251,1.5674,41.2016,-119.0609,2.8923
7.045,5.1,4.2926,0.9502,1351,2.7266,34.8933,-118.9853,3.3264
3.8549,2.1,3.1974,0.8,1004,3.2336,34.6306,-118.1233,1.8082
1.0116,6.8,7.9065,1.6278,545,3.7441,38.4887,-118.2573,0.5
2.4649,21.1,4.6181,1.2097,1175,2.3492,34.3075,-119.0497,0.5717
9.3909,24.8,4.3786,0.9669,718,1.7626,40.385,-122.8713,4.8241
0.8464,8.0,5.4028,1.0187,1930,2.9437,35.7269,-124.216,0.7109
3.6382,22.0,4.3093,1.1942,751,3.569,36.5004,-118.4501,1.636
2.2078,23.5,4.6947,0.983,1918,3.2348,38.982,-120.0562,1.3236
7.2626,6.6,5.6942,1.1521,149,2.1153,40.9085,-120.1938,3.6117
2.989,47.7,4.6559,0.9486,960,4.7546,39.0547,-119.9843,1.4971
5.7109,31.6,4.6416,1.2214,484,2.9012,33.3949,-123.3078,2.9615
6.292,20.8,3.4797,0.8,335,3.1937,35.7116,-122.6177,3.5484
13.4871,26.9,3.1924,0.8,1680,2.338,39.6256,-117.5474,5.0
3.9679,17.0,5.6213,1.56,1355,4.1065,41.1236,-119.1053,1.282
5.616,44.6,6.1132,1.6673,134,3.5718,38.5214,-118.0985,2.4859
1.8385,30.3,2.6437,0.8,1179,3.3147,38.1635,-123.1419,1.5513
9.1545,26.2,7.0199,1.9609,1070,1.8483,36.1026,-115.9515,3.6567
2.8397,47.5,7.0281,1.3892,373,4.094,37.0415,-120.5873,1.3347
3.2013,43.7,7.4494,1.4239,341,3.7569,36.6062,-118.0627,0.9088
4.4223,42.5,6.0998,1.7296,186,4.0149,33.0242,-119.6106,1.7886
1.7546,12.5,6.7742,1.3231,508,3.037,32.7076,-119.5826,0.9135
5.1411,8.8,9.8701,1.8069,577,2.9251,38.3653,-116.3249,2.1189
8.0083,36.2,4.897,1.3753,1258,2.8179,37.3435,-123.3413,3.9935
5.3429,24.9,3.4086,0.8,825,5.279,34.8265,-123.7147,2.2131
1.7275,35.9,2.4319,0.8,285,2.4576,40.9811,-123.4389,0.9806
4.1608,39.8,9.0113,1.7689,805,1.8138,34.4627,-114.0493,2.0714
6.9952,16.1,9.0376,2.0036,543,2.6267,39.1547,-114.7649,3.1477
1.4524,15.5,3.6508,0.8,315,2.4669,39.9894,-117.1442,0.7289
2.3517,26.0,4.0454,0.8229,186,4.2598,40.4822,-119.8008,0.6822
7.5831,15.0,4.852,1.1878,1096,1.644,40.4755,-123.6068,3.5665
5.2701,35.0,7.9485,2.013,951,2.4387,40.0447,-115.8806,2.1777
5.7384,39.1,2.9254,0.8,1038,3.1905,36.8491,-122.5109,2.9499
13.6767,25.1,2.0,0.8,371,4.2683,38.4272,-121.6352,5.0
5.9366,37.9,9.835,2.3648,763,3.7131,40.6483,-115.6717,2.2446
6.6508,27.0,6.1247,1.5884,221,4.619,36.4927,-121.798,3.1618
15.0,37.4,6.4088,1.2347,302,3.3458,38.8731,-115.6319,5.0
3.9421,12.5,5.0898,1.0366,683,2.7964,34.0156,-116.2476,1.1329
2.7767,38.7,6.4316,1.5451,820,3.8556,37.8646,-115.7085,1.1835
5.7932,37.5,2.4716,0.8,181,1.6328,33.8399,-117.4199,2.832
5.8322,14.6,3.8182,1.0165,285,1.2901,38.7728,-120.8027,3.4378
3.2673,29.4,5.7103,1.533,497,3.9763,36.0799,-117.6417,1.2573
2.4123,44.6,2.0,0.8,1432,3.2106,34.6645,-115.7944,1.2259
15.0,13.7,4.895,1.3167,347,3.964,35.9271,-116.6311,5.0
5.4527,38.5,4.7717,0.8803,744,2.1476,39.1635,-115.4487,2.431
2.8882,49.7,4.8946,1.2061,809,4.2848,41.1263,-114.1729,0.9612
7.7645,45.2,4.3978,1.2383,545,3.6704,32.6072,-117.2535,3.2384
4.1976,21.5,3.5082,0.8,824,2.9689,34.0946,-114.7547,1.6494
3.8508,32.0,2.0,0.8,227,3.2073,39.2045,-121.6463,2.1168
6.28,51.6,5.7895,1.3831,394,3.3469,37.903,-114.2784,2.2258
2.0645,30.0,4.8998,1.3111,2095,2.1433,35.5322,-114.9416,0.8459
5.5377,6.9,2.7494,0.8,2217,2.615,38.6918,-124.0669,2.8534
14.1226,3.3,5.6251,1.3337,1305,3.3311,40.7383,-118.3003,5.0
5.9281,41.3,4.9101,0.9542,1604,2.5749,34.9508,-119.2188,3.0115
3.5761,22.6,4.578,0.9615,154,1.5306,37.1139,-115.9361,1.6539
3.306,13.6,2.0,0.8,311,3.2949,32.6973,-123.1734,2.2184
3.5036,18.7,6.8655,1.4469,519,3.836,41.487,-118.9598,1.5904
3.8483,39.6,3.0339,0.8,4594,4.0685,40.1156,-119.2367,0.8126
3.5727,24.7,5.6265,1.1499,518,3.5323,37.2984,-120.3468,1.8573
7.7662,45.3,3.8835,0.8776,1207,3.8183,41.924,-114.0821,3.2658
1.5842,38.5,4.7225,0.9683,900,3.9875,34.5921,-118.8348,0.5
7.5172,50.7,7.8046,1.6168,884,3.0797,39.5677,-120.1609,3.7802
3.5687,46.3,6.5632,1.8681,653,1.0,39.8103,-115.5078,1.4033
5.6191,14.0,7.7601,1.5846,255,4.1598,40.3931,-123.0399,2.5095
2.2792,34.6,6.1608,1.5309,100,2.1067,39.0084,-121.4806,0.9788
9.9461,2.0,6.2923,1.3728,1855,1.8691,34.3106,-121.5716,5.0
9.4629,51.5,2.0,0.8,406,1.8966,33.3677,-114.6961,3.0781
7.9706,14.3,4.865,1.3719,149,5.4846,34.2134,-115.2565,3.3621
1.8061,34.9,5.0502,1.4305,944,3.4405,40.654,-118.1298,0.8324
7.3704,44.3,7.9473,2.0824,930,1.9584,36.319,-121.1439,3.8475
5.714,9.2,4.4875,1.2677,1229,2.3166,37.6886,-119.5849,2.8068
1.7106,44.2,6.0297,1.6016,1624,2.9993,32.741,-118.503,0.5
4.4168,1.6,5.9515,1.2887,319,3.5424,37.1686,-118.8291,1.6253
5.5774,23.5,7.8154,1.8173,330,3.2793,36.3881,-121.8127,3.0743
6.2567,25.1,5.2325,0.9581,515,2.0714,37.5783,-123.1299,3.1499
4.9846,20.1,7.1556,1.3983,1283,3.3171,36.0651,-114.9698,1.9112
5.3374,30.9,2.0903,0.8,124,2.3888,33.2167,-117.7711,2.1304
10.85,47.7,2.272,0.8,737,4.0469,32.9176,-122.9765,4.8103
9.3523,17.7,2.0,0.8,1402,3.0563,41.5231,-114.1066,3.7915
0.8023,30.5,7.072,1.6741,1357,2.2407,38.2363,-120.1816,0.6879
3.7045,45.8,6.8473,1.5246,1172,3.689,38.6123,-116.8038,1.4585
4.0601,40.4,7.2937,1.507,1557,3.3832,41.1965,-122.6445,1.8115
1.5663,3.1,4.1453,0.8669,100,2.5251,37.7332,-114.706,0.5
4.7422,49.1,4.3729,1.0377,2418,3.7301,38.3478,-123.6683,2.1107
9.4807,3.4,5.2579,1.0708,866,3.6291,37.4689,-114.4639,4.1648
2.3351,31.0,8.3874,2.0563,1935,4.2018,34.1718,-116.8652,0.951
5.484,30.3,8.8877,1.7188,260,3.7101,35.4594,-122.1139,3.0834
2.587,41.1,7.0876,1.3056,164,2.7861,40.9012,-122.6005,1.6954
2.9947,8.6,6.162,1.5068,2777,1.3095,36.7167,-115.7104,1.4311
10.8747,10.1,8.1708,1.6118,317,3.1866,34.4394,-124.0808,5.0
3.2364,39.4,4.9883,0.973,519,3.3418,40.3664,-123.3001,2.0579
5.914,8.6,4.7181,1.0528,1014,3.0512,33.3294,-117.435,2.6221
1.4583,24.9,5.242,1.4262,1234,1.0,38.5755,-123.6876,0.8935
13.6999,38.3,3.5426,0.8,1576,3.6788,39.1512,-118.8169,5.0
6.434,34.2,5.15,1.1935,795,2.0879,35.3858,-118.4724,3.0333
4.0169,11.7,3.2652,0.8338,286,3.6857,34.0854,-124.3123,2.413
6.3302,16.5,7.55,1.5884,1171,4.7007,36.7588,-120.5398,3.498
1.9234,50.4,6.5874,1.5061,1186,2.7472,39.6728,-124.2004,1.0427
9.1113,23.9,8.3591,2.2745,156,3.4385,40.9236,-114.3477,3.7981
3.6899,3.3,2.2414,0.8,2069,3.0328,40.2457,-122.2391,1.8699
3.9652,12.2,9.3034,2.3321,100,3.5256,33.5405,-117.258,1.7953
3.3368,18.5,2.355,0.8,1522,3.1034,34.6164,-117.4255,1.1377
3.1633,52.0,3.1034,0.8,400,2.483,38.3614,-116.3916,0.9777
6.7992,16.4,4.2584,1.1416,1170,2.0951,39.2441,-120.9791,4.1606
5.2255,2.3,8.1154,1.63,1000,4.5905,32.583,-122.5638,2.9931
6.6263,27.2,5.9511,1.2407,646,3.4386,33.8545,-118.9297,2.9124
4.4581,5.3,5.0123,1.117,954,3.8305,33.3932,-117.2095,1.5331
6.0978,15.0,3.9147,0.8591,621,3.3991,35.7405,-116.5693,2.0811
3.4858,51.6,2.7481,0.8,1178,3.9758,38.9676,-123.9864,2.0245
15.0,36.9,7.7653,1.4591,3821,2.104,41.4603,-116.5971,5.0
1.7493,3.6,7.0973,1.9058,227,3.0832,33.3505,-123.3195,1.219
9.5502,23.9,8.2049,1.9363,100,3.5055,37.3079,-118.9912,3.8895
10.1833,9.8,6.2936,1.3882,477,4.2927,36.0384,-118.6682,4.1479
2.6878,7.3,2.0,0.8,452,5.6731,36.2841,-123.166,1.2567
15.0,30.9,3.0108,0.8,492,3.4075,33.1464,-114.378,5.0
8.1441,26.8,6.4297,1.5047,317,2.3389,35.239,-117.8008,3.1882
8.026,38.9,4.7606,0.9029,1337,1.8044,34.8983,-122.1491,4.1693
4.5577,46.5,4.3823,1.0296,220,2.0952,39.3238,-123.9656,2.4187
3.934,13.6,3.2935,0.8148,954,2.2259,38.5977,-116.3623,1.197
3.9525,48.1,7.3952,1.5668,1109,1.0,38.5449,-115.6662,1.6444
5.6651,27.4,6.4124,1.5225,857,2.3243,37.433,-123.5484,3.0105
10.3886,14.2,6.5024,1.3704,982,3.7167,35.7498,-121.797,5.0
4.9968,44.1,4.2328,0.98,1421,3.0754,34.816,-117.755,1.8968
2.5938,2.8,5.8526,1.1495,694,2.7414,32.6072,-120.1007,1.5554
7.3497,29.5,2.8245,0.8,504,1.378,33.9053,-120.9036,3.7738
7.7888,37.8,5.2403,1.2969,982,4.0504,34.5889,-120.0433,3.5876
6.6379,15.3,2.0,0.8,1075,3.5118,41.7679,-119.1943,2.2928
7.0097,45.0,2.3638,0.8,1355,2.9871,41.7193,-122.561,3.389
3.8093,13.3,4.8554,1.272,169,1.0,39.7928,-120.4253,2.0146
2.5667,43.8,10.2502,2.0131,574,2.5092,38.2981,-123.7668,1.3746
2.662,5.0,2.0,0.8,284,3.4337,38.8537,-124.4364,1.7546
1.6799,9.2,3.0128,0.8,1042,2.9714,38.2052,-114.2605,0.7177
5.1664,20.4,5.9335,1.1331,1190,3.1919,38.6449,-123.9245,2.4315
4.2628,44.6,9.0388,2.0763,534,3.6854,34.5828,-124.0435,2.3849
3.4418,8.4,5.9043,1.5323,371,3.1547,41.7787,-115.1554,1.1574
0.7608,45.6,6.9043,1.7745,1072,3.6497,39.6881,-114.2516,0.5
2.1204,12.7,4.8248,0.9514,598,2.1565,34.7253,-115.6324,0.988
8.7802,24.1,4.4788,0.8338,2082,1.7772,37.3797,-123.0347,4.7402
3.0078,19.0,5.6644,1.3308,2747,3.4774,39.9976,-117.7849,0.8531
5.5642,7.0,4.1834,1.1437,1481,3.6824,41.156,-117.1823,2.5634
1.9456,49.2,6.9485,1.8771,801,3.519,36.1465,-116.3975,0.5553
10.6251,23.3,2.2875,0.8,2865,3.1316,37.0954,-123.3147,4.3473
4.1107,36.2,7.28,1.7164,806,2.676,35.4439,-120.3971,1.7874
5.3336,30.3,5.5786,1.2818,453,3.211,36.0775,-121.601,2.6678
15.0,26.6,5.0706,1.2148,388,3.3793,34.6632,-117.6276,5.0
11.1324,32.4,2.214,0.8,379,3.4393,32.7842,-120.8922,5.0
3.7287,46.8,3.5404,0.8,662,5.6071,36.4551,-119.1574,1.2183
3.1395,36.7,7.8973,1.7234,963,2.0792,36.9705,-117.9224,1.3373
3.6865,28.2,5.0828,1.3276,214,6.226,39.909,-115.409,1.3218
6.0857,33.9,6.0568,1.3512,464,1.7432,37.4649,-114.8304,2.9564
4.2075,31.9,3.7409,0.8461,789,3.3857,35.6008,-117.2188,1.4224
3.5355,23.1,5.4419,1.1852,1113,1.8052,36.9008,-122.8579,1.9913
10.8082,32.9,2.7557,0.8,651,3.3062,40.0633,-115.1664,4.7021
4.1849,23.6,5.6998,1.4972,809,3.9821,37.069,-122.3526,2.434
15.0,39.6,6.2413,1.3686,247,3.0326,37.7742,-123.9415,5.0
4.7325,50.4,6.1412,1.516,321,3.9731,34.1435,-119.9087,1.6699
13.0814,50.0,3.6928,0.8,634,2.5763,32.5725,-117.3113,5.0
5.5533,42.9,4.8159,1.1344,1001,1.0,41.3319,-122.9317,2.8154
7.9867,31.7,6.5744,1.668,800,3.6267,35.0457,-121.3567,3.685
2.9015,39.2,5.0771,1.0549,337,3.0306,35.802,-123.6594,1.4775
2.6852,10.1,4.9254,1.1487,550,2.5204,33.591,-118.0088,1.3252
5.9051,25.4,9.3069,2.4394,2229,2.5894,37.3735,-117.0635,2.6431
8.1103,14.1,3.598,0.8,1028,3.4066,39.5024,-119.0433,3.4742
4.5913,1.2,7.6608,1.7557,584,2.1855,39.0176,-119.8335,1.9935
2.0713,50.3,3.1906,0.8,293,3.3752,40.6282,-115.5991,0.7248
1.9815,45.1,6.8096,1.752,376,4.1886,35.2224,-120.0985,1.6239
1.9035,27.2,6.9163,1.3167,669,5.0601,35.4893,-119.8614,0.7638
1.5518,14.0,4.4793,0.8728,829,4.4045,41.6729,-118.4381,0.5535
4.786,36.3,3.065,0.8266,1046,3.1617,36.8377,-117.1096,1.5325
8.8024,23.2,2.0,0.8,907,3.2577,40.4279,-116.3412,3.5104
4.4458,42.0,4.2698,0.8882,495,2.5998,38.3093,-124.0714,2.3897
1.1546,52.0,6.5524,1.459,442,2.5344,34.2182,-115.5629,0.5
3.997,18.8,3.3447,0.8,3421,3.872,41.5957,-119.7611,1.3224
4.0646,13.5,5.6939,1.0568,426,2.6925,35.5822,-114.9883,1.8468
15.0,14.6,2.5471,0.8,237,3.3661,38.597,-118.8684,5.0
1.8696,5.8,5.0322,0.9264,179,2.0375,34.9179,-119.5038,0.8454
3.5452,21.1,3.2059,0.8,501,4.3703,37.9688,-122.4484,1.9504
12.4723,1.9,5.344,1.0409,1411,2.6775,37.6406,-119.5692,5.0
5.8708,6.8,4.4978,0.9084,420,4.088,34.9799,-119.3242,2.2027
6.2839,14.9,3.1193,0.8,2169,2.2962,41.8933,-115.108,2.8314
4.8006,9.2,4.1823,0.8,661,2.2433,33.8365,-115.1856,2.0258
5.4628,38.3,3.6317,0.8,1616,4.328,36.7086,-119.3926,1.8483
7.1461,6.4,2.8722,0.8,363,2.374,32.7981,-115.3905,3.1503
2.7575,45.2,7.6655,1.6431,367,1.4321,38.9859,-115.5289,1.9057
7.59,12.3,4.7797,1.2898,715,1.9601,36.89,-114.542,3.2563
1.9664,6.5,2.0,0.8,979,3.8567,37.8209,-120.7032,1.7168
5.4577,1.5,4.2534,0.8874,576,3.7606,39.1358,-122.2716,2.2446
4.989,37.5,7.3294,1.5895,840,2.2375,39.7581,-114.5888,1.9743
3.0964,14.1,3.9773,1.021,1065,2.3683,41.6754,-118.359,1.4891
4.4211,27.0,8.4955,1.8747,213,3.673,40.708,-119.6001,1.7698
3.0848,6.7,3.7867,0.9048,506,4.3159,35.5761,-120.1797,1.803
2.356,51.3,6.5068,1.3414,439,2.9312,39.409,-123.6101,1.4358
3.6249,7.4,7.5733,1.6083,457,3.5542,33.2217,-122.357,2.4585
2.3108,22.0,6.4004,1.4227,921,3.8734,33.794,-121.4384,2.0465
5.4395,44.4,2.751,0.8,444,5.153,36.8663,-118.7112,2.3008
2.2478,13.5,3.6151,0.8,134,1.8443,36.8664,-119.0745,0.7681
6.8702,14.6,7.8401,1.7724,550,2.3313,37.3046,-118.7999,2.921
2.2058,42.2,3.8908,0.8,284,2.4935,37.0144,-123.6972,1.3105
3.1906,14.9,7.4514,1.4089,989,3.8275,38.5931,-124.3974,1.3573
3.0809,1.1,4.6394,0.9245,1267,2.7481,41.5663,-119.6369,1.2428
9.9253,22.8,5.7829,1.3971,117,3.3122,34.1405,-122.4684,4.9407
5.464,1.6,2.7278,0.8,358,3.1218,35.8959,-115.1374,2.0178
3.947,47.4,4.2835,0.8005,882,3.0017,33.2055,-119.9754,1.6803
6.045,33.7,3.7494,0.8,215,3.1074,34.3998,-120.8041,3.0951
1.2658,30.7,5.9512,1.5853,1244,4.0299,41.8794,-118.7879,0.5
4.3672,11.3,5.6864,1.1673,1540,2.0294,32.8758,-117.8997,1.9011
14.8576,36.7,6.4253,1.477,584,2.8515,34.5299,-123.6393,5.0
4.8521,35.5,4.519,1.1901,358,1.7847,36.5518,-116.7159,1.8501
4.6681,4.1,3.6395,0.8,105,3.2266,35.2804,-123.0554,2.8766
6.2269,45.9,5.8655,1.093,1276,2.8045,37.6796,-120.4393,2.9926
7.6704,30.6,3.4408,0.8,3301,4.0692,41.9092,-120.7529,3.6823
1.3519,41.4,7.6568,2.0215,2798,2.9952,39.1874,-118.5238,0.5
1.6333,14.4,5.271,1.1755,569,2.5562,36.3557,-117.2606,0.5731
5.0844,7.2,4.8477,0.9161,278,2.7533,38.9879,-116.0914,1.9109
2.9185,36.8,6.4244,1.3245,1300,4.7234,40.7864,-118.965,0.9394
9.8475,41.5,5.3473,1.2239,601,1.4299,34.6755,-122.8684,4.9457
3.7095,20.7,2.1839,0.8,975,2.3725,39.3108,-117.1925,1.5619
1.4039,2.2,3.3771,0.9441,847,3.036,38.3325,-119.4726,0.5
2.0942,42.7,7.6154,1.6124,717,2.3636,39.4713,-118.3162,0.7558
0.8609,11.5,5.6678,1.0859,1514,3.4907,33.2995,-119.8411,0.5
3.8943,18.3,2.1369,0.8,1560,2.9435,39.4629,-120.1289,1.4766
4.0027,33.0,6.2042,1.6242,438,3.256,39.9862,-117.1357,1.3539
3.4741,6.1,4.3815,0.9659,318,3.1178,39.0287,-118.9969,1.541
8.5619,4.7,3.751,0.8116,100,2.897,34.3738,-115.3881,4.0655
9.1992,2.3,3.2103,0.8,504,1.7092,34.0328,-116.6938,3.6605
4.0462,47.7,7.4999,2.1091,277,3.1761,39.5146,-119.4987,1.7758
1.2451,16.9,2.0,0.8,930,1.2366,38.6532,-122.2508,0.667
6.4907,34.7,3.8249,0.9596,508,2.328,41.8445,-124.3155,3.7964
6.254,51.5,5.7403,1.1986,554,3.4892,36.8201,-122.3433,2.7937
5.3959,35.1,8.6567,1.8744,1274,4.1897,34.6785,-121.5467,2.4295
8.0759,27.8,6.6077,1.5149,914,5.3494,39.8124,-123.2598,3.8557
2.228,27.6,3.808,0.8136,606,2.5717,39.611,-117.4745,0.5536
14.9581,20.2,8.5587,1.7502,2564,2.1349,37.4657,-121.0762,5.0
2.5202,31.6,2.7898,0.8,1201,3.5223,39.5875,-124.1824,1.2917
7.0254,49.9,6.0307,1.3067,477,4.87,35.4506,-119.9128,1.8141
1.6284,41.2,6.4756,1.4811,494,4.5327,34.5493,-116.2647,0.5
2.5647,22.6,3.7378,0.8573,1250,1.9649,33.6979,-120.9326,1.6991
11.132,18.0,6.8952,1.5384,782,2.8595,35.2595,-115.0255,5.0
3.8323,46.1,4.4722,1.0155,271,3.8504,38.7184,-115.5457,1.4664
7.4183,7.9,6.8903,1.5738,1361,3.9197,34.9551,-115.1615,3.4283
5.1664,44.3,2.0,0.8,1819,3.5919,40.8927,-117.4882,1.7605
4.2082,14.0,6.17,1.2465,1711,2.5513,34.8727,-116.0307,1.9413
10.1585,37.5,4.6758,1.2416,2285,3.583,39.0023,-120.4158,5.0
3.8884,42.1,7.7994,1.4668,3482,3.9294,37.5119,-117.2212,1.0395
1.5397,25.3,5.412,1.1395,2654,2.068,34.5097,-122.149,1.431
2.7678,10.8,7.9985,2.2232,874,4.3302,37.7839,-122.3505,1.8704
6.2383,44.1,6.5152,1.3523,563,3.992,41.57,-114.592,2.4131
5.682,19.7,5.245,1.242,154,2.258,41.4697,-118.7374,2.3323
1.7503,17.4,7.0753,1.3201,671,3.9249,35.2701,-123.7474,0.9694
2.902,27.0,7.0881,1.3194,1008,3.8131,37.5966,-122.4283,1.6838
3.1612,23.2,6.4438,1.2411,689,3.8512,33.9331,-119.6559,1.2643
3.5992,35.8,2.0,0.8,147,4.576,36.9558,-115.6181,1.4092
1.963,8.0,3.5349,0.8,529,2.9895,35.5542,-115.0925,0.7499
3.074,23.2,8.2682,1.7227,1115,3.3315,41.3301,-123.3087,1.8849
2.8946,46.5,2.9881,0.8,293,1.0,38.5105,-123.8487,1.674
7.1201,2.8,7.2649,1.9018,759,4.1158,34.2568,-123.2223,3.6183
7.2825,24.3,6.9129,1.3023,939,4.0196,41.9272,-117.4504,3.1857
4.1063,34.7,4.0485,0.8394,1627,4.356,39.0947,-118.9053,1.5669
3.5423,46.3,2.0,0.8,2618,2.0633,33.7794,-116.7521,1.2881
4.8742,31.3,4.3622,0.8,492,3.962,40.0957,-118.2697,1.4631
2.7458,43.0,9.656,1.9812,770,4.0187,37.7968,-123.4932,0.8481
2.2522,12.4,3.7734,0.8,790,2.3491,36.3025,-121.7949,1.5667
2.5494,19.0,3.9115,1.114,1118,4.056,34.365,-121.0187,1.8
3.0621,49.0,3.5048,0.8,1022,3.463,35.1403,-117.0692,0.8604
2.2298,46.2,7.9296,1.61,2080,1.302,34.0889,-118.2331,0.6506
4.9394,29.5,5.0142,1.4215,103,3.5845,40.1319,-114.5584,1.7227
6.9437,25.2,4.2482,0.8454,929,2.2328,35.0933,-122.972,3.3588
1.7293,24.0,8.3269,1.7337,982,1.3241,36.9646,-114.6444,0.5
4.5498,4.0,6.659,1.6444,551,3.3666,41.6952,-122.1884,2.4007
3.9276,46.5,3.6614,0.8,109,2.9347,41.9483,-120.8936,1.8616
5.5009,42.7,3.0528,0.8115,633,4.4038,40.017,-124.1369,2.7152
4.447,24.3,7.8163,1.5183,377,3.1817,40.0897,-121.3865,1.9705
1.8736,15.3,5.5336,1.0575,2546,3.7785,41.476,-122.4031,1.2174
2.1013,18.5,2.4019,0.8,898,3.5088,40.0698,-122.2189,1.5254
4.5615,7.3,2.0,0.8,352,4.021,36.784,-118.4919,1.3713
8.3084,37.8,3.2679,0.8,129,2.1136,33.073,-116.3017,3.3179
1.1871,29.4,3.021,0.8,1067,3.1985,34.4795,-116.6779,0.5
5.5148,12.9,2.0,0.8,1161,2.8593,36.7232,-115.7939,2.4127
9.1502,32.8,3.301,0.8032,560,3.6537,35.0214,-116.821,3.8621
4.0885,50.9,3.6618,0.8505,1078,3.2558,35.6272,-114.2467,1.7083
6.2346,7.2,4.5746,1.1158,503,2.386,33.0598,-124.306,2.6616
2.9393,24.4,8.8858,1.846,1562,2.6621,37.7452,-114.1271,1.2669
4.1719,26.2,4.9663,0.9684,1472,4.6485,35.84,-120.1968,2.757
1.6946,9.5,5.1649,1.349,179,1.3056,34.959,-119.4831,0.7125
1.0979,28.1,6.5185,1.6258,218,3.7094,38.2985,-118.4378,0.5
7.8905,31.9,5.0254,1.3552,3378,4.2414,35.1294,-124.4105,3.9312
2.4818,9.0,6.3003,1.6491,1402,3.5788,37.0245,-122.592,1.5698
3.4099,8.9,6.0612,1.4051,242,4.971,34.8408,-119.8173,1.0621
1.9506,44.7,5.7452,1.1373,189,3.9385,38.9649,-116.4201,0.5626
1.9233,16.9,11.0329,2.4072,785,3.3841,40.6145,-115.3641,0.5
4.0378,33.1,7.3223,2.0303,267,2.5333,33.2763,-122.9488,2.2868
2.8929,33.0,3.3366,0.8,516,3.4027,40.2886,-121.7386,1.6449
5.6225,43.8,6.2404,1.2259,640,3.6817,40.5911,-118.1226,1.8198
5.8798,38.7,3.9165,0.9136,619,3.0035,41.6668,-120.7097,3.1528
5.4331,43.9,6.3925,1.6021,1638,2.2572,40.3645,-121.3719,2.8401
5.1715,32.9,2.7496,0.8,2887,1.7958,37.7477,-120.4751,3.0813
11.5497,23.9,3.2844,0.9258,453,3.1854,33.1674,-117.1332,5.0
2.3618,21.1,6.1878,1.2059,269,1.5197,33.2073,-122.4147,1.7718
4.3364,20.3,7.4953,1.4672,908,2.5285,34.3687,-123.85,2.6553
8.8429,22.3,6.5053,1.233,2453,1.0,36.7474,-124.4637,4.3241
9.5709,7.6,7.2082,1.9593,482,3.833,41.5767,-118.97,4.2075
1.9097,22.6,6.2476,1.6815,1313,4.154,34.1659,-121.8748,1.3444
3.7158,20.9,5.845,1.1143,340,3.0789,37.6186,-118.6028,1.2322
10.1236,2.8,4.4926,1.0095,677,4.8315,41.9817,-115.2496,4.3596
6.079,15.0,7.126,1.6631,263,4.3474,32.6309,-121.4166,3.0937
5.0387,39.3,7.5498,1.6248,671,3.4798,32.9463,-122.5725,2.4056
3.9329,30.5,5.3738,1.4856,606,2.8868,35.0642,-124.4835,2.3054
3.5599,42.1,5.2661,1.1,1082,2.6506,34.6389,-114.1958,1.3583
5.3278,28.7,8.6828,1.6109,2759,3.5625,37.2367,-119.0733,2.3961
3.8519,44.6,5.4592,1.1253,487,2.8588,36.4943,-116.078,1.3098
4.3686,41.6,5.6514,1.276,134,3.5482,38.0446,-115.49,1.3474
4.6981,6.0,6.4685,1.1931,566,3.6225,33.8972,-114.0502,2.1302
2.9837,50.8,5.3044,1.0876,845,2.7704,39.0155,-115.4739,1.2574
6.1674,1.8,3.8593,1.0679,782,4.0958,34.5396,-121.4124,3.2976
15.0,31.4,6.2559,1.2925,586,2.7714,36.7939,-118.5742,5.0
1.5431,41.4,5.4225,1.4982,2187,3.0213,32.8168,-114.3913,0.5
5.4434,17.9,9.1845,2.2322,742,2.0225,40.0797,-117.8495,2.4214
2.8402,31.5,7.0769,1.4957,612,2.7294,38.4575,-116.4248,0.8051
6.3372,19.5,4.309,1.0961,357,5.1582,34.4833,-114.9801,2.3593
4.6086,4.1,6.9581,1.9456,164,2.0996,38.2166,-118.0566,1.9716
7.0789,1.4,6.1157,1.2914,866,3.4377,36.6516,-117.2291,3.3525
9.073,5.8,8.1189,1.994,809,2.5455,40.3495,-118.3231,4.0535
5.0302,6.0,4.4511,0.9748,285,1.0,41.8453,-120.9443,2.8503
8.8395,32.2,5.8774,1.4612,642,3.559,33.6829,-121.8877,4.0556
1.0979,27.8,5.3018,1.088,593,2.4439,37.156,-117.8479,0.5
11.638,24.2,5.617,1.0615,404,3.319,34.9512,-114.1982,4.9161
5.6127,36.3,3.7296,1.0154,353,3.9897,39.622,-114.8806,2.3915
8.5566,1.9,6.6518,1.3113,920,3.2346,32.8274,-122.2965,3.7396
2.1556,14.8,6.3359,1.662,555,3.3283,37.6735,-115.6511,1.1238
2.7225,40.6,8.0704,1.9406,415,2.1321,40.6424,-124.2784,2.2495
4.8918,47.4,5.4799,1.3002,334,3.7068,36.1982,-118.3108,1.9108
4.4361,23.4,4.6763,1.1952,599,2.8103,40.46,-114.7315,1.592
5.3113,5.2,7.0786,1.9391,1394,1.0016,33.8955,-114.427,2.6668
8.5909,41.7,3.9116,0.8,785,3.8272,41.2241,-118.1679,3.6084
1.5541,46.1,7.67,1.5077,550,4.133,40.0188,-117.8765,0.5
8.0389,22.1,7.6657,1.3954,851,4.4811,36.2154,-120.406,3.8376
4.504,13.4,8.0146,1.4927,1981,5.1708,33.741,-116.9018,1.6773
3.9659,3.2,6.2532,1.4312,985,3.7735,37.444,-121.9201,2.4737
1.854,31.1,4.527,1.2018,819,3.514,38.869,-124.1444,1.392
6.0607,47.4,5.7184,1.6239,1109,4.0915,33.7248,-115.7293,2.4499
1.0529,35.6,6.2601,1.3719,586,2.113,41.3652,-123.8662,0.7388
6.613,17.2,4.3797,0.8388,771,1.328,39.7457,-117.5206,2.7923
1.8308,33.8,8.1662,2.0234,450,2.523,41.5405,-119.9122,0.8416
4.6278,43.4,6.6602,1.7087,192,4.2772,35.3428,-124.0458,2.4172
4.1724,25.3,3.7156,0.8487,875,2.3389,36.6176,-122.8219,2.4741
9.0406,42.8,9.2657,1.7525,878,3.4656,34.781,-123.4424,4.0608
4.0261,21.0,5.6948,1.2933,528,3.5733,35.1009,-122.2487,2.486
2.9551,18.8,3.3118,0.8,1523,3.2443,33.8802,-117.8296,1.6663
3.307,30.7,3.8395,0.8677,373,1.7224,33.6897,-118.5085,1.5703
9.6189,24.7,8.4756,1.9962,161,3.3427,38.8725,-119.9542,4.3167
6.1828,50.8,9.15,2.0882,381,2.5784,33.991,-115.6479,2.5974
3.5559,27.3,7.519,1.4928,194,4.7029,33.7676,-116.5927,1.3291
3.8889,20.6,8.1386,1.6249,872,4.1369,37.5786,-117.3316,1.4822
1.7501,21.1,7.9332,1.8181,364,2.6137,39.188,-118.2119,0.5
5.6581,28.9,6.6138,1.639,1462,4.7657,39.8914,-117.1908,1.861
1.5591,19.1,6.1581,1.6299,1438,3.3437,38.0123,-122.1208,1.1688
7.0363,37.9,6.5797,1.8785,317,1.3284,34.4148,-121.7719,3.3686
4.8413,20.4,6.972,1.8709,348,2.9217,37.9457,-121.3698,2.8506
15.0,20.6,4.0168,1.049,1020,4.6353,38.4451,-116.7188,5.0
2.3162,32.5,6.9639,1.4271,1457,2.1802,34.9519,-119.9611,0.6203
4.214,4.1,8.4172,1.6389,133,2.9318,33.8726,-114.4252,2.152
13.1836,34.4,5.0873,1.0228,833,1.6402,41.2937,-124.0779,5.0
9.1599,26.8,4.8735,0.9852,115,1.7989,33.4115,-120.4767,4.4141
2.9514,24.1,6.4531,1.1757,429,2.1658,35.1332,-122.8754,1.4026
5.1263,37.7,4.2007,0.8,1595,1.7726,34.6988,-115.9286,2.1385
4.4871,39.7,2.8664,0.8,7390,2.3817,40.9739,-119.4641,1.6112
5.3078,44.2,7.7954,2.0567,549,4.7383,37.2686,-117.9898,2.4027
2.947,20.1,4.5981,1.2079,245,2.9639,41.5875,-118.2215,0.7915
4.2478,17.7,5.5369,1.0464,441,3.7855,40.3681,-123.6698,3.0209
1.718,37.4,4.2797,1.1552,701,4.0916,39.6713,-116.2707,0.5
4.8602,30.7,8.0535,1.9265,389,1.8916,34.1794,-115.8692,2.7732
5.8709,33.2,7.2064,1.5801,317,2.1685,35.7714,-118.1219,2.7315
3.91,29.3,5.0185,1.0617,473,3.7658,40.2926,-121.5501,2.2488
1.7006,40.4,3.1402,0.8,913,2.3657,41.8435,-116.897,0.5671
8.1102,10.7,4.8061,0.9474,581,3.6996,40.8402,-117.143,3.3656
5.5774,29.3,6.6403,1.4301,329,4.6773,41.5099,-114.9183,2.2985
2.8991,9.1,5.8773,1.1298,389,1.5446,38.5976,-123.268,1.6104
3.7872,21.8,5.7182,1.5584,478,2.6431,37.0868,-114.9471,1.708
1.8214,34.9,5.9234,1.1352,299,2.8017,37.3899,-115.1857,0.633
2.4224,26.1,7.0176,1.4995,378,2.4736,36.8557,-121.376,1.206
3.2456,20.4,5.4163,1.3726,1113,2.392,33.9713,-116.9799,1.4096
9.3657,46.1,6.4,1.1731,553,2.5079,35.4047,-121.7311,4.8105
3.0535,40.4,3.5262,0.8,164,2.9847,33.3586,-122.0315,1.6625
6.5806,27.8,10.6077,2.0433,1510,3.1649,33.3413,-117.7639,2.6696
3.2447,49.5,4.9323,0.9266,928,3.9534,35.4624,-123.9746,1.8237
5.2006,22.6,5.9072,1.3853,220,2.9749,38.8282,-123.487,2.9101
4.1172,41.2,6.6329,1.6768,497,4.1182,38.3302,-117.5685,1.4995
7.5673,9.6,4.6784,1.2102,353,2.4082,37.8149,-114.5054,3.5167
3.2515,15.6,5.5156,1.0511,1143,1.7986,39.6149,-124.1426,2.3582
1.7445,18.2,5.4914,1.0656,494,2.6952,36.5156,-124.2594,1.3916
1.9559,6.4,3.6719,0.8,628,3.4625,36.7,-123.7149,1.3728
3.2572,26.6,6.3772,1.2272,572,3.8605,37.4212,-124.4825,1.7433
2.1182,10.8,2.2016,0.8,204,4.4602,33.1326,-114.7527,0.9274
5.7324,33.3,9.0054,2.3795,2047,3.2902,38.0261,-119.5226,2.3059
3.389,10.7,7.0859,1.8503,1130,3.753,39.6273,-117.2328,1.4779
15.0,7.3,6.7782,1.5241,366,4.3688,35.0046,-120.1279,5.0
1.5799,50.4,2.0267,0.8,775,2.2208,40.6207,-114.0289,0.5
5.0641,34.6,3.9149,1.0178,1450,2.7899,35.0291,-119.4607,1.8571
2.2778,48.8,8.2787,1.5529,695,5.7709,37.3755,-114.6377,0.5
3.3333,26.0,13.8025,2.8356,2311,3.8564,40.8075,-117.6791,1.167
4.8786,2.7,7.8894,1.9128,6866,3.5107,39.5122,-114.5487,1.8139
1.1105,30.3,7.5739,1.4368,601,3.8937,37.9732,-119.301,0.5
5.166,29.5,6.5499,1.3944,417,1.6643,38.4159,-115.2718,1.9098
14.0377,1.8,3.805,0.8,301,2.3532,33.5344,-120.9942,5.0
3.4142,44.9,7.4903,1.7538,113,1.9877,39.1436,-117.5574,1.318
5.2377,32.6,3.2976,0.8,1805,3.4186,38.3133,-118.0196,2.5351
8.2892,39.0,3.0788,0.8734,501,2.631,33.3031,-119.3882,3.2943
4.0618,26.2,2.9529,0.8,1340,3.0954,33.6809,-119.2344,1.2464
3.1627,32.5,7.4514,1.4839,1574,2.689,41.7246,-122.7137,1.6716
1.144,14.1,5.3852,0.9903,280,1.3736,34.1921,-114.9867,0.5
6.5837,50.7,5.7017,1.079,316,3.885,41.0098,-119.7308,2.4472
4.1875,21.4,5.4692,1.4886,2686,1.2378,35.1204,-122.9096,3.1109
2.441,9.3,3.2486,0.8,629,2.2724,36.2632,-117.1046,1.2154
4.8354,3.9,4.1585,1.0947,392,1.6845,37.7771,-116.8648,2.0308
3.1575,33.4,4.2591,1.189,288,2.1203,38.4457,-124.0263,2.0692
3.264,51.2,2.6895,0.8,594,3.2019,37.2289,-121.0054,1.6334
6.448,46.7,4.4916,0.8456,2222,4.235,35.8102,-118.3653,2.4362
2.0077,36.8,3.3374,0.8,1151,1.439,37.2375,-115.8734,0.5932
8.4013,51.5,6.6554,1.2923,769,2.4428,39.1565,-121.2386,4.2691
1.9375,37.9,6.8219,1.7448,2370,1.251,36.2666,-121.3536,1.138
3.0113,18.3,2.9127,0.8,2032,2.3946,37.6798,-116.766,1.5623
14.2075,31.7,4.9067,1.3562,869,3.0719,36.1021,-122.1984,5.0
8.8146,5.1,9.2121,1.9752,6130,3.7671,35.6343,-115.092,4.0589
4.752,12.3,3.5385,0.8,546,1.0,35.3388,-116.2006,1.6134
2.549,22.3,6.3533,1.7085,1601,3.5506,34.6276,-115.1229,0.5064
3.2623,11.3,5.711,1.2893,486,2.0274,39.7273,-120.7857,1.4251
4.6831,49.6,7.6858,1.6583,1370,1.7838,41.847,-122.7598,2.2628
4.5837,51.8,6.0909,1.2315,545,3.0675,32.7754,-118.3569,1.3662
4.2439,19.9,4.6374,1.0714,962,3.6271,34.3626,-122.5053,2.776
4.3995,37.2,5.6335,1.3618,4501,2.8995,41.6604,-121.7058,2.2849
3.9408,21.8,5.6627,1.1721,1424,1.9069,35.7469,-120.294,2.1204
1.8867,8.1,5.3166,1.0921,974,2.899,36.1953,-119.6414,0.5911
3.2874,18.2,2.8618,0.8,358,2.2748,38.7982,-121.1147,2.0622
7.7584,12.9,7.9862,2.2562,773,3.604,35.8505,-121.5104,3.226
1.9719,17.7,7.6329,1.4158,297,4.0754,37.1807,-121.9094,1.264
3.9999,12.0,3.4116,0.8,1352,4.0115,41.0568,-117.2536,1.704
2.7405,6.7,4.8985,1.2553,1325,2.9803,37.8654,-121.2883,1.7175
4.7913,12.1,5.0498,1.0904,576,4.1227,38.8354,-117.2088,1.8626
3.5495,47.2,3.187,0.8,2517,1.979,34.5623,-116.6997,0.9073
10.8747,5.3,2.0,0.8,2249,4.7829,34.9838,-117.0006,4.9019
6.0736,17.6,4.1588,1.0709,750,1.9734,40.9698,-114.8984,2.4994
2.0399,28.0,4.7872,0.8843,1046,1.0,41.217,-114.4779,0.7181
6.7042,19.1,2.6175,0.8,415,4.3654,40.1663,-122.958,4.0211
2.8157,27.4,5.854,1.5076,535,2.2899,33.6596,-121.1338,1.7939
3.1702,3.2,7.8257,1.5359,281,3.1167,40.2761,-116.2295,1.1908
5.4102,34.1,7.1842,1.6177,454,1.9692,32.6827,-116.2911,2.1126
3.3366,29.7,5.2466,1.0984,612,5.3636,38.1673,-123.7551,1.6787
7.6577,35.7,2.0,0.8,176,4.8218,38.915,-114.3986,2.8727
2.8159,29.9,6.9314,1.917,1055,4.5466,36.5508,-115.5099,1.1035
3.0914,23.3,5.7928,1.5125,1507,3.0884,37.0525,-115.0584,1.4651
3.0228,18.9,6.3487,1.1657,661,3.9807,39.5476,-122.354,1.4335
3.1919,12.5,9.3722,1.9743,100,2.9469,41.0013,-119.2403,1.5607
8.6669,26.5,3.8504,0.8,543,4.1222,34.2987,-119.8743,3.6016
6.5357,2.3,2.0,0.8,218,2.5894,33.8156,-120.7169,3.3627
12.503,17.7,3.3931,0.8,408,4.5847,38.4849,-122.1128,5.0
15.0,35.6,6.4721,1.4479,2125,2.5391,34.6922,-123.0341,5.0
2.4147,6.5,5.5539,1.1497,100,2.6527,34.3451,-115.3597,1.0462
4.6751,4.2,3.0687,0.8,346,2.5335,34.4332,-118.9304,2.2302
2.2128,34.3,2.6606,0.8,1292,3.1925,34.37,-118.1913,0.9416
2.8107,21.3,4.7908,1.3415,379,2.6118,37.0326,-121.7532,2.2297
3.0708,41.9,3.0078,0.8376,357,3.4873,41.6617,-114.6819,0.9187
2.3767,48.8,6.5413,1.2832,3381,2.519,40.3667,-114.668,0.8897
2.3842,49.8,4.6771,1.2476,900,3.7908,37.6617,-117.4498,0.5496
4.11,22.7,4.2458,1.2035,1405,4.5184,33.2711,-121.1342,2.5685
2.1597,14.5,3.9834,0.8,988,3.0775,38.8928,-122.0551,1.0183
7.4281,32.0,6.0262,1.495,757,5.2183,36.7859,-118.2497,3.2302
2.584,33.0,5.5852,1.1973,1828,4.1275,39.8944,-115.7548,0.6848
15.0,32.7,5.9039,1.1402,3054,5.1382,37.1926,-114.3467,5.0
3.4184,17.4,5.8603,1.174,173,2.9388,38.8486,-123.784,2.2403
4.6796,4.3,5.3556,1.4905,647,1.3385,34.4005,-120.9909,2.46
2.0602,11.7,3.4337,0.8,643,2.2939,40.4155,-120.3929,1.0649
12.4741,8.9,4.0392,0.8812,472,2.3959,39.9045,-120.6252,5.0
8.7732,7.3,4.7107,1.1215,1458,2.047,36.0531,-117.4883,3.8861
5.3556,48.2,9.6304,1.9233,817,1.0,41.6546,-118.7543,2.1711
1.9975,1.7,2.8023,0.8,3104,4.0246,34.0238,-115.1406,0.5942
5.0855,31.7,4.662,1.2287,1604,1.14,32.6901,-122.1632,2.4496
2.2868,49.3,5.6965,1.5029,1982,3.9289,39.7498,-120.307,1.3519
10.777,19.4,4.8933,0.9847,255,5.1855,38.2054,-118.8178,4.311
7.2828,27.9,7.6479,1.7347,349,2.2217,33.5538,-115.9236,3.2074
4.7458,36.5,4.883,0.9593,373,3.3876,34.0153,-115.856,1.7158
1.0389,17.2,5.0309,1.3302,1917,2.6014,33.7433,-115.4766,0.5
2.4842,25.4,7.1293,1.9916,307,3.8271,34.0851,-119.0491,1.1861
6.7711,42.7,9.1214,1.8631,314,1.8056,36.8834,-121.9632,3.6669
9.2788,39.0,8.315,1.5147,271,2.8682,32.9841,-116.8743,3.6933
8.719,42.2,5.2267,1.4166,6017,4.1212,37.4342,-114.4759,3.3721
1.7243,51.4,5.401,1.033,594,2.9511,38.251,-121.5044,1.0332
5.3706,19.9,5.5934,1.3098,1016,1.3714,39.41,-122.417,2.6212
8.2425,39.1,5.794,1.6397,267,4.2417,41.4873,-124.264,4.5008
1.657,31.7,3.8053,0.8419,1433,1.704,33.2835,-117.5021,0.5977
4.4605,35.0,7.3732,1.8171,161,3.0787,32.834,-118.7773,1.6277
5.282,38.7,5.9132,1.21,304,3.5826,33.8218,-123.0855,2.7912
3.7417,39.2,5.4103,1.3275,371,3.1199,35.7045,-122.4051,2.5131
1.4751,46.2,2.9577,0.8,792,5.5374,37.4909,-117.5467,0.5
3.6861,18.8,5.6246,1.4418,353,3.7338,32.5407,-119.9218,1.6984
3.6826,34.3,2.0,0.8,2251,2.7976,39.0775,-122.0511,2.2008
4.1007,15.3,4.3367,0.8105,995,3.6027,41.5904,-118.1389,1.5585
3.1961,31.3,4.3738,1.0156,383,3.2099,34.8729,-123.947,1.5653
3.4356,39.3,6.074,1.3812,1477,3.0444,32.5836,-124.3299,1.7046
4.3762,41.3,9.2597,1.6943,486,3.2438,39.6558,-121.7608,2.5501
5.8443,22.4,6.6438,1.7557,415,2.5659,39.8155,-121.4601,2.8542
3.7335,26.9,8.3968,1.6409,1362,3.2129,32.9133,-123.4041,1.8776
3.5051,18.0,6.7904,1.4652,100,2.4945,38.3646,-123.2939,2.0181
4.737,9.6,7.7501,1.473,1197,1.1038,34.807,-122.7381,3.038
1.4155,14.3,9.2143,2.2557,376,4.1402,38.5123,-116.8916,1.1154
5.9669,47.5,4.0363,0.9863,376,2.4346,39.4006,-116.0353,2.2221
4.4802,16.8,3.9058,0.9408,3186,3.1414,34.6161,-122.5931,2.5813
4.5897,50.7,6.8376,1.9352,435,2.2396,34.9772,-117.6039,1.615
7.976,13.3,5.4926,1.4305,1429,2.2698,38.31,-122.0466,3.7778
1.3886,37.9,5.9407,1.0823,832,1.961,38.0315,-115.2594,0.5
1.3712,30.3,5.0027,1.2513,904,3.9483,40.9186,-121.6763,0.7416
5.2819,36.5,4.3075,1.2169,544,4.1897,37.3485,-123.1374,2.6659
4.4626,33.8,8.7415,2.1546,522,3.0259,40.0978,-119.889,1.8805
4.9635,37.0,3.3003,0.8,2258,2.4633,39.4541,-122.8808,2.6475
3.3964,47.2,6.8728,1.4955,1400,1.3069,38.8241,-122.4171,1.7898
6.6766,29.7,6.5485,1.8004,446,3.7954,34.3218,-120.9398,3.1627
7.8427,4.5,2.342,0.8,288,2.3234,35.1254,-117.5624,3.1248
5.9918,14.8,3.8384,0.8,417,1.8827,37.8843,-123.273,3.2494
3.8324,37.1,4.1746,1.0632,1459,3.0293,33.1265,-121.5169,2.2429
1.2654,26.2,6.6292,1.3006,1708,2.6659,32.928,-115.4872,0.5
7.1103,29.0,4.7659,1.1286,1037,1.4819,32.9733,-121.6254,3.1749
9.3282,31.4,5.3288,1.2261,182,1.6193,41.2524,-122.7313,4.6567
6.5978,20.5,2.5847,0.8,1216,3.3365,39.0443,-118.897,2.9445
2.6438,40.5,10.1518,1.9213,1887,2.3443,40.4492,-124.1502,1.5578
6.7145,37.9,5.6424,1.3276,764,3.5103,41.6525,-116.0585,2.3378
7.5106,37.4,6.498,1.4517,3242,3.1465,39.1592,-122.1642,3.901
11.4191,37.5,4.4187,1.0849,231,4.0475,37.3956,-123.105,5.0
2.6494,46.4,4.1947,0.9258,1150,2.1679,37.0507,-116.0139,0.9785
3.9123,31.4,9.3254,1.9173,294,3.2327,39.5873,-115.6511,1.9594
7.0172,50.3,2.0,0.8,1551,3.6383,40.745,-116.7853,2.7965
4.6388,7.1,6.0573,1.1344,1086,2.3738,40.3814,-122.0367,2.441
2.2924,33.2,3.077,0.8,2810,4.1272,37.183,-118.9666,0.8343
5.7475,37.6,4.69,1.2698,992,1.3337,39.8483,-114.3248,2.6263
6.342,25.3,4.2238,0.8064,481,2.1671,37.0276,-119.4835,2.6223
4.7246,15.7,3.528,0.8,449,1.2963,36.1517,-114.5288,1.8655
5.1128,29.1,5.5709,1.3501,544,2.2641,35.3279,-117.3981,2.3592
3.8373,19.6,2.0,0.8,442,2.8454,33.0182,-115.6275,1.7525
10.8804,47.4,4.869,0.9327,1954,3.8315,34.411,-122.4798,5.0
2.6106,19.2,5.3194,0.9785,1846,2.8447,39.4351,-114.7693,1.1022
3.1506,10.0,2.7814,0.8,201,2.4046,34.1313,-115.5399,0.8678
4.5113,30.4,8.5264,1.7759,686,1.4508,41.0612,-116.257,1.9452
7.5941,21.2,4.3111,0.8258,699,1.7858,33.2465,-114.6172,3.2862
1.825,5.9,5.025,0.9176,356,3.3102,32.9857,-116.2168,0.9797
2.0418,29.8,4.3156,1.1851,944,3.8815,37.0703,-118.4442,0.9046
1.3196,28.4,5.3369,1.1841,2140,2.5808,34.6153,-117.6888,0.547
4.5705,9.8,8.1163,1.5467,1358,4.211,33.4781,-115.8806,1.3535
2.2911,31.5,10.446,2.9792,1954,2.0501,33.0687,-116.6338,0.6799
3.5583,29.9,6.9913,1.5982,374,2.6095,37.5093,-118.2862,1.3159
6.6647,40.5,7.676,1.6442,685,2.6939,34.9649,-118.2202,2.6787
3.0498,19.4,8.9329,1.962,360,4.5294,37.7798,-115.257,1.1814
5.1488,13.7,5.9977,1.2079,806,3.1337,33.9088,-124.3959,3.1507
3.7449,49.5,8.6405,2.3796,866,1.2016,32.732,-116.9615,1.691
6.7078,29.6,7.0848,1.3972,1433,3.9517,32.759,-118.5606,2.5294
5.96,2.4,5.788,1.4234,1902,4.8459,33.5704,-115.6979,2.2693
2.959,42.9,6.2007,1.2044,1154,2.7503,40.0624,-122.3429,1.5001
4.0504,11.0,2.0,0.8,334,2.1029,36.7609,-118.9839,1.6602
8.3833,41.1,6.0842,1.6967,225,3.8643,38.4267,-123.1597,4.2071
5.6747,37.0,2.4125,0.8,1008,4.9643,40.8124,-117.5766,2.4179
1.9383,50.4,2.2495,0.8,2209,3.8487,34.5197,-116.4804,0.5
6.6417,50.2,5.8858,1.4028,652,1.377,40.7778,-117.9529,2.7585
2.3379,15.0,3.2718,0.8099,196,3.7547,39.5835,-118.6749,1.249
10.4595,40.1,5.4858,1.1727,3526,3.4042,39.4257,-120.8945,4.456
8.2851,17.2,5.7769,1.0552,984,2.0454,40.772,-117.7823,3.7631
5.3331,33.1,5.8661,1.4377,763,4.2888,33.6958,-115.0552,2.2325
4.9251,31.5,3.6918,0.8,261,3.4384,37.6348,-116.9251,1.8738
3.9534,3.8,7.2974,1.7538,674,4.315,37.0936,-124.259,2.3643
6.7336,1.3,5.3215,1.0842,1152,1.9385,38.808,-119.1584,3.0758
3.5878,3.9,6.3822,1.4969,995,3.3988,34.7609,-116.7676,1.4062
5.1621,7.5,3.1071,0.8466,386,2.1049,33.7096,-119.2063,2.0531
7.5622,14.1,5.1433,0.9574,635,3.2477,41.7477,-118.2908,3.047
3.1992,47.3,7.6946,2.0102,406,4.4772,36.924,-114.9284,1.5539
3.0965,27.5,7.4404,1.3806,2518,1.5736,34.7042,-115.3235,1.1544
2.1889,41.6,3.9054,1.0536,1361,1.631,33.7222,-123.6462,1.2613
2.3663,43.8,4.4089,1.093,437,3.9555,38.1392,-119.1392,0.9236
1.4963,38.5,3.5226,0.8,261,2.9859,33.9037,-117.9657,0.5
6.9441,21.0,4.1872,0.8692,831,4.1713,34.2389,-115.5537,2.8749
13.2679,45.1,2.7019,0.8,448,2.1927,41.5455,-121.7122,5.0
10.5402,38.8,5.2236,1.1152,476,3.0512,32.7771,-123.0315,4.6214
1.6894,38.9,6.7663,1.7526,268,3.6881,34.2749,-118.2299,0.5
6.9234,47.0,3.9299,0.8,296,3.2102,38.8766,-119.5901,2.6159
10.5198,31.5,5.3188,1.4776,758,1.2113,34.5605,-121.7941,5.0
3.4073,28.0,5.059,1.1095,537,5.8226,34.2284,-114.5993,1.027
4.763,46.4,7.6102,2.0982,4901,3.2123,37.7868,-121.1657,2.4937
1.3435,24.2,4.2768,0.8746,1070,1.6596,39.1116,-123.9195,0.5057
5.2595,42.4,4.3496,0.8097,265,3.3142,36.591,-123.8826,2.7123
2.3676,3.7,3.808,0.8,195,3.4291,39.9222,-122.3886,1.1841
5.052,1.1,3.225,0.8,915,3.9939,40.2445,-123.2743,2.3344
1.7564,27.9,6.5584,1.6504,484,3.9271,38.4193,-120.3558,1.2938
6.2072,4.8,5.2298,1.3976,1930,2.7862,37.9893,-123.6551,3.723
8.2872,50.8,5.6096,1.0691,833,1.2779,40.2549,-118.6078,3.6174
2.8013,1.3,8.0493,2.1979,136,3.4614,32.6428,-120.2119,1.8053
2.2656,37.6,8.1642,1.716,294,1.3576,37.351,-118.2218,0.5
1.2292,13.4,2.2075,0.8,388,4.2152,33.723,-114.113,0.6446
3.8196,50.3,6.7957,1.2375,947,2.2672,34.6048,-114.085,1.2847
3.1615,20.5,5.9513,1.3173,287,3.635,41.5155,-120.1212,1.3631
1.7672,2.4,4.5768,0.9955,752,2.3438,32.5352,-120.6459,0.8542
5.8815,2.4,6.1554,1.1536,228,2.508,35.4166,-117.3437,2.9273
3.4213,29.2,2.0472,0.8,668,2.199,33.9664,-120.6394,1.8386
2.3503,51.3,8.4253,1.8052,894,3.7161,37.919,-116.328,0.5
3.2132,51.0,6.5299,1.2823,2141,2.3787,40.5205,-118.1827,1.1243
8.5231,18.2,3.7696,0.8,810,3.7685,36.2134,-122.4054,3.706
6.4351,25.6,4.3292,0.9941,346,2.4048,40.4533,-120.1442,3.3129
4.1453,6.1,2.0937,0.8,2196,2.7686,36.6822,-115.4316,1.6226
6.4978,27.6,4.8721,0.9872,574,3.0356,41.1359,-118.6898,2.3084
2.2332,31.6,4.5345,0.9253,1235,3.1538,40.546,-117.0459,0.7366
4.5696,13.8,2.8498,0.8,407,2.0758,34.1988,-117.0466,1.9059
4.8959,32.2,7.0534,1.7811,715,3.7038,40.9081,-119.4374,1.6321
3.3808,46.9,8.0536,1.6223,350,2.7287,34.3294,-121.3973,1.3112
5.8199,1.0,5.4453,1.4332,861,3.5439,37.1588,-118.2384,2.5518
2.8059,12.7,4.8887,1.0014,1265,2.9838,34.362,-123.3129,1.5745
6.0854,11.7,6.37,1.2905,448,3.5865,36.1714,-118.2276,2.5094
6.2408,7.3,5.4607,1.2981,428,2.5887,41.8632,-123.4212,3.332
0.7786,9.5,3.3356,0.8305,885,2.2104,39.7688,-115.0311,0.5
9.1539,32.9,4.1946,0.9879,344,3.4269,37.7637,-116.6893,3.8649
0.7199,6.2,4.9071,1.1633,197,2.5063,41.387,-122.5973,0.8474
3.0968,38.7,5.9964,1.272,882,4.4588,35.9172,-116.2611,1.0183
8.2913,46.2,5.5187,1.1065,610,3.0677,34.1455,-116.8785,3.0829
3.7048,48.3,5.9207,1.1335,600,1.6264,40.375,-116.8513,1.275
1.8595,34.7,2.4503,0.8,1009,2.4145,32.6157,-120.9795,0.8863
2.3251,11.1,6.8304,1.379,1128,2.0007,40.1437,-119.0112,0.5619
8.2991,5.4,5.5068,1.3339,585,4.0729,32.7076,-118.3494,3.6464
1.415,12.8,10.6054,2.0485,271,3.7735,35.2016,-120.5417,1.1902
8.8233,50.1,4.7247,1.2939,399,2.939,35.8772,-118.6158,3.5004
4.3359,50.1,6.1469,1.3356,1062,3.2901,35.526,-121.9378,2.5214
2.1914,20.5,11.1584,2.4271,742,2.9123,34.8126,-115.3137,0.7174
3.1586,17.6,5.8882,1.4178,428,3.8604,33.5277,-114.4165,1.575
2.4343,27.0,5.3647,0.9861,355,3.5198,32.5302,-121.0693,1.3699
7.5363,15.9,3.5262,0.9495,1090,3.7,39.8598,-120.9048,3.5417
6.955,51.0,8.5565,2.268,557,2.8082,36.8407,-122.2298,3.1964
1.5976,12.3,3.1818,0.8,1215,2.3684,34.0385,-115.4198,0.5996
3.5178,19.8,6.3542,1.4031,1344,3.6651,33.2807,-122.7847,1.6408
2.67,22.9,4.5529,1.13,518,4.5513,35.1452,-116.112,0.9549
9.7387,7.4,5.1213,1.2465,1422,4.106,35.8666,-115.7605,4.0884
1.9936,20.5,2.6521,0.8,743,4.5817,36.8835,-121.1797,1.0391
11.7345,44.7,8.1863,1.5636,824,3.162,33.46,-116.3437,4.9988
4.393,8.2,4.9444,1.0658,115,2.03,41.8093,-119.7438,2.1335
2.2319,30.8,3.0698,0.8,306,2.1188,35.0531,-120.8412,1.0327
2.9851,21.7,8.0054,1.8674,319,4.3796,36.6923,-115.1195,1.1474
2.7705,9.7,4.4917,0.8454,515,1.1381,39.2356,-119.738,1.298
2.086,1.6,6.1692,1.1698,729,4.5048,35.4468,-123.9201,0.997
4.7441,14.9,7.1828,1.9743,753,2.2124,33.2837,-117.8375,2.1526
2.1452,4.2,6.4481,1.3411,836,4.9234,36.0771,-117.591,0.958
1.2114,20.2,2.0,0.8,385,2.9294,37.7523,-117.8362,0.5753
3.5687,42.3,6.8907,1.757,1156,3.7226,40.4967,-120.7167,1.339
1.5194,37.7,5.2988,1.0135,2828,5.385,35.9953,-117.3745,0.5
2.8539,49.3,4.8419,0.9152,501,2.6699,40.9504,-121.4435,1.7384
2.5975,22.8,5.2819,1.441,391,2.6531,37.6877,-119.6242,0.9595
2.6572,37.1,2.2799,0.8,384,2.3052,39.3161,-122.2246,1.4394
14.8883,34.9,5.8843,1.1871,712,1.9982,32.7866,-118.0608,5.0
4.636,12.1,2.7712,0.8,437,2.6702,41.0094,-115.9897,1.973
5.1925,16.5,4.9283,0.9694,167,2.4452,34.5277,-123.4745,2.1536
1.5437,28.0,5.8125,1.2875,207,1.7497,35.5958,-124.2164,1.1752
3.0272,41.6,7.6481,1.4179,1504,2.7895,37.4747,-116.5081,1.4854
5.0997,24.6,3.8608,0.9898,1855,3.4498,41.6184,-121.1098,2.393
2.4237,12.6,8.4032,1.8633,2392,2.1041,35.7839,-121.0998,1.4988
7.7279,51.7,7.3937,1.7872,797,2.8376,34.5948,-118.5702,3.6083
2.1779,6.9,4.6412,0.9021,301,4.4065,41.6269,-119.3893,0.7777
3.7742,49.8,3.2825,0.8955,469,1.5805,40.1804,-123.2236,2.3012
3.153,42.3,2.6124,0.8,202,4.9317,38.8025,-116.5154,1.4846
4.9461,43.8,6.0435,1.1975,196,2.326,36.3915,-122.6491,3.2265
3.0517,41.5,4.0254,0.9759,816,3.2009,36.4943,-115.8267,0.8141
3.8094,11.6,7.8987,1.9841,1024,4.2792,41.5314,-116.4743,1.4141
3.8897,33.3,4.141,1.0288,3187,4.5843,33.1551,-122.7441,2.3237
2.8845,39.6,3.6987,0.8,622,3.4698,39.6963,-116.5388,1.12
5.9958,39.0,5.9673,1.4649,224,2.3055,38.2109,-117.5601,2.651
5.1708,14.8,4.1279,0.9588,603,2.2172,41.7001,-114.1909,1.5342
4.2496,10.2,5.5171,1.2016,531,2.4251,37.8049,-117.0258,1.3058
3.4616,17.7,7.472,1.3885,449,4.8893,35.1651,-120.4027,2.5374
7.2277,25.5,5.7345,1.1269,876,2.6169,39.9092,-117.9894,3.2591
3.8904,30.3,5.7419,1.4835,252,3.3236,41.8635,-117.5503,1.5978
3.7284,43.7,5.9103,1.1223,738,1.9562,41.1208,-116.6707,1.1419
4.7722,40.2,2.1138,0.8,1120,1.8437,35.3,-119.5794,1.8076
12.4032,35.5,6.2837,1.2591,2071,3.0264,35.7903,-115.8092,5.0
2.0053,14.4,5.8199,1.2837,853,2.6753,39.6708,-121.4871,0.9164
7.1129,25.4,7.2858,2.0018,1532,2.7483,38.1828,-114.3849,2.8437
1.4392,18.1,6.7116,1.3633,466,1.5209,32.6103,-121.2405,1.3144
5.1057,13.0,5.0961,1.1233,521,2.9265,33.8477,-124.1058,2.7348
11.5311,1.5,7.5648,1.8363,1955,4.5493,33.3122,-122.3986,5.0
6.0087,18.3,4.9147,1.3963,222,2.147,34.1979,-114.7619,2.8082
4.9648,14.1,5.9943,1.5129,482,3.8974,35.3966,-116.2045,2.2684
3.2019,30.2,4.8777,1.0353,1641,1.0,41.6884,-119.8866,0.861
4.566,4.2,6.4235,1.7246,562,2.1977,38.9265,-114.9959,2.389
3.8527,14.8,4.747,0.9867,529,1.0896,33.0202,-121.9104,2.5313
2.7966,3.3,8.7951,1.7113,538,4.2362,38.27,-122.0476,1.9032
3.7662,33.7,9.5347,2.3051,730,3.8788,36.6483,-123.1459,2.0069
5.0482,30.0,7.2479,1.9781,1586,1.9657,39.6634,-119.8545,2.3088
2.8283,18.2,8.5826,2.2709,1393,3.2893,40.8973,-119.1017,1.2375
2.7628,8.5,2.4216,0.8,671,4.2017,33.1195,-122.976,1.4702
1.9815,49.9,2.6572,0.8,1594,4.3572,41.8094,-123.2966,1.4975
5.6657,30.8,4.8569,1.0185,874,2.5942,33.0501,-120.4003,2.5419
6.2164,35.6,5.5825,1.0662,1323,1.0,39.4575,-122.0575,3.2242
5.15,28.1,5.1036,0.9298,292,2.1015,41.0798,-118.4702,2.2528
7.9973,42.1,2.2157,0.8,2673,3.7661,39.6413,-118.9945,3.2466
4.7243,46.7,7.8032,1.5959,793,5.0989,33.9325,-122.7939,2.5751
5.6701,20.5,9.8084,2.2126,100,2.9457,34.4759,-124.3606,2.8273
5.3779,36.2,8.062,1.7968,2509,2.3932,32.8912,-117.7297,2.1565
4.2422,12.7,7.671,1.8479,668,5.3994,33.7452,-116.3847,1.9371
3.2593,34.2,5.9522,1.4223,485,3.4057,33.0797,-119.3731,0.8336
15.0,21.4,3.814,0.8,410,1.7722,33.0096,-118.4572,5.0
3.4172,1.3,5.6451,1.1905,945,2.8811,37.8401,-114.402,1.3008
3.0056,49.7,9.7112,2.3474,327,3.9999,33.2287,-116.4391,1.1221
5.8148,45.3,4.796,1.2833,419,2.9296,36.5381,-120.995,3.0625
5.2128,15.8,4.5901,0.9857,427,3.7944,39.2418,-115.5718,2.1537
1.9292,51.9,7.7146,1.5495,526,1.395,32.6438,-118.7408,0.5801
8.7899,17.2,7.8474,1.6996,440,1.5658,38.5693,-119.0197,3.8871
4.2354,24.4,3.8042,1.0847,1316,2.2651,39.6932,-117.2353,1.6843
2.3012,44.4,4.977,1.2245,826,2.7178,37.5984,-119.9904,0.7537
9.1456,16.5,4.4962,0.8891,911,3.3339,37.0181,-115.2519,4.2829
6.5235,24.0,5.6394,1.1312,1084,3.6368,39.443,-122.7435,2.8683
2.0986,34.9,7.7074,2.1891,617,5.4661,37.5325,-120.0699,1.2603
13.0177,7.7,3.8919,0.8764,294,2.2614,37.3382,-123.8189,5.0
6.6544,22.5,7.6793,1.7554,2819,2.686,40.1173,-117.0934,3.3202
4.4544,16.8,5.7033,1.1871,1397,2.2893,40.4568,-121.6619,2.6146
11.6363,35.5,10.1524,2.7073,2417,4.0794,36.0,-120.033,4.9834
4.9312,7.9,6.1377,1.2941,1522,4.134,36.4471,-115.1932,1.9717
4.4068,12.9,5.3062,0.9837,460,2.5523,40.1072,-122.544,2.2697
3.0157,37.3,6.6494,1.567,102,5.0657,37.6762,-124.4764,1.6013
6.3542,9.0,4.8257,1.1559,249,2.2911,39.0247,-118.4297,2.9015
5.9653,22.5,2.0,0.8,1107,4.0299,33.2142,-119.9058,2.7491
4.5213,37.4,5.019,1.3885,613,4.4545,33.406,-123.9229,2.3591
2.7899,40.0,4.9874,0.9299,475,1.6384,37.5521,-121.3894,1.7956
4.8451,5.8,2.3154,0.8,100,3.5776,40.2827,-121.9894,2.4507
4.2979,44.5,5.3539,1.5248,658,1.0,35.5071,-121.7635,2.5269
2.0136,37.9,2.0,0.8,280,3.8242,41.626,-116.2085,1.1416
1.8532,18.3,4.8046,1.2486,373,1.8984,39.7231,-121.3001,1.2517
6.2908,40.0,5.9872,1.2952,1313,3.5675,39.9263,-119.3589,2.9179
0.9407,38.1,5.694,1.1725,292,3.755,40.4233,-121.712,0.5
5.0695,31.6,4.6779,1.109,315,4.1201,34.9176,-114.5193,2.2811
3.3641,29.5,5.3289,1.1691,772,3.8902,35.6381,-116.3708,1.0889
9.8252,38.5,3.9319,0.8269,1337,3.0559,33.6251,-120.0555,4.7639
3.3332,52.0,5.5216,1.4202,482,2.6195,36.1134,-116.8667,1.1341
6.6571,30.5,5.6162,1.0233,2151,2.9256,32.8404,-121.1943,3.2448
3.532,42.2,3.6995,0.9467,239,1.884,39.6391,-123.6366,2.0202
4.7982,39.0,6.0354,1.7143,208,2.7883,40.1243,-119.9795,2.2189
6.9734,44.6,6.0229,1.1177,194,2.7093,34.5294,-118.5719,2.3443
3.3956,49.7,5.1676,1.1857,177,2.2118,37.154,-120.8318,1.8784
8.1493,10.8,10.3421,2.4067,871,1.2588,38.8839,-120.2838,3.738
2.4689,9.4,5.2186,1.2881,304,1.7231,39.5541,-116.9985,1.2551
5.3482,30.9,4.9415,1.3913,215,1.0,41.7097,-115.0978,2.6277
7.7958,23.9,4.6552,1.1554,901,2.6921,34.4062,-115.1119,3.2714
6.6594,30.1,3.5581,0.8301,1286,3.3605,34.8439,-118.4552,2.5609
14.1522,41.7,6.8718,1.5134,1542,1.0,40.6119,-117.8904,5.0
2.8347,48.5,4.1275,0.9348,1340,3.2367,33.4235,-118.9055,1.4399
1.9591,22.3,4.3641,0.83,319,2.8775,39.9659,-120.602,1.4847
2.468,37.6,4.4235,0.8311,830,1.8232,33.7667,-116.7493,0.5
6.661,11.0,3.5301,0.8539,990,2.5688,36.9125,-123.3319,3.6097
6.0421,28.3,2.0,0.8,455,4.0508,38.1263,-115.1129,2.1413
4.7653,2.1,4.5741,0.8746,759,2.0258,39.7948,-121.5209,2.2838
2.2847,26.7,7.2467,1.3532,244,3.0789,33.588,-122.2024,0.8301
7.1002,28.8,5.894,1.1997,403,3.3466,40.3286,-121.6231,2.8781
2.1494,38.5,8.6212,2.2125,896,2.1778,40.5803,-115.977,0.7619
8.9833,34.1,7.0019,1.7998,2222,4.0083,40.0382,-121.6766,4.6458
15.0,19.3,6.5479,1.2314,1671,3.4038,41.4045,-118.0998,5.0
5.5838,1.3,9.2653,2.0525,1129,2.7481,40.7861,-120.8968,3.2308
6.359,6.9,5.3057,1.0047,709,5.3632,39.7958,-117.6078,2.8703
3.3344,50.6,5.6262,1.1386,626,4.0126,38.0037,-118.2879,1.3228
1.5127,48.0,5.4771,1.3954,209,1.3138,40.1819,-114.0235,0.9658
3.1217,17.6,8.5876,2.0114,341,2.6108,41.7657,-121.235,2.1976
2.3263,14.2,5.505,1.0128,350,5.4666,38.5545,-120.827,1.793
1.881,23.3,4.2034,1.1877,1053,2.0178,34.8047,-122.4129,0.7148
12.5965,36.2,6.6754,1.3543,1417,3.0663,34.8545,-119.629,5.0
5.2789,19.2,3.8675,0.8,1199,4.231,40.0619,-115.7077,2.4958
5.6283,4.4,6.5669,1.7709,1713,3.6523,41.8998,-122.2845,2.7761
3.7232,21.5,6.3277,1.5647,705,3.7965,34.498,-114.4052,0.5785
4.0401,14.3,5.1212,1.1148,303,3.7376,41.7158,-124.3618,1.8976
7.9943,17.6,6.6316,1.2784,639,3.0254,35.0487,-116.0459,3.2477
4.3956,9.3,2.5244,0.8,372,2.2077,36.4216,-117.2379,1.9909
6.1621,34.6,5.8259,1.6097,1126,3.4348,41.1275,-114.9948,2.3678
3.9844,27.9,4.5745,1.2184,499,2.5972,41.6372,-119.021,1.5891
3.6499,14.8,11.2245,2.6399,615,2.5186,37.8861,-117.3499,1.396
1.9268,29.2,5.8117,1.4021,1159,4.4825,41.5259,-123.981,0.8455
1.368,26.1,4.3072,1.0934,368,2.619,40.503,-120.3593,1.162
3.8308,41.6,2.7434,0.8,1438,4.7061,40.7308,-116.4077,1.186
4.6362,49.8,8.1108,2.2823,226,3.2568,40.7484,-123.3557,2.7641
2.0716,7.7,4.7999,0.9305,850,2.8409,36.1694,-116.2848,1.143
4.3899,46.1,3.9173,0.8,618,1.1824,32.7913,-121.2631,2.1481
4.6286,36.9,6.1726,1.2967,1289,5.1199,34.0642,-120.7936,2.5417
1.2292,36.3,6.7994,1.4312,222,2.994,33.2074,-117.7026,0.5
2.5881,20.1,6.7679,1.7819,195,1.0,34.8028,-123.6793,1.3784
5.7222,18.5,5.5395,1.1947,1212,3.9877,33.0253,-117.9414,2.6049
5.6533,1.3,5.8184,1.3689,487,2.9498,35.1309,-114.9059,2.9397
2.243,51.1,5.9641,1.5068,619,2.0687,38.0951,-123.5155,1.2765
4.9287,31.9,6.1728,1.3227,392,3.9312,33.8401,-121.8435,3.1544
8.2767,21.5,6.3498,1.813,1381,1.0,35.4996,-124.3563,4.2416
7.1438,28.7,7.6889,1.8972,845,2.2859,34.6293,-119.0611,2.9884
4.2327,3.1,5.6128,1.1664,806,2.7006,33.4035,-116.8249,2.2192
3.3845,9.9,3.8664,0.8767,261,3.8522,38.9229,-114.7728,1.0938
3.0722,32.8,5.2114,1.3746,993,5.2403,40.9838,-120.6357,1.9653
5.934,27.2,7.0076,2.0007,301,2.7552,39.3019,-122.9381,2.7411
5.0383,41.1,2.0,0.8,393,3.4599,39.0,-124.1946,2.3964
6.5381,34.6,2.0,0.8,223,5.7484,41.8387,-121.0874,2.9047
4.8507,31.7,7.3366,1.6057,587,3.0047,39.4471,-119.1216,1.4225
7.3247,42.6,8.5402,2.27,1559,3.4682,32.9475,-115.0419,3.336
4.7434,4.5,2.9696,0.8,797,1.7626,34.5733,-122.2273,2.6627
7.1765,36.2,5.7009,1.0369,467,4.9592,38.5559,-116.2964,2.8451
7.5571,37.5,4.7009,1.0067,726,2.287,38.5709,-119.4503,3.0008
2.7657,15.0,4.9783,1.0929,723,3.2686,40.4097,-115.3909,1.1388
1.5145,11.0,6.1111,1.2878,701,3.2402,34.0089,-115.4378,0.7454
11.3146,11.9,2.9143,0.8,767,3.0853,41.8216,-115.4942,4.8444
5.2278,11.1,3.2856,0.8,289,2.5657,37.4048,-120.2859,3.0488
1.6021,27.7,4.8975,1.3672,724,3.2413,41.2439,-120.8648,1.321
2.9204,7.9,5.2092,1.3323,163,4.7573,37.5288,-122.3235,1.584
7.1215,34.6,3.2481,0.8704,1054,5.2809,34.2757,-122.1015,3.6709
3.7893,6.4,7.0793,1.4033,275,2.8249,35.8347,-118.0296,1.4682
3.2962,2.4,4.6649,1.299,1706,2.5505,34.6011,-114.3996,1.0707
10.3867,17.3,4.6564,0.8777,100,2.1912,35.0101,-118.1374,4.5193
2.3908,10.8,6.0653,1.7128,2539,5.6861,40.9584,-120.1707,1.5218
2.7763,51.4,5.2422,1.1142,179,3.1288,36.0852,-121.9546,1.2125
5.0877,16.5,7.175,1.7711,255,4.115,34.2354,-117.6543,2.3728
5.6648,12.3,3.6332,0.8181,845,3.6967,35.9632,-122.2851,3.14
6.0364,11.0,2.7052,0.8,1091,5.2084,38.3639,-123.5196,3.1497
7.7426,20.1,4.8804,0.9765,530,2.7523,34.4084,-123.5178,4.0051
5.0488,31.9,5.6205,1.2509,1358,1.8929,32.9843,-115.5702,2.1148
6.0112,40.9,3.0185,0.8,352,4.8595,40.7851,-120.4863,3.0648
3.8362,19.6,2.7245,0.8,483,3.9033,34.7726,-114.6264,1.4877
4.6535,32.9,5.8646,1.0959,522,3.4563,41.3954,-119.2842,1.7979
4.7804,25.6,3.9844,0.8,432,4.5352,32.9479,-117.2392,1.5204
5.0991,44.2,2.595,0.8,142,3.5133,38.683,-115.817,1.7855
7.1244,30.0,7.4307,1.6603,652,4.5699,38.8198,-115.3179,2.9861
6.2532,15.8,4.2364,0.8,607,3.2466,33.9823,-122.7932,3.0665
4.6022,36.9,7.7996,1.7439,1576,3.9019,38.8197,-122.2249,1.9715
2.7581,42.8,5.5569,1.0366,238,3.5264,36.1826,-122.924,1.1854
4.6674,24.7,6.0895,1.1927,399,2.6747,36.1268,-119.8217,1.6839
4.407,51.3,5.077,1.3359,1742,2.7946,40.8361,-122.8721,2.7707
5.0325,45.8,2.0,0.8,841,2.6071,41.5479,-117.6659,2.0297
15.0,11.0,3.2264,0.8,1032,3.2655,34.1161,-120.6903,5.0
3.2731,41.1,5.2486,1.0774,956,2.5442,38.9989,-114.3772,1.2065
5.774,31.6,6.2295,1.3242,959,3.4359,33.9697,-115.9258,2.1932
8.5086,28.3,2.0,0.8,2855,3.4019,32.8325,-116.8951,3.4503
4.7531,27.2,5.3928,1.1747,716,3.2052,33.9205,-117.2685,2.0361
15.0,44.5,3.2555,0.8,296,3.2225,38.5292,-124.0841,5.0
3.5722,32.2,5.9692,1.2893,1109,2.4338,39.4012,-123.6213,1.8772
5.4437,28.4,5.4612,1.5354,423,2.718,37.3168,-119.9628,2.2795
2.7752,3.5,6.987,1.4998,609,1.3294,41.5408,-114.8956,1.2982
3.6295,23.9,7.6336,1.439,894,2.8801,39.7596,-123.5127,1.9435
5.2037,47.3,6.418,1.8292,345,2.0142,34.0354,-120.0885,2.4984
7.4468,37.3,7.2208,1.3911,442,3.0999,34.4754,-116.1639,3.0269
5.4274,3.6,4.7993,0.9403,973,2.2855,38.1628,-121.1422,3.0327
9.5398,46.1,11.1462,3.0026,429,1.0,35.6664,-114.7415,4.6043
4.2335,43.2,3.0624,0.8,1449,5.2524,32.5085,-114.6857,1.7238
3.6719,28.9,4.4445,0.8841,302,2.7686,32.7308,-123.9018,1.1475
15.0,2.1,7.3027,1.6293,301,4.4471,36.3769,-118.0278,5.0
5.6777,29.7,7.0054,1.7556,3056,2.473,37.4743,-122.9715,2.7415
2.9105,3.8,6.4748,1.5884,196,4.6981,38.7065,-119.8694,0.8369
2.9548,17.3,6.8506,1.45,651,1.8483,39.7498,-115.0731,0.9364
2.5457,33.1,2.0,0.8,2925,3.176,41.7032,-123.7296,1.3789
7.8612,47.6,8.6786,2.0909,650,1.9077,40.4692,-114.6577,3.4077
3.6016,19.2,5.0922,0.9497,1954,5.6007,35.8814,-114.0582,1.4588
4.8376,44.9,7.9918,1.6117,1121,2.7507,37.5796,-117.4624,1.832
4.3141,47.8,2.0,0.8,661,3.8285,34.5512,-120.7591,2.1995
6.9511,2.1,6.0131,1.1111,599,3.4506,41.7032,-121.8644,3.2831
2.6965,13.2,4.373,1.2453,122,2.9745,37.5867,-119.9576,1.1736
2.3506,37.2,6.6442,1.6657,515,3.5177,34.8719,-122.6118,1.5515
5.1273,39.6,6.1341,1.2737,801,4.3592,39.3784,-124.2894,2.6407
6.4274,21.0,6.2321,1.424,801,3.6682,37.135,-123.8412,3.0747
5.4713,34.5,3.3821,0.9078,4782,3.1625,41.9689,-117.5326,1.8652
2.7575,32.2,5.3861,1.0639,833,3.5193,33.2098,-124.2821,1.6436
6.7294,38.7,5.1397,1.43,1101,4.915,35.687,-121.3347,3.6292
2.8682,37.7,6.4906,1.4148,1689,2.5832,41.4476,-117.3979,0.629
3.2775,5.4,7.4786,1.617,1025,1.1461,36.8814,-122.6648,1.8677
2.5437,9.1,5.801,1.2156,621,1.9035,35.462,-121.0111,1.6077
9.7835,7.8,2.9477,0.8,623,1.9779,38.2463,-124.1699,5.0
6.5539,48.6,5.7152,1.6112,502,2.1187,38.8127,-123.3196,3.3268
6.443,47.6,10.7222,2.0315,949,2.1531,33.3817,-122.1278,2.974
9.4719,41.7,8.792,1.6408,580,2.9764,34.9642,-123.1751,4.8348
15.0,7.0,2.0,0.8,1097,3.2474,35.4353,-119.5434,5.0
1.6072,30.3,5.6267,1.5889,297,3.2367,34.8352,-123.1671,1.4809
2.8777,10.5,7.3642,1.5797,748,2.2697,36.1373,-121.2956,1.8321
3.0966,19.8,5.1353,1.2429,2302,3.9939,35.6797,-116.9025,1.1004
2.6899,14.6,4.5798,1.185,556,3.5345,39.4485,-117.6345,1.1248
2.3477,43.3,4.9661,1.294,2906,4.5813,38.1899,-120.4785,1.0102
3.7442,8.4,6.6044,1.7116,758,3.8468,36.5773,-114.7236,2.0764
2.1598,34.0,3.2031,0.8,636,2.6505,34.4,-116.2342,0.5
5.4796,51.2,7.8774,1.9396,730,4.3055,36.4961,-118.1246,2.0382
4.6229,36.0,5.388,1.0416,518,3.2736,34.2146,-119.9138,1.7523
5.9812,5.0,3.63,0.8083,136,3.798,41.5454,-123.8696,3.0134
6.0778,47.3,7.7487,1.7791,1345,3.7204,34.1508,-120.165,3.2368
6.4353,33.8,2.4097,0.8,3844,2.8757,40.6574,-118.7747,2.5244
3.5821,24.3,4.3896,0.8358,977,3.1033,38.348,-114.0943,1.5178
15.0,34.6,4.3566,1.2069,1026,2.8686,40.2028,-114.5081,5.0
5.1586,45.8,9.7879,2.4598,575,2.1471,40.9413,-123.3218,2.8939
1.466,25.3,4.13,0.8708,1679,1.0,40.1379,-114.2177,0.5071
2.4561,28.1,2.0,0.8,645,2.3062,38.0983,-116.5765,0.9741
1.5773,24.1,4.3364,0.8499,824,3.1992,35.0364,-117.3397,0.5
4.5285,4.7,6.4111,1.4839,190,4.0856,38.7701,-115.0126,1.6195
4.1658,41.1,7.0682,1.6855,436,3.796,32.546,-121.0869,2.3245
3.3836,7.4,10.0531,2.4657,892,2.7204,36.0859,-120.3073,1.6316
14.9776,21.1,8.3138,1.7932,1374,2.3198,40.6507,-115.3551,5.0
6.2301,20.7,5.8758,1.3999,1405,2.8201,38.0151,-123.4081,3.0994
6.9286,15.3,3.7172,0.8944,188,2.025,34.9759,-117.0538,3.0857
2.5635,21.5,8.7481,2.4756,204,1.0,40.9757,-115.9969,0.9679
2.4609,32.5,4.7629,0.8826,1061,1.4549,32.6451,-115.2068,1.3215
4.5818,16.9,4.1837,1.1553,366,4.3747,40.8878,-122.1987,2.3056
4.9719,9.8,4.6659,1.1544,1361,4.8573,39.7148,-117.3679,1.9234
1.4714,45.3,2.9954,0.8,181,3.7539,33.8906,-123.6,0.5
4.0221,50.5,4.57,0.9194,615,2.9418,33.0976,-115.4599,1.4697
4.5197,24.4,5.0338,1.0811,647,1.607,41.5367,-119.4411,2.0262
3.9389,17.7,6.9613,1.4438,977,2.8389,33.1368,-117.9463,1.6041
2.751,3.4,4.7238,1.2787,292,3.6118,41.7507,-115.5606,1.0464
3.2423,2.9,2.9651,0.8,138,3.8299,36.496,-119.1868,1.0246
4.0305,21.0,2.2925,0.8,763,3.6888,35.8583,-119.1591,2.1243
4.7326,48.4,5.9191,1.0936,1013,4.2096,38.6754,-119.6211,1.7225
6.4422,38.3,5.6453,1.4246,1489,4.943,37.2124,-118.1927,2.2003
8.5721,18.8,4.3914,0.9244,499,2.595,36.2055,-116.9681,3.4188
3.7561,50.4,4.5651,0.9944,1237,5.8053,38.5815,-116.0457,1.149
3.4086,22.9,6.277,1.6579,981,1.0,35.8256,-124.1871,2.3903
5.8275,15.1,8.2811,1.9596,1916,2.2217,32.8264,-120.8452,3.0852
6.4657,22.7,3.9397,0.8,636,3.2,40.3341,-119.9585,2.5964
3.4538,11.8,5.6778,1.4465,167,3.549,37.3891,-123.4637,1.9202
7.2011,46.2,7.4165,1.3669,630,2.8184,39.0235,-116.608,3.2037
8.0668,19.4,3.9478,0.965,714,2.5042,37.9642,-119.0098,3.6235
9.728,34.6,5.4687,1.1505,1007,5.2026,38.3348,-124.4802,4.5999
13.0266,20.8,5.424,1.1449,195,2.4565,34.5799,-117.8706,5.0
2.6649,47.0,2.8774,0.8,518,1.9806,41.3793,-120.9403,1.3979
4.5192,33.8,5.837,1.2133,1332,4.6908,36.7534,-116.868,1.313
4.5121,25.9,5.5631,1.1155,612,3.8492,41.2409,-122.6132,2.4369
4.2256,7.7,6.6102,1.3951,521,4.0947,40.1657,-124.4873,2.1385
3.0357,47.0,3.1262,0.8,3057,3.1959,39.3408,-123.5883,1.4332
1.838,28.9,5.5199,1.1712,283,1.624,36.8711,-119.8758,0.7443
4.738,15.5,8.2635,1.92,1784,3.0846,32.7151,-116.6459,1.8175
2.8264,45.8,9.655,2.6512,1506,1.4863,35.4945,-118.1589,1.0066
4.719,3.8,8.0603,2.1103,555,3.2423,38.8161,-124.3429,2.5006
2.7831,17.0,3.1459,0.8,648,3.6534,35.6412,-118.2881,1.0189
2.3168,28.4,6.4021,1.1957,646,4.0754,33.4417,-119.4372,0.8677
5.1582,18.3,4.5337,1.2766,769,2.9076,37.4187,-116.1363,1.8026
4.9065,25.3,6.0678,1.3225,413,3.7481,33.9676,-121.805,2.4345
6.3444,14.5,3.9556,0.9879,472,2.0962,35.4091,-116.9512,2.7899
15.0,7.6,2.0731,0.8,501,3.9666,37.2682,-117.8663,5.0
5.2929,2.9,4.811,0.9623,514,3.6746,33.6047,-117.9586,2.2584
5.9957,9.0,6.9452,1.3972,519,2.1997,33.569,-120.2417,3.1543
2.3478,49.6,6.076,1.2275,111,3.5304,34.4958,-124.3651,1.3183
2.0706,30.3,6.3059,1.2468,719,4.0897,38.1222,-122.5298,1.3968
11.5848,25.9,5.9327,1.6275,436,3.0786,41.3654,-115.6354,5.0
2.5752,20.6,6.3091,1.3961,149,2.1775,34.7708,-118.0231,0.8942
2.3956,37.1,6.559,1.6302,503,3.1778,39.3383,-118.4295,0.7083
4.3778,8.2,4.9506,0.9266,490,3.5525,34.2991,-118.9802,1.9568
4.2456,15.1,5.6658,1.1184,1845,2.17,38.5374,-123.6922,1.9534
2.6078,34.5,8.9865,2.4189,432,1.9924,33.8083,-120.8495,1.6245
3.7323,25.4,5.7841,1.4509,1135,3.5216,40.5311,-117.9989,1.5535
9.3711,40.3,5.5851,1.2663,2011,3.8233,39.5538,-123.1817,4.3162
2.7632,46.8,5.7058,1.0516,402,5.1498,38.9669,-114.8296,1.15
1.9422,43.0,5.0642,1.3616,640,3.6657,32.6393,-123.7372,1.0778
7.8897,10.4,4.6293,0.9986,2652,1.7909,40.4459,-117.3622,3.2515
6.0218,5.7,5.9174,1.4148,799,5.0398,33.9331,-121.337,3.1103
3.0885,9.6,4.4886,0.9365,897,4.055,37.5681,-115.4314,1.2933
1.7345,41.0,5.209,1.0858,480,1.0,39.8783,-115.8182,0.6884
2.8669,47.6,3.919,0.9844,1152,1.9697,38.5009,-121.0013,1.6791
4.337,48.2,5.716,1.1271,644,2.5084,40.2807,-119.6478,1.5409
9.0196,16.2,6.6684,1.8108,154,3.8381,39.2341,-114.4293,4.1393
2.4062,43.9,5.0762,0.9883,501,1.0,39.6827,-118.117,0.5
4.2601,28.3,2.0,0.8,258,2.8809,35.3383,-124.437,2.1857
6.72,43.0,6.6807,1.4278,728,3.781,36.1015,-116.339,2.7261
1.0738,29.0,5.7404,1.3685,319,1.0,37.2638,-120.7062,0.7767
8.3334,8.4,3.5135,0.8,975,3.7468,38.0685,-121.6037,4.1324
2.2046,5.0,7.0465,1.7464,689,3.8669,39.0709,-115.7625,0.5895
5.4696,49.8,2.7031,0.8,245,2.1533,37.778,-114.341,2.1239
5.1966,22.7,7.5908,2.1587,449,1.8467,39.2493,-123.8486,2.8211
8.5913,18.9,5.3853,1.2674,1093,2.1377,33.9321,-120.4013,4.1614
6.2373,19.2,2.0,0.8,1666,1.0,36.2491,-121.563,3.1898
1.0764,20.3,5.8567,1.3232,323,2.6738,41.1764,-115.0736,0.5
2.7986,49.2,4.6876,1.042,276,3.2196,34.5611,-115.3892,1.2151
4.8692,4.2,4.3863,0.9248,3168,1.7807,33.8648,-115.0383,2.3943
3.9869,7.1,4.0245,0.9213,660,3.972,39.5757,-124.0521,2.0984
5.9689,41.3,5.2456,1.0022,716,3.1026,34.3471,-123.9738,3.0527
7.1967,29.0,4.5296,1.0518,368,3.26,36.8473,-118.7103,2.9911
6.4564,7.6,2.0,0.8,790,2.598,39.2624,-122.7475,3.7823
3.941,2.8,8.0441,1.5311,2623,3.743,37.1061,-123.3171,2.0484
1.4802,12.4,5.0113,1.1541,815,4.2906,41.0644,-121.7662,1.0402
3.41,14.3,4.0361,0.9538,1559,2.5925,40.8424,-117.0513,1.7799
5.7536,1.7,3.2432,0.8,681,3.761,37.278,-117.4476,2.1892
2.3297,12.0,7.0415,1.4053,293,3.772,41.6281,-116.2555,0.9478
6.5454,38.7,2.9031,0.8,385,3.4179,35.2719,-123.8411,3.5314
7.7294,44.6,5.768,1.4485,272,4.6771,34.722,-116.4527,3.2786
4.8362,46.8,4.3327,1.1424,792,2.2735,38.8673,-119.3485,1.7193
0.713,20.9,4.4492,0.886,1771,2.5785,37.9414,-121.2136,0.5542
2.0816,17.3,3.2929,0.8,757,2.223,34.8855,-118.092,0.5
13.8976,52.0,4.2594,1.0983,520,3.725,36.0257,-116.1049,5.0
3.2287,40.2,5.5176,1.2064,354,2.7275,34.7138,-123.4093,1.716
1.3628,28.4,5.9706,1.1874,884,2.3043,34.7513,-116.0234,0.6105
9.4041,14.0,3.9288,0.8,247,4.6631,35.9919,-118.5209,3.6175
4.5177,17.4,5.3181,1.3788,268,4.8095,41.2801,-117.9894,2.4048
8.6969,27.3,7.2769,1.7711,1367,2.6713,40.4315,-115.271,3.3909
5.2919,28.6,2.1747,0.8,533,1.6326,37.368,-117.0451,2.2132
5.9011,1.7,5.4875,1.1553,524,4.8635,37.0388,-118.373,2.7524
5.5723,49.9,3.5984,0.9538,581,3.4707,32.799,-120.9718,2.6979
6.8107,30.4,3.3946,0.8734,1189,3.4207,36.8918,-119.1417,2.9404
15.0,31.0,6.022,1.1899,759,3.105,38.4259,-115.7161,5.0
8.0253,11.8,4.4095,0.9619,367,2.1997,39.8966,-114.0461,3.5866
1.7364,40.0,3.0664,0.8026,378,2.5867,35.8818,-116.5604,0.7867
5.8591,38.6,8.1486,1.9053,569,3.6777,41.2342,-116.2033,2.2564
8.8897,5.9,7.3402,1.9475,847,2.5524,40.4818,-117.1561,4.2823
9.2223,31.3,2.0,0.8,647,3.433,33.2812,-116.447,3.9571
3.4696,34.6,2.5511,0.8,602,3.0134,41.078,-121.9466,2.0887
9.0157,43.6,6.6869,1.7955,690,1.9431,34.6169,-120.0498,4.1833
7.8197,11.5,4.9303,1.3621,646,4.6211,41.2715,-118.662,3.1207
15.0,45.8,8.5011,1.6152,356,3.594,38.4915,-118.7306,5.0
2.8576,24.5,6.7327,1.2763,1613,3.3306,36.4132,-118.2287,0.772
3.3054,5.9,6.0989,1.74,452,3.555,36.6463,-114.2779,1.5663
3.7297,6.4,3.4563,0.8,738,1.2071,37.8465,-115.5197,1.6012
3.3397,11.1,6.4829,1.7581,128,2.5068,40.5168,-115.8078,1.0985
2.6274,15.4,2.9485,0.8,560,1.4727,40.4508,-115.7811,0.8649
0.8542,26.3,8.1105,1.5422,276,3.1247,36.4416,-116.17,0.5
3.4528,39.2,6.3443,1.3404,304,3.3259,40.5658,-117.3684,1.5124
5.5936,10.5,3.8503,0.8147,4618,3.1413,36.9836,-121.8063,2.9731
3.3336,51.6,7.1094,1.6756,812,4.1786,36.4667,-115.5145,1.1084
14.3139,9.2,9.983,2.4964,1774,1.5026,34.8109,-121.5628,5.0
4.5178,31.6,5.0648,1.1259,1318,2.2007,40.3653,-116.8887,1.7775
9.7242,48.4,6.6008,1.7521,1461,3.4143,38.3906,-123.3347,5.0
5.2428,43.5,4.6363,0.957,567,3.2639,36.5956,-118.7536,2.0008
7.3584,34.0,5.6707,1.2771,2405,1.6846,38.7926,-121.1526,4.0951
5.2991,37.5,2.4855,0.8,1309,4.1965,40.6796,-117.1032,1.9624
10.1886,7.8,5.4989,1.1758,688,4.5432,34.3793,-115.5195,4.791
4.6347,1.5,5.5872,1.0975,821,3.4256,36.2282,-124.337,2.1009
6.0356,23.1,9.098,1.945,596,1.4909,36.1129,-123.2996,3.2406
5.5834,5.6,2.0,0.8,694,3.1597,33.2222,-114.7821,2.1584
3.7698,19.2,4.9382,0.9505,642,3.3403,35.6736,-121.9877,2.8063
5.7144,12.4,8.0762,2.2934,903,2.7282,39.737,-116.8267,2.6244
15.0,47.7,5.0165,1.0598,2676,4.3472,34.9067,-115.9683,5.0
3.8105,45.9,5.1573,1.194,254,2.8841,40.2037,-116.7242,1.1954
5.7643,42.8,3.8335,0.9862,1659,5.1045,41.5749,-124.1629,2.9483
9.5321,37.4,3.6348,0.8,495,3.7831,34.6277,-116.7781,4.1442
8.8831,8.9,2.0,0.8,1837,3.2761,36.3918,-114.4035,3.9599
4.5133,3.5,4.2416,1.017,509,3.9204,33.7477,-120.6277,2.2603
1.0725,34.3,3.5213,0.9175,925,4.5309,39.0754,-117.0423,0.5
6.1106,33.8,5.7361,1.0438,586,3.8991,37.0809,-121.5971,3.5104
1.1833,19.8,3.9247,0.8,167,2.9242,38.0928,-114.0267,0.5
10.8261,25.1,4.5408,1.2475,2674,2.3401,39.8976,-122.3124,5.0
4.9614,25.9,4.5956,0.9922,313,1.8779,39.8737,-121.2916,2.2344
8.1646,13.2,5.4037,1.424,711,1.0,37.4018,-122.737,3.7785
2.6084,17.0,4.443,0.9009,287,3.1742,40.882,-114.4706,0.8678
1.7656,22.3,3.3764,0.8,228,2.6123,41.3533,-118.5,0.5
5.2407,31.8,5.6715,1.5243,565,2.6659,38.4918,-121.9067,3.0304
4.3922,49.7,7.635,1.6547,414,4.0289,32.8649,-123.0877,2.011
3.337,28.5,5.7569,1.0819,261,2.8879,39.8717,-115.3145,1.3972
4.7152,38.3,4.2804,1.0234,647,4.8951,40.9732,-123.8421,2.0978
15.0,42.2,5.2537,1.4587,203,2.4269,37.7881,-117.7457,5.0
7.3943,6.8,2.0,0.8,735,2.029,39.1534,-118.0936,3.1731
8.4123,34.3,5.2212,1.38,601,1.7424,35.8824,-116.3962,3.4782
7.4362,25.6,4.6993,1.056,100,3.7228,37.27,-117.3406,3.3987
10.8882,30.2,3.6331,0.8,438,4.1515,40.082,-115.717,4.5077
3.9987,3.0,3.9958,1.0054,968,2.4056,40.8216,-124.1007,2.465
1.3062,47.2,4.6795,1.2139,284,1.936,33.5946,-119.9819,0.5187
4.0022,49.6,7.4849,2.0087,1002,4.5303,32.6633,-123.6499,2.077
7.2939,1.2,7.6841,2.1111,940,1.5496,36.0491,-120.2452,3.5603
2.5046,11.9,3.6437,0.8068,295,4.0102,36.2137,-118.6113,0.6878
4.0317,10.2,4.4638,0.8611,659,2.429,39.8466,-118.2654,2.0075
2.9593,40.8,4.5148,1.2028,1287,3.3971,32.5817,-114.7899,1.1577
11.0366,31.5,7.1191,1.4525,330,4.0769,39.758,-114.8219,4.7283
7.0264,10.0,5.791,1.3389,564,3.4763,37.5951,-121.2472,3.1983
6.6255,42.5,5.6856,1.5924,1669,2.7047,39.1293,-117.1598,3.1546
6.5075,19.0,6.5725,1.4376,335,4.3961,37.338,-117.0166,2.468
4.3826,24.5,4.3072,1.0757,960,3.2891,40.0119,-114.4499,1.7791
5.0457,20.8,8.2278,1.7467,281,6.6825,36.6522,-123.6187,2.5844
2.201,27.6,5.4965,1.3091,585,1.2948,35.7855,-118.0199,0.5329
1.207,25.5,3.7882,0.8,951,1.2801,38.5469,-120.2237,0.5308
4.904,15.0,5.0407,0.9445,100,3.9943,36.7222,-120.8531,2.5686
5.4433,22.7,7.9639,1.9964,434,2.9682,35.3826,-118.0163,2.4897
9.2587,47.3,4.6497,0.8643,938,3.7926,41.1787,-121.5649,4.028
11.5052,26.6,7.3991,1.893,797,1.9016,39.3711,-124.1234,5.0
11.496,47.7,4.2493,1.1669,438,3.0541,34.3703,-116.3332,4.4805
2.4625,29.1,3.9687,1.0214,275,3.4573,39.531,-123.5886,1.4407
3.6279,40.2,6.8192,1.3293,1100,2.4563,34.8978,-121.0539,1.4715
5.9787,16.0,3.7521,0.8,514,3.2318,36.5971,-118.2533,2.6871
15.0,41.3,7.1451,1.313,1029,1.6385,34.5655,-117.9508,5.0
10.8923,14.5,6.2033,1.2609,902,3.3948,33.5763,-117.5042,4.7253
8.7726,2.0,3.7528,0.8676,465,4.4454,36.2911,-114.0577,3.6817
3.5513,9.2,5.3571,1.0137,1569,1.7624,37.7733,-120.2854,2.323
2.6382,2.1,4.4025,0.8128,413,1.702,35.3702,-123.0563,2.0017
7.1947,49.3,6.198,1.2193,1724,4.1899,33.2125,-123.0515,2.9813
2.3154,52.0,9.2756,2.0106,1914,1.6844,34.8716,-119.1424,0.6118
3.8843,39.9,4.7586,0.9237,1541,3.8406,34.8337,-120.4707,2.2004
4.1834,6.5,6.5676,1.7023,576,3.0553,38.1121,-114.9118,1.8239
11.6551,46.8,5.5489,1.0468,5103,2.5822,35.1804,-119.1352,5.0
3.6226,38.9,5.5481,1.0089,751,4.4665,37.5709,-119.7545,1.072
1.0371,17.9,5.1696,1.0702,807,3.9281,36.9682,-115.4453,0.5
6.0658,26.6,3.7852,0.9726,654,3.2797,35.0304,-116.1409,2.6054
2.9464,34.7,6.1703,1.6285,269,1.0,39.5416,-117.0043,1.0158
4.5978,2.2,4.9225,0.9084,1874,3.7123,38.8421,-118.9628,1.5339
4.2545,26.6,3.6904,0.8,421,1.9291,38.9626,-122.0359,2.1307
3.803,38.4,7.5283,1.5065,1388,2.7786,36.619,-118.5415,1.4279
7.2009,10.6,5.698,1.0555,1682,3.0073,35.5077,-123.2845,4.1672
1.7865,23.6,5.0438,1.1192,1078,4.8973,38.112,-118.8635,0.5
3.2864,28.2,8.1801,1.5506,382,2.7468,41.6114,-115.5599,1.2789
6.7559,38.5,2.0,0.8,506,1.5772,36.6226,-119.0924,3.334
3.1005,50.2,8.0456,2.0813,100,4.4696,38.8202,-123.781,1.4424
1.707,44.3,3.7396,0.8265,606,3.7257,36.7023,-124.1712,1.1919
6.6935,32.7,5.9231,1.4221,1264,3.763,41.3597,-115.4649,2.5628
8.7921,30.8,4.3239,0.9906,550,4.4884,35.0148,-122.145,4.0761
4.3623,31.8,3.654,0.8,415,4.7232,36.8548,-118.9802,2.2127
1.3819,28.8,8.1278,2.2534,524,2.1083,37.1897,-116.3437,0.6642
6.8454,4.0,9.2124,1.8642,1759,1.609,39.4222,-121.8413,3.6329
1.6554,36.6,5.0575,1.3757,637,3.8425,39.3524,-116.7568,0.5
5.394,37.5,6.1709,1.1879,2940,2.7375,39.5247,-123.7094,2.839
2.6314,27.1,5.614,1.4381,421,2.8282,39.4629,-116.6396,0.8378
2.2347,45.4,8.961,1.8031,791,1.8783,36.9627,-123.8281,1.0915
3.4379,35.3,2.0,0.8,470,3.5839,33.9779,-121.59,1.3757
4.0149,19.5,6.2542,1.4643,3497,3.4021,40.7692,-121.8046,1.9292
3.0449,2.0,4.0457,1.0026,768,2.8445,35.5859,-115.1401,1.2445
6.3803,4.0,2.0,0.8,3650,1.6117,33.548,-118.888,3.0703
3.4293,18.9,4.7789,1.136,475,4.2092,33.7234,-115.6477,1.1106
8.0697,24.6,9.1961,2.3573,2258,3.2557,37.2002,-118.3861,3.4918
5.3053,9.5,4.1879,1.1103,731,4.1178,36.5464,-116.0275,1.7517
2.949,10.7,7.0815,1.4229,1299,1.0,38.8035,-118.7109,1.091
2.6656,12.7,7.8973,2.012,251,3.0568,38.3127,-119.7759,0.5
1.6678,40.8,5.4746,1.3873,879,2.2831,33.5204,-117.5912,1.0755
5.3358,40.3,5.7409,1.3731,283,3.0361,35.3191,-121.4923,2.9478
3.6228,20.5,2.0674,0.8,817,3.9432,41.0144,-114.8533,1.4091
1.0797,9.8,4.0677,0.8985,197,3.3699,39.7835,-114.9646,0.5
3.2497,6.7,7.314,1.5146,617,3.0181,40.7701,-123.7363,2.3048
2.6101,5.4,5.6214,1.2019,1598,3.0128,32.7089,-114.8737,0.9383
11.5352,21.0,6.2347,1.3969,1031,1.4402,41.1648,-122.5904,5.0
1.6134,3.3,5.7663,1.3448,248,2.0934,40.6802,-117.3466,1.1542
1.8874,18.0,9.884,2.4517,146,4.1213,36.7966,-115.8574,0.5
8.7232,50.0,4.639,0.9429,990,2.4945,38.8991,-121.967,4.4348
10.1154,26.9,8.7108,2.1066,2357,4.1404,35.0839,-123.3171,4.6554
2.8663,43.0,5.767,1.1092,308,3.8264,38.7566,-116.5601,1.0812
3.0671,7.6,8.8884,1.9024,3561,3.8792,40.0883,-119.8545,0.8678
6.4866,14.7,3.05,0.8,662,3.3329,37.0938,-119.3898,3.3664
1.1093,49.3,5.8693,1.2992,139,2.564,32.7686,-116.5005,0.5
1.4671,20.6,4.7126,0.8797,191,2.8488,36.4553,-121.8351,0.7143
3.7869,34.1,5.7789,1.3306,1231,3.6404,39.3873,-123.4799,1.9571
11.3581,50.8,7.9448,1.8247,738,1.0,39.1857,-114.4437,4.7603
3.4506,29.1,6.2576,1.1838,2177,4.2438,37.1199,-117.1536,1.3804
4.7615,16.6,7.9408,1.686,255,2.4999,41.8642,-117.6526,1.6997
8.8487,28.1,4.1596,0.9457,731,2.9137,33.6119,-121.0041,4.4953
15.0,3.8,3.8543,0.9578,669,2.9223,34.0037,-114.0451,5.0
3.1705,6.7,5.5322,1.3865,593,2.9602,34.9541,-122.1633,1.8941
4.4366,1.4,5.4227,1.0627,490,1.6864,40.1337,-122.63,2.4082
13.3729,46.1,5.1283,1.2635,498,3.1517,39.7468,-121.158,5.0
1.798,35.2,3.5827,1.0203,765,3.5944,39.8412,-116.741,0.5
8.3024,16.2,7.8973,2.2316,847,1.0,40.8564,-122.0114,4.2183
2.4327,12.3,4.7743,0.8749,814,1.6992,36.7077,-121.216,1.5177
4.7659,35.8,8.3522,1.808,1745,3.8959,35.5264,-118.9389,2.1584
3.8745,47.9,5.5255,1.2339,254,3.7098,38.2036,-117.6756,1.1799
2.5224,16.3,6.7969,1.2738,156,3.2987,36.3938,-122.9332,1.5907
2.4847,17.4,6.6154,1.5738,1501,2.3179,37.4765,-117.6263,0.7581
5.2902,44.6,3.8515,0.8,313,3.7156,33.8321,-120.4989,2.4265
8.1443,46.6,6.2344,1.2611,491,1.7971,36.2656,-120.8654,4.4656
4.1461,47.6,9.3567,2.1006,408,2.8627,36.99,-123.6703,1.4815
4.6742,16.0,6.0032,1.1889,401,1.6935,33.3307,-114.2734,1.7722
6.3136,7.1,7.3026,1.3445,207,2.838,41.9477,-117.2222,2.6713
2.5018,23.4,6.8865,1.7652,422,1.9696,32.859,-123.4512,1.6376
6.9854,16.1,6.1141,1.7296,1118,3.7558,41.2354,-120.6545,4.0113
7.3273,46.1,5.873,1.142,663,3.4332,33.2619,-123.6593,3.0027
15.0,2.9,6.5946,1.5311,996,2.4294,40.6633,-118.8139,5.0
3.5763,33.3,7.0266,1.5312,447,4.0903,37.7083,-117.1485,1.4579
3.4047,47.2,2.7957,0.8,1370,2.0437,34.3652,-123.9062,1.7132
7.1091,50.8,5.9946,1.1565,443,2.9647,34.6976,-114.8172,2.5283
7.3262,34.2,5.1318,1.0383,123,2.3852,35.8403,-120.5716,3.3381
3.251,49.4,4.7169,0.8724,857,3.7424,40.0432,-122.0347,2.0015
3.5187,4.9,8.0919,1.8182,1229,3.6434,33.8979,-123.1365,1.8415
6.2008,19.3,4.0337,0.8,425,4.302,34.8012,-122.9709,3.1405
2.7277,1.4,2.7105,0.8,1736,3.083,39.0804,-115.5771,0.8463
3.5032,51.0,7.0914,1.4952,337,1.0,38.3329,-119.4595,1.5627
4.7292,47.0,2.6592,0.8,1137,2.5691,36.4978,-116.1163,1.7954
8.1463,2.4,2.0,0.8,2686,4.5653,33.0751,-122.1157,3.9884
3.1182,1.9,7.3165,1.5818,685,2.675,37.8057,-121.1615,1.6572
1.4837,19.7,5.8174,1.474,555,1.0825,34.6776,-120.1675,1.0325
1.4191,14.2,6.4454,1.5256,611,3.4493,38.315,-119.7276,0.5
2.1051,44.2,4.6151,0.9411,2447,3.5241,35.1079,-123.4744,0.6128
2.0383,9.2,2.7312,0.8,918,2.2728,41.8131,-124.0275,1.1707
4.0846,41.3,3.1284,0.8,3697,2.7533,38.1106,-114.0431,1.1101
2.1961,29.3,4.9556,1.2065,832,2.1527,37.9274,-117.5013,0.9246
2.9398,20.2,2.9552,0.8,394,3.5226,40.4493,-123.9249,1.2375
2.8167,8.4,6.1141,1.2511,417,3.0566,41.9351,-116.3881,1.0318
3.4408,51.9,4.5751,1.1642,699,1.8342,39.9021,-120.7083,1.6957
9.9096,32.5,5.8701,1.0824,130,2.9905,38.142,-116.1372,4.0261
6.667,23.4,5.8103,1.06,455,2.267,40.7035,-114.5271,2.5459
4.5253,19.9,6.2736,1.4206,463,4.4611,34.2215,-124.221,2.2517
3.3987,47.2,6.499,1.5104,806,3.8937,39.7602,-114.3749,1.6702
3.4558,42.9,4.8122,1.3155,3145,2.8777,38.959,-122.7595,1.8937
5.4556,42.4,5.8679,1.1605,695,3.0811,37.8509,-121.3791,3.0105
6.363,32.4,5.972,1.5611,143,4.0138,40.7342,-117.9171,2.2561
2.5998,46.3,2.0,0.8,320,2.8264,39.2417,-116.9828,0.8116
4.5809,16.3,6.7931,1.2393,820,3.7584,39.309,-122.7126,2.3843
1.3245,36.9,5.7999,1.5488,717,4.4774,41.1425,-123.0633,1.2766
5.0887,21.6,6.6281,1.3621,2440,2.5091,39.1444,-121.4913,2.7477
7.0801,31.6,2.9263,0.8,1434,4.6461,34.9265,-121.0812,3.6084
3.7885,51.9,4.8685,1.0624,1400,4.3551,34.2444,-121.1587,1.2951
13.3287,51.2,3.3169,0.8595,559,3.2486,37.3754,-122.7012,5.0
2.6413,27.1,6.9892,1.4128,1602,2.5561,34.7317,-114.3065,1.1663
5.1062,30.3,2.6898,0.8,325,3.2361,39.1465,-116.1202,1.9563
4.3864,46.8,3.6427,0.8,1443,2.7555,40.5057,-114.2098,1.6506
4.2199,51.3,6.5686,1.4902,531,2.2072,35.2723,-123.4116,2.248
4.1846,40.7,4.2413,0.8892,209,3.5323,41.178,-123.7064,2.3857
4.7792,4.3,3.6432,0.8,1069,1.9765,39.5956,-118.8723,1.8689
7.4542,17.5,7.3134,1.4698,2035,2.6614,41.8873,-118.0481,3.3579
10.2435,46.7,7.3954,1.6141,480,2.6746,34.3877,-117.8309,4.751
4.4756,40.2,6.9441,1.6129,2322,1.6347,36.8847,-123.5208,2.5551
7.3096,38.9,7.1974,1.6268,177,3.6585,38.5829,-115.6401,2.8759
2.9416,35.1,5.0368,1.204,255,2.7717,39.7477,-119.358,1.1589
7.0963,22.2,5.0908,0.9441,591,4.2988,41.1634,-120.6345,3.4745
2.8372,21.6,4.2038,1.0495,494,2.7553,40.9671,-119.2034,1.0914
8.6227,42.3,5.8355,1.3512,390,2.5934,34.7432,-124.0752,4.0131
15.0,16.0,4.4442,0.8789,740,2.0954,36.5135,-122.2417,5.0
4.1651,35.9,4.6339,1.0958,436,3.039,39.3239,-114.0159,1.3995
1.2026,38.0,6.6998,1.2705,499,3.0447,33.757,-118.6981,0.5
3.2257,44.1,7.8691,1.9741,831,3.7418,41.614,-123.6753,1.4274
9.3851,17.3,6.2965,1.7674,390,3.067,39.5961,-121.4252,4.6274
6.2454,38.8,9.0886,1.9104,611,5.0939,40.374,-122.5599,3.0419
5.2036,6.4,4.089,0.9053,397,3.4562,41.1207,-114.7906,2.071
8.2088,8.0,2.0,0.8,254,2.0132,34.1905,-116.0348,3.0262
5.9935,22.3,6.9293,1.5943,1225,1.9285,36.5102,-118.7575,2.5373
9.3058,3.8,3.9563,1.0491,2608,3.5348,38.6909,-114.5063,4.0957
7.7808,49.3,4.9526,1.1907,1559,1.9817,40.3134,-120.5849,3.9942
11.1676,47.0,2.0,0.8,867,3.5948,39.511,-115.4178,4.4934
5.5582,3.5,3.7016,0.8,398,3.8956,33.6545,-119.5908,2.0208
7.7149,43.8,2.4955,0.8,529,3.9197,38.6339,-115.5894,3.3423
3.7274,27.0,4.6314,1.0067,1549,2.1308,35.2935,-115.0428,1.588
3.124,36.8,4.7109,0.8862,107,3.9215,36.3617,-119.6389,0.9299
12.4792,46.2,5.6799,1.3065,497,3.3226,41.9452,-122.631,5.0
5.1025,30.4,7.9794,1.6613,1197,2.3921,33.992,-122.4801,2.8942
7.264,6.9,6.8538,1.7317,268,2.8406,33.4916,-121.4669,3.5378
4.8271,1.1,2.2557,0.8,933,3.4713,36.3869,-122.1591,2.5198
3.1522,26.3,6.716,1.6627,899,2.3271,40.7092,-120.4233,1.9796
4.5113,49.4,5.7235,1.2283,208,3.3019,34.041,-119.1798,2.2324
10.6079,30.2,5.3043,1.2936,713,4.4456,33.2596,-123.5853,4.8339
6.2535,20.0,5.4546,1.5007,406,3.9641,36.4791,-114.9487,3.0796
1.605,2.6,5.9091,1.4276,928,3.082,38.5068,-124.4745,1.1904
3.9387,47.7,4.1162,1.049,1137,3.2341,33.9696,-123.048,1.9561
13.0577,17.7,5.1353,0.9716,915,2.4619,40.1436,-124.4117,5.0
3.9421,36.9,7.8679,1.9512,705,2.4901,40.5362,-114.1415,1.3454
1.5215,36.4,4.0922,0.8,838,1.4628,37.4647,-120.1882,1.1894
13.9549,13.9,3.4402,0.8,260,3.2511,32.7894,-122.4417,5.0
6.7493,4.3,5.3766,1.3639,649,3.6825,37.403,-123.2539,2.8682
4.2973,20.6,3.2389,0.8,352,2.9292,34.5347,-120.6107,2.5772
3.5864,17.2,2.0544,0.8,1518,2.1227,36.7379,-114.2531,1.8247
8.5798,36.7,4.8111,0.931,1149,3.0661,39.7175,-118.7384,3.137
3.2375,42.8,8.3972,2.2453,1146,4.3418,33.017,-120.7807,1.8568
8.9259,12.3,5.4228,1.0335,2620,3.898,32.5014,-120.6723,4.6881
6.2048,27.9,5.8572,1.6307,511,2.9705,33.7678,-123.268,2.7912
5.1904,3.1,2.0,0.8,429,5.0474,32.931,-119.0714,1.9702
4.8906,11.9,6.3763,1.6869,501,5.6987,34.974,-120.046,2.4201
4.0351,39.8,5.6867,1.1676,185,2.5199,36.3405,-116.8471,1.8193
8.3929,41.5,4.1702,0.9217,197,2.7541,39.9072,-122.4845,3.8169
2.6666,40.6,5.8601,1.0895,1093,3.6933,32.7881,-123.058,1.3027
1.6936,8.3,5.8402,1.3799,218,2.087,35.8344,-118.3947,0.7768
6.4796,29.1,3.381,0.944,281,3.8491,41.3297,-116.7089,3.0239
6.5453,22.6,6.1637,1.227,613,3.1015,37.9756,-119.2762,2.734
5.9784,51.6,7.8943,1.6944,478,3.3716,40.3543,-116.2047,2.2609
5.7238,34.4,5.0441,0.9785,1351,2.4246,37.0934,-115.6686,2.2863
3.6976,48.7,3.7648,0.865,698,2.2123,33.4238,-114.8754,1.5532
7.1886,8.4,5.1448,1.0339,351,1.0145,34.2759,-120.5291,3.446
4.3608,24.0,7.2092,1.8764,1447,4.4848,39.7018,-115.0044,1.6957
3.3459,40.4,3.0474,0.8,1192,3.9414,40.709,-117.0549,0.9371
3.7168,19.8,6.6571,1.7303,215,3.6734,36.9416,-117.9384,1.1624
15.0,33.3,4.144,0.8032,814,3.3483,37.1783,-118.6854,5.0
1.5825,27.1,5.9841,1.5247,375,1.0,36.7762,-124.2929,1.0306
6.0489,51.6,4.3713,0.863,368,2.2489,32.6744,-118.6165,2.7078
1.6365,9.9,4.366,0.836,2968,2.7439,33.4073,-116.3206,0.5
4.1999,48.7,8.5462,1.6268,735,1.9187,41.9229,-114.1221,1.8033
3.455,21.5,2.6818,0.8,559,1.3065,32.8991,-119.9523,1.2628
1.2827,24.9,6.4707,1.4849,712,2.0226,35.8152,-114.1033,0.5
5.66,28.0,8.9626,1.7344,1339,3.0491,39.0615,-122.7036,3.223
3.5679,14.5,6.871,1.4748,379,3.0494,36.5359,-114.4389,1.7776
1.2719,50.1,2.8378,0.8,435,3.9075,41.8353,-118.3086,0.5736
7.4167,47.5,2.9368,0.8,1125,5.0632,32.811,-117.543,2.9889
10.6016,50.6,3.9967,0.9099,198,3.6858,40.8083,-118.4764,4.3984
10.9581,51.8,5.8158,1.372,1469,2.8245,33.7801,-114.1801,4.7269
5.5588,35.2,5.9519,1.2321,184,4.8003,34.4458,-124.0349,3.2924
4.6073,24.0,2.9566,0.8,546,1.4181,37.5189,-120.1901,2.4381
9.9433,44.4,3.7545,0.8708,185,1.0,40.7788,-115.3101,4.5607
12.2979,2.2,3.877,0.8,286,2.1133,36.4338,-122.7455,5.0
8.8476,43.6,5.1385,1.1188,1878,3.8122,35.289,-118.5193,3.45
2.5474,26.4,9.4694,1.7893,1534,3.1686,36.3159,-119.0024,1.4004
5.0572,35.3,3.6336,0.9164,1671,1.8717,33.3963,-116.022,2.0705
5.834,20.1,3.5461,0.8096,209,2.2729,40.4632,-114.8583,2.5159
1.5132,19.8,3.2337,0.8,287,1.7585,41.1945,-121.7822,1.0148
5.9394,2.6,6.7711,1.5743,873,1.7585,38.9199,-117.222,2.4054
15.0,22.6,5.4173,1.1126,1179,4.5511,36.7244,-118.7493,5.0
6.5795,21.8,3.7075,0.9763,351,2.8566,38.3344,-117.5407,2.5998
10.8487,12.5,4.7744,1.0519,419,4.7696,37.7427,-122.396,5.0
5.0016,13.6,3.917,1.0369,269,2.11,32.9898,-121.6369,2.8504
4.2891,30.8,6.0918,1.2802,2506,3.4911,36.247,-118.7266,1.531
5.6337,17.2,10.8688,2.1061,455,3.2271,38.7399,-124.4691,3.5598
2.747,43.3,6.6017,1.8649,682,3.8797,40.5541,-116.9775,0.9148
2.5136,6.7,5.314,1.2039,711,3.2545,35.9102,-122.8035,1.802
9.581,30.5,4.17,0.9297,1611,3.9851,40.2831,-114.7213,4.3596
10.2104,9.2,2.8132,0.8,310,3.5542,39.6907,-115.4636,4.1841
2.4728,27.9,6.9674,1.9092,1694,1.9087,41.3284,-117.9548,0.8311
8.0109,29.2,6.8587,1.5906,239,3.7327,41.8996,-115.1439,3.4278
4.2538,33.8,4.5678,0.9008,1690,2.8969,32.8965,-114.1339,1.302
5.4953,22.8,7.9267,1.7367,169,2.2233,36.656,-116.363,2.2746
5.907,27.0,5.5422,1.1085,612,3.694,39.8488,-117.9204,2.9226
8.1385,10.2,7.0495,1.6673,2441,3.9216,40.3201,-119.7825,3.939
4.7097,24.6,6.0924,1.1409,1162,2.5164,33.2871,-115.9576,2.1681
10.4447,20.0,5.1457,1.408,932,2.6494,38.2626,-117.1034,4.8244
5.3959,35.0,3.5902,0.975,288,1.6129,41.0353,-119.5373,2.3597
6.5176,23.2,5.2089,1.1431,370,1.1953,34.6571,-119.2496,2.7143
2.7184,40.7,7.1841,1.6174,1950,2.7577,35.7999,-122.0962,2.0114
15.0,22.7,4.4837,0.9386,971,3.7921,36.2511,-116.2198,5.0
5.9411,13.0,6.3795,1.6117,1356,2.4267,36.2481,-115.2775,2.7932
6.8744,15.0,3.3345,0.8437,706,4.4278,37.8362,-124.3269,3.1344
1.7076,3.3,7.0601,1.4125,531,2.7949,33.0777,-123.3251,1.226
2.7357,28.5,6.1259,1.5001,1228,2.799,39.9023,-114.092,1.1606
9.419,43.4,3.0958,0.8,819,2.7109,33.6673,-122.6299,5.0
5.3235,40.2,5.052,1.0566,581,3.9816,40.2265,-116.7665,2.4332
1.4215,23.3,7.3629,2.0081,215,2.0411,32.6624,-119.4512,0.5879
8.356,11.0,2.9819,0.8,1427,2.871,39.9767,-119.0258,3.6122
3.234,45.0,3.3581,0.8,946,2.4526,35.875,-123.362,1.8266
10.452,3.9,5.361,1.0444,410,2.4384,38.7307,-123.0526,5.0
4.2516,21.4,9.7667,2.7764,1709,3.0352,34.2021,-118.4319,1.314
5.0674,44.7,4.1548,0.9073,808,2.8867,37.6016,-120.5349,2.4231
9.0918,21.1,6.4905,1.2185,821,4.0517,35.3416,-116.1266,3.5933
2.6156,7.0,6.0203,1.2816,1349,2.9892,32.5373,-114.2942,0.993
2.4702,14.6,4.321,1.0589,1136,3.555,39.3888,-115.9707,0.5957
3.9833,31.6,5.8223,1.4971,841,3.1728,33.7462,-120.2379,1.7643
7.3618,8.8,4.6043,0.9455,572,4.4038,41.4272,-119.4371,2.7646
2.0167,34.4,4.7844,0.9488,3252,2.6976,37.6654,-122.8548,0.9848
1.6474,23.3,2.1775,0.8,370,2.7004,32.5159,-117.1952,0.677
7.3466,18.1,5.4511,1.0263,1208,3.745,41.4768,-119.8027,2.8866
3.1212,13.3,7.2982,1.7466,622,2.684,33.7614,-115.4975,1.0591
3.5419,43.0,5.6149,1.1927,957,3.4984,40.4224,-117.6537,1.3908
1.471,21.2,7.681,2.0742,1784,5.3379,35.6281,-122.7093,0.9342
2.9821,38.7,6.6607,1.8056,518,2.021,37.8966,-120.1847,2.1372
4.4614,23.5,5.3809,1.4771,1076,4.5317,40.4394,-117.392,1.9639
7.8321,5.7,4.2441,0.8,823,2.5078,32.9765,-115.4918,3.1538
2.8215,23.5,4.5275,1.1899,398,4.3377,38.9606,-120.8165,1.2459
12.1148,26.9,2.559,0.8,1820,3.686,33.9115,-117.4703,5.0
2.9721,24.3,4.9658,1.1374,1175,3.6003,39.3058,-122.6773,1.1886
2.9747,42.6,5.792,1.3958,470,2.849,34.0267,-115.0005,0.9909
11.273,47.5,8.9308,1.9519,1608,2.7495,32.7085,-118.4607,4.3894
5.088,41.1,6.5566,1.8703,342,2.278,33.9767,-116.4297,1.737
3.2181,30.7,3.7703,0.885,650,3.0063,38.4445,-120.3331,1.9485
4.0834,28.6,2.6213,0.8,472,2.8161,41.8644,-114.6243,1.645
10.093,33.9,5.0869,0.9961,1213,3.191,41.7162,-116.9389,4.1302
10.8019,15.7,7.1235,1.4532,453,1.5893,39.5841,-122.8866,5.0
2.7454,42.4,5.0588,0.9729,1220,3.0226,40.3335,-118.7231,1.384
4.369,44.7,6.584,1.5482,1070,4.2627,40.8027,-121.6466,1.991
4.7308,14.6,5.1377,1.3585,493,3.944,37.5194,-115.7497,2.0326
2.48,47.0,6.934,1.6118,2875,3.023,34.6717,-116.2803,1.05
4.3344,44.3,2.3055,0.8,366,5.5624,38.7804,-119.3073,1.8749
4.496,22.6,8.7084,2.2166,215,2.4226,33.8451,-121.3298,2.1414
8.8829,47.4,3.275,0.8508,1319,2.9133,40.4074,-115.5468,3.3385
9.2484,7.1,7.0875,1.3153,119,1.5495,36.4149,-115.5699,3.8365
3.6784,2.4,4.9556,0.9177,2194,2.5964,35.0317,-119.195,1.7381
3.9418,18.7,5.2683,1.387,722,4.7878,40.5129,-116.9688,1.9996
6.6764,29.8,5.0178,0.9958,212,2.6345,33.5563,-121.5022,3.6607
3.1547,18.9,6.0112,1.3789,311,1.4722,41.7609,-120.8371,1.8435
6.3801,49.0,6.415,1.4305,180,3.872,41.5289,-114.5874,2.8295
4.2514,14.0,7.6167,1.6936,904,3.3892,38.2835,-116.7691,1.6314
2.5052,15.3,8.3159,1.5296,230,3.8306,39.2652,-123.7427,1.146
2.5241,33.4,6.1636,1.593,994,2.7029,32.8529,-119.6938,0.8337
10.6785,1.2,8.9273,1.7691,521,1.9929,36.6523,-120.3447,5.0
4.0802,38.1,5.6859,1.6193,455,2.8164,40.9039,-122.0746,1.9735
11.9917,20.3,7.6549,1.6091,1000,3.5548,32.6095,-114.0531,5.0
3.2931,50.9,6.3574,1.323,1095,2.9277,35.2609,-123.0742,1.4101
5.3373,36.3,4.4016,0.879,1663,3.388,35.8615,-121.2002,2.0923
15.0,3.7,5.8625,1.0954,401,2.4632,38.9133,-115.5885,5.0
2.3764,5.7,6.5063,1.2993,649,3.4251,39.196,-123.1111,1.4477
1.4352,5.5,5.4356,1.0949,400,2.997,33.1193,-120.5505,0.6942
9.6983,49.6,6.3257,1.5784,758,2.2941,34.5664,-117.841,4.2771
2.7289,35.9,7.2307,1.3181,357,3.14,40.3422,-120.9626,1.1361
4.4264,22.8,5.4533,1.2291,474,2.6133,34.3223,-120.2074,2.15
3.1533,11.2,2.0,0.8,476,3.6172,35.2221,-118.7238,1.2198
5.264,45.6,8.8565,1.9665,841,3.8732,34.0413,-114.4968,1.9922
2.5337,11.3,4.9048,1.1438,667,3.5015,39.666,-115.3555,0.8519
4.023,37.0,3.8534,0.8221,997,1.365,32.7575,-123.3244,1.3894
5.8702,39.9,3.2518,0.8,611,2.0352,35.3682,-118.521,2.3629
2.4474,16.0,4.8271,1.2129,418,2.3634,37.557,-117.6404,1.361
2.9445,26.8,4.3745,0.8167,775,2.2037,32.5572,-121.0795,1.86
3.6385,12.4,4.026,0.8,319,2.4572,41.5629,-121.7259,1.8012
1.9016,20.3,4.1357,0.9206,1049,3.9252,40.7582,-118.2238,0.7288
3.478,50.2,6.5595,1.2093,529,3.6987,38.6495,-120.1427,1.848
4.8128,36.4,9.5607,2.2073,783,2.5761,36.6717,-114.9968,1.7575
3.5264,44.2,7.1411,1.6705,793,3.5918,33.9754,-122.7827,2.3105
3.8083,28.6,7.7452,1.4521,2395,3.3288,37.7596,-124.0686,2.2221
4.4285,13.2,4.7452,0.9957,903,2.9671,34.7725,-115.054,1.7516
3.0239,37.4,5.7093,1.1362,705,4.1482,38.5612,-115.0907,1.4472
6.7845,26.5,6.353,1.4687,382,2.3387,33.8831,-120.1239,2.8278
10.6078,10.0,4.1809,0.9691,1264,3.0528,39.3126,-116.5842,4.3203
3.3918,22.0,4.6485,1.2678,536,1.9491,35.5676,-115.62,1.5383
5.9962,33.4,7.2091,1.3268,196,1.9971,37.2688,-121.8237,3.3519
3.8815,38.5,7.6806,1.9415,569,1.6392,34.0373,-117.6283,1.9839
5.5806,13.4,5.6348,1.2554,775,2.0141,34.9346,-116.7599,1.838
11.4669,45.7,3.1097,0.8339,346,3.0831,36.777,-120.7463,5.0
6.0812,20.4,4.9088,1.024,605,2.6975,36.8527,-114.5671,2.2482
1.5464,14.8,2.6173,0.8,628,2.7301,41.9979,-114.3449,0.6257
5.8849,11.0,5.6504,1.1222,636,2.7008,35.6865,-119.3894,2.4983
9.3907,42.0,6.0108,1.3191,1786,4.7727,33.3016,-123.702,4.4792
3.9237,19.1,4.9586,1.3191,233,1.8628,37.4801,-114.8508,1.5771
8.1448,25.7,5.9834,1.6991,3385,1.7559,35.5573,-119.0088,3.7754
2.9622,12.4,6.3338,1.6137,648,2.1546,40.8389,-123.0423,1.4096
1.838,36.0,6.0137,1.2152,1058,2.9281,34.4978,-116.813,0.5645
4.8778,40.8,3.0969,0.8,737,3.5148,40.6288,-117.2849,1.9289
1.5622,18.3,4.9935,1.1938,167,3.6186,38.804,-123.0315,1.5082
3.8812,49.2,6.3197,1.3823,286,3.9446,34.2859,-121.614,2.3517
9.6998,2.6,8.6574,2.1752,437,2.8918,36.3498,-115.4253,4.3304
1.425,7.8,4.9561,0.9421,1473,2.6037,37.1781,-114.3194,0.6795
2.0799,31.0,6.6017,1.2157,220,4.6335,37.4571,-120.2449,1.5832
2.4128,36.8,7.2563,1.4496,335,1.0,36.2724,-123.0868,1.596
4.3146,13.8,5.1067,1.3885,759,3.0628,38.054,-120.8042,2.2038
3.5987,29.3,7.7968,1.7824,971,3.43,39.309,-119.17,1.5503
10.3759,17.2,7.9043,1.4421,948,4.8737,37.3087,-121.3455,5.0
7.9455,29.3,8.2608,2.0867,303,1.3394,38.2231,-118.0813,3.3693
6.0325,34.6,6.4169,1.3255,185,2.5799,40.6662,-124.4168,2.7248
4.8909,50.6,10.2203,1.9007,1024,1.6424,37.2286,-115.927,2.1429
5.6742,24.2,4.2694,0.846,2093,1.2017,36.4548,-115.6311,2.5585
2.672,34.1,9.7482,2.0663,505,2.7955,34.8536,-116.2732,0.7655
7.4957,30.5,7.0366,1.559,266,3.8331,33.748,-121.3139,3.4445
2.2997,17.2,8.1808,1.5269,472,4.206,35.2764,-117.8601,1.2941
7.3981,13.9,4.8599,1.133,912,2.4681,36.3586,-120.6652,4.1075
9.1311,51.4,7.1889,1.3558,552,3.6665,39.7604,-120.4126,4.1359
5.0861,11.5,8.3539,1.9151,2050,2.8023,34.5656,-117.0544,2.3208
4.032,41.3,3.3253,0.8,1394,3.5566,39.1704,-115.6428,1.381
5.6984,8.5,5.1733,0.9703,771,4.1545,33.2508,-115.7746,2.3209
0.805,42.0,2.0,0.8,139,2.8058,34.0047,-122.0736,0.6179
5.3728,10.5,5.1433,1.2485,382,4.077,35.6001,-117.5907,2.4543
4.187,50.3,3.868,1.0739,429,1.787,36.9633,-121.6958,1.7423
4.3476,36.0,5.0645,0.9894,366,3.6565,34.2188,-117.9014,1.4151
6.8477,5.6,11.3473,2.3919,775,4.0337,33.5643,-120.6443,2.9934
4.2851,36.4,8.9356,2.2194,788,3.9302,37.8753,-116.2054,1.8711
2.2612,31.8,2.6211,0.8,174,1.815,36.4139,-114.6566,0.7954
4.1171,18.2,6.6115,1.238,1266,2.7942,36.451,-121.4552,1.9814
4.6671,14.3,7.0979,1.3457,674,3.3022,35.4255,-115.3774,1.8793
4.8017,37.7,4.8242,1.0258,885,3.4431,36.0269,-116.73,1.7186
4.9389,38.8,5.8566,1.074,1207,3.1159,34.2487,-118.5568,1.5997
8.3614,17.7,6.052,1.1528,360,4.4292,35.0705,-118.9878,3.8339
2.3359,45.7,2.8068,0.8,1821,1.7044,37.6516,-121.1473,1.1845
4.98,14.7,3.4373,0.8,594,2.7597,37.4618,-122.3655,2.8707
9.7178,4.6,5.8446,1.2712,2231,1.3122,41.1063,-123.6244,4.5186
1.5829,31.6,5.6988,1.0672,325,3.6212,40.4091,-117.0193,0.5765
4.9918,6.5,4.0829,0.8132,2102,3.5546,32.5675,-122.1644,2.0505
3.1543,15.1,3.9112,0.8157,323,6.3486,34.6828,-119.2984,1.6842
3.5879,26.9,5.3204,1.281,5110,4.0264,40.9331,-115.1569,0.916
2.6042,15.6,7.2723,2.0462,311,3.3314,35.4902,-117.4534,1.4501
4.0482,12.0,5.347,1.3191,1549,3.2549,37.0382,-122.723,1.9915
13.5279,36.9,8.7455,1.7952,498,2.6834,38.9124,-116.7882,5.0
2.0987,28.9,4.1084,0.8,1179,3.1305,37.6619,-122.2442,1.4038
2.2216,43.8,5.8862,1.6795,644,3.2762,32.5462,-116.311,0.5
2.052,30.6,4.7914,1.2236,278,1.0352,34.4624,-123.684,1.3811
12.6348,25.7,6.6759,1.3776,100,3.1969,33.4542,-123.0121,5.0
3.396,14.3,3.9368,0.9679,4945,3.101,34.0926,-114.691,1.3503
4.4133,41.4,9.3548,2.4726,705,4.754,33.9,-121.557,2.188
3.5195,11.0,2.1188,0.8,100,2.8683,38.4164,-122.9183,2.3963
2.543,13.4,8.931,1.8701,847,2.2345,36.3624,-122.2435,1.5676
3.8919,43.9,5.68,1.2112,1155,3.2685,33.1322,-120.7085,1.8805
15.0,38.8,6.6048,1.266,375,3.0743,33.2818,-115.705,5.0
10.332,32.3,8.169,1.9781,377,2.8694,41.5284,-122.8985,5.0
2.6865,3.0,7.2153,1.9121,655,1.721,33.9702,-124.3346,1.5815
6.6097,7.5,4.0399,0.8,1741,2.844,34.9115,-115.4176,2.9627
2.7212,26.5,6.7002,1.2235,721,2.4208,37.9558,-121.3536,1.1809
1.5437,39.1,9.2349,2.188,2144,2.7835,34.2775,-123.6924,0.9433
8.2623,24.7,3.7254,0.8,1644,3.7322,34.3765,-124.2084,4.2837
8.9895,1.9,9.7369,1.9376,554,2.3255,33.1896,-115.0544,4.4768
8.395,10.4,6.2714,1.1781,189,2.7788,41.8178,-119.007,3.807
3.3807,31.0,4.6335,1.0655,555,3.5412,38.2575,-118.0898,0.8897
4.0549,36.4,3.7134,1.0029,1014,2.7306,37.5326,-118.0314,1.2438
7.0277,2.7,5.0534,1.3524,698,5.6092,40.9424,-119.017,3.3432
5.6683,3.2,2.0,0.8,1105,3.2489,38.147,-116.4228,2.2329
3.5389,14.3,4.6695,0.8934,1327,1.7581,34.9993,-114.9861,1.1055
1.6965,5.3,4.9741,1.1269,1017,2.1607,36.9865,-117.7687,0.5
4.7986,28.6,3.3512,0.926,534,2.0601,37.037,-115.6392,2.1672
8.5626,7.3,6.9957,1.9254,1008,2.175,36.2818,-124.399,4.1182
2.1846,34.1,5.0625,1.0778,3977,3.537,39.6595,-119.458,0.8723
6.5749,40.6,4.2284,0.8,202,1.8935,33.542,-118.1575,2.727
5.4681,50.5,4.8493,1.128,982,2.6688,34.0125,-122.3871,2.6505
7.0293,49.4,6.2102,1.2935,2880,4.1427,36.0359,-122.8169,2.9992
7.5624,14.9,5.6464,1.2318,260,2.4802,33.1761,-123.0694,3.4599
2.9545,2.5,4.098,0.8,1482,3.6715,41.8803,-121.5094,1.5202
1.6986,17.8,5.7513,1.1136,1649,1.317,37.21,-115.8542,0.5
3.254,37.1,5.3986,1.3847,204,2.6294,32.976,-124.2097,2.0214
7.6406,4.0,3.2211,0.8,1176,2.1141,38.275,-118.1745,3.0921
3.2375,19.3,4.923,0.9476,535,3.2998,39.9205,-123.7844,1.4951
2.9552,16.2,6.6587,1.2422,634,1.9652,36.3733,-118.2714,1.2202
1.5026,12.2,6.6443,1.4198,513,5.0697,37.0651,-121.8518,1.2956
12.8275,37.0,5.0401,1.3085,1901,1.3606,39.1557,-122.8479,5.0
7.3554,34.6,6.8535,1.4846,608,4.1358,34.7213,-119.6088,2.6165
7.1131,28.3,3.5401,0.8,459,3.8783,38.1778,-122.0734,3.868
8.0096,47.4,3.602,0.8905,465,3.3099,38.494,-120.5282,3.8779
6.3346,6.3,4.9975,0.9176,506,3.0544,40.1441,-117.853,2.5575
3.8706,8.6,8.4951,2.146,280,4.855,40.9652,-114.6696,1.7026
4.0623,20.6,5.8265,1.0947,456,5.471,41.4384,-118.0129,1.8577
3.4676,34.4,4.9493,1.1377,731,2.7927,33.7001,-119.1758,0.9028
15.0,30.8,8.5883,2.453,919,3.1578,40.2545,-118.6515,5.0
6.256,4.8,4.9261,1.074,1743,2.4476,38.9166,-119.543,2.577
3.393,49.9,9.9695,2.0959,807,1.8307,36.0219,-118.5905,1.4721
5.9257,16.6,4.4774,0.8547,455,3.4631,41.2667,-118.5131,2.828
2.4436,19.3,3.4765,0.8,296,3.2496,40.6711,-119.332,0.9061
11.053,32.8,5.1673,1.401,842,1.3898,39.8564,-116.2221,4.7414
3.0143,49.2,5.0018,0.9343,606,3.456,33.0461,-120.3972,1.5678
6.0536,34.8,3.8846,0.8389,622,3.2831,34.1816,-123.3603,2.8453
8.4959,49.7,10.7039,2.6475,821,2.3988,41.2241,-117.748,3.0477
5.6455,10.6,6.1373,1.1585,1008,2.3335,41.8312,-116.141,2.5599
4.7431,32.6,6.4285,1.718,825,3.4238,35.1344,-116.3098,2.1308
4.5108,43.3,4.5762,1.2385,580,4.6089,35.1352,-121.8526,2.7229
4.3325,27.0,4.3447,0.9507,350,3.3984,38.2979,-117.7063,1.4176
3.1708,19.5,7.5511,1.5898,407,3.7805,33.2237,-114.0148,1.3721
3.4223,51.2,2.1483,0.8,1311,2.1678,38.1555,-123.4021,2.3979
10.889,8.2,3.2143,0.8,474,2.5857,41.7025,-119.0111,5.0
4.1991,22.0,5.0054,1.2434,227,3.608,35.3211,-121.2934,2.3438
2.7969,45.5,8.2021,1.4966,1682,1.6417,39.5561,-116.1922,1.3059
3.2878,46.9,4.751,1.3426,313,3.2072,37.4866,-121.0904,1.3833
8.6731,51.0,6.3323,1.6945,684,3.4934,35.2295,-116.7974,3.294
6.7219,46.1,5.5555,1.435,985,2.9615,36.4185,-122.8152,3.387
6.2726,3.6,8.0925,2.2116,667,3.3194,37.7353,-123.7968,2.6258
3.8401,48.4,2.3306,0.8,100,3.0578,39.7351,-123.4069,1.8072
6.3219,22.8,6.9719,1.3329,909,2.3778,37.6376,-121.7669,3.7734
3.0461,34.2,5.1022,0.9924,1922,1.8219,41.2888,-115.5801,1.3617
3.8352,21.1,7.3498,1.473,1248,2.9097,33.611,-122.9204,2.2435
8.0196,42.5,3.8614,1.0986,122,4.3045,41.5981,-124.1494,3.7242
7.5728,30.4,5.5488,1.0607,3647,4.0244,37.7312,-115.5387,3.027
2.4864,44.1,5.295,1.2334,230,2.6547,36.2222,-120.5637,2.1126
2.6823,10.9,3.4951,0.8,281,2.6339,33.2225,-118.3183,1.3682
4.7837,10.4,2.9392,0.8,1243,2.5603,35.3144,-123.6201,2.8497
12.625,23.5,4.3392,1.1256,956,2.5604,36.6604,-114.9729,5.0
1.42,1.2,5.7599,1.2713,709,3.2877,41.4021,-119.2033,0.5
5.2963,36.3,3.9862,0.8,422,4.0575,39.686,-123.5595,2.8294
1.9628,16.1,4.8399,1.2021,1929,5.2628,33.0609,-117.845,0.5177
3.063,29.4,2.0,0.8,645,2.1702,35.615,-120.6616,1.6102
3.6015,4.6,4.7587,0.8786,190,3.6512,37.1686,-120.7892,2.0308
3.4823,9.7,7.5472,1.7879,1783,3.5423,40.5758,-120.2137,2.2312
3.2535,32.8,6.9104,1.6164,793,2.6703,39.8761,-119.1647,1.6423
4.5011,16.6,5.3262,1.2091,1623,1.974,34.5533,-117.9971,1.5731
3.2506,12.0,5.9873,1.1698,1052,3.2754,32.9794,-122.9627,1.6354
1.8636,12.7,3.8435,0.8778,4507,5.1199,33.7576,-116.5792,1.0972
7.1558,12.0,8.7489,1.9562,519,3.269,37.2813,-124.215,4.0773
7.0408,32.8,9.6355,2.4427,674,2.2128,33.3538,-117.1587,2.9545
7.4328,9.6,5.8296,1.0644,1183,2.8427,34.8727,-122.5754,4.0678
1.7781,19.5,10.6814,2.0212,522,1.8598,40.3028,-119.8083,0.7027
5.3621,36.1,4.1396,0.8807,1264,3.0185,36.3186,-118.6037,2.5174
6.7234,27.2,2.9978,0.8,100,3.6834,41.9634,-117.7025,2.9618
2.414,31.5,4.0808,0.8372,628,2.3074,39.6818,-116.1941,0.6611
4.5064,13.8,5.061,0.9341,613,1.0,35.0167,-119.0799,2.0228
4.1797,48.6,10.1241,2.6482,595,3.2769,32.5719,-115.2587,1.7084
13.5352,22.1,4.9377,1.2498,330,2.4984,37.5085,-114.472,5.0
14.2207,15.6,3.7807,0.8,1373,2.2493,39.2056,-114.2515,5.0
1.651,47.1,3.7031,0.8533,444,2.2407,36.962,-121.1446,1.0964
15.0,34.4,7.78,1.8339,781,3.4003,41.1118,-124.1622,5.0
2.5879,32.3,7.4946,1.4963,646,2.5921,39.7955,-116.9841,0.7854
8.072,46.2,4.529,0.9513,993,3.9304,37.4426,-121.8551,3.8776
8.0229,4.0,2.0,0.8,2090,3.9525,32.6798,-116.4393,3.3492
2.466,43.7,3.2428,0.8,777,2.7294,35.7133,-124.4475,1.5913
6.0253,35.6,8.9425,2.0716,1304,2.4791,37.1969,-116.3396,2.4539
4.2017,19.4,6.8776,1.8327,747,3.1277,34.8772,-123.7635,2.6167
6.2501,14.1,5.6309,1.4223,444,2.8546,40.4577,-115.2669,2.4185
5.1469,6.3,9.2377,2.0191,594,1.2475,36.5325,-117.6612,1.8686
9.1871,49.0,9.4167,1.8597,530,4.9141,34.4361,-122.802,4.6431
4.6891,8.2,5.4281,1.2513,1048,3.7143,39.9014,-119.1679,1.7305
4.0523,14.2,5.4649,1.2808,724,2.5365,38.2787,-119.1954,1.9586
8.6507,36.2,4.3359,0.9031,352,1.0836,34.3722,-115.2701,3.8805
6.3486,37.2,4.9308,1.2926,557,2.8196,37.5611,-118.9105,2.4109
6.9524,9.2,2.5274,0.8,196,2.412,39.098,-118.72,2.9582
3.0079,42.5,2.5192,0.8,574,2.9394,36.7601,-121.1505,1.3806
2.3937,27.0,2.0547,0.8,666,1.0,35.3726,-116.8507,1.0246
3.1879,44.3,7.6687,2.0589,2826,2.5278,39.0519,-123.9719,1.4689
3.0879,5.5,2.3772,0.8,1956,2.5887,39.029,-114.3365,1.2132
7.183,3.2,9.3999,2.0032,291,2.8077,32.6609,-118.1344,3.1451
8.0493,33.5,4.0392,0.8,782,2.7638,34.7242,-115.6205,3.6578
4.0834,8.7,8.9747,1.8134,793,3.0523,38.64,-116.2988,1.6193
10.5756,27.8,4.7699,0.8857,553,4.5212,34.6294,-122.2094,4.7796
10.1867,1.7,2.3676,0.8,582,2.485,41.6452,-121.4647,4.637
5.1864,40.8,8.0676,1.9216,501,2.0888,34.0465,-121.5809,2.905
2.737,46.9,8.3037,2.0951,2975,1.2727,39.6081,-122.1321,1.116
11.5332,43.8,3.6879,1.0207,477,2.4889,41.9841,-124.333,5.0
4.3206,49.9,4.8367,1.1927,874,1.5987,35.7925,-115.817,1.7084
4.8341,47.1,3.6884,0.9774,100,3.9601,38.2297,-118.8525,1.9269
3.6555,23.6,5.2589,1.2408,1285,2.9039,33.5043,-118.2926,1.5021
2.6277,21.3,5.7157,1.1652,1715,3.9395,38.4073,-119.3371,0.7791
1.8567,46.7,4.7972,0.9822,287,4.4657,41.8815,-123.1942,0.5792
6.5517,48.3,2.0,0.8,442,2.1349,41.7422,-119.9209,2.4893
2.801,50.6,4.3382,0.9604,955,2.6526,36.4119,-121.4169,1.046
15.0,40.2,6.907,1.7559,676,4.3317,40.2959,-115.1334,5.0
2.3358,11.3,5.0822,1.1279,966,3.1892,40.3527,-117.1373,0.8464
2.1076,49.2,4.8451,1.0719,529,3.5215,35.609,-122.7921,0.8282
6.0866,49.3,3.6384,0.8869,2953,4.033,40.3161,-117.1299,2.2151
11.2188,35.0,4.2799,1.0649,389,3.8965,34.0428,-118.7421,4.911
4.6588,44.7,8.3179,1.5237,5729,3.4104,41.7994,-123.6424,2.6731
6.3176,29.6,3.2204,0.8,1796,4.3964,40.7096,-123.7697,2.6652
1.4827,49.2,6.9416,1.5012,1294,2.9317,37.3506,-122.9519,1.2607
2.9847,5.8,5.5941,1.5912,289,3.5194,36.1606,-115.9898,0.9489
2.3533,45.1,5.9896,1.5502,1377,2.8232,41.4865,-115.7855,0.5
1.4376,3.8,4.0353,0.9578,1078,4.0206,33.1757,-118.1141,0.9022
4.8076,18.3,4.7964,0.883,122,2.2992,37.2347,-124.3359,2.2279
1.1668,7.9,5.4886,1.4254,216,1.3171,37.126,-121.1702,1.1682
2.0273,25.4,4.4587,1.0857,885,3.6549,36.1226,-120.2905,1.1733
3.2468,12.8,6.1629,1.1245,598,1.9799,33.57,-121.514,1.7142
2.7216,49.6,6.4149,1.4376,440,1.8808,34.8881,-118.3982,0.6575
5.6851,29.5,9.8454,2.3799,1577,4.2649,41.8396,-123.8468,3.3366
5.3836,46.8,6.0564,1.27,328,3.9663,40.1755,-124.2903,2.8225
7.662,15.2,2.0,0.8,462,2.6575,40.4637,-118.3274,3.1052
7.0387,2.3,7.826,1.4453,396,1.0,37.3406,-121.7224,3.9486
8.8861,40.6,5.0923,1.3889,1000,3.5332,38.7873,-117.2914,3.8661
4.4765,36.8,9.5239,1.8744,168,3.6625,37.2976,-116.3353,1.6424
5.3767,28.8,8.4418,2.0802,447,3.5168,38.9349,-118.0839,2.537
6.0916,42.6,4.4895,0.878,168,3.4709,40.703,-114.1082,2.4068
4.8793,43.8,6.9438,1.3365,518,2.8186,34.8046,-117.7493,1.805
3.5314,31.0,4.3121,0.8295,1186,2.5895,41.5335,-116.3861,0.9745
3.6713,50.3,5.5054,1.052,1203,1.8938,41.1793,-117.7693,1.0769
2.7441,37.7,6.852,1.3881,372,2.3026,36.4833,-116.0429,1.1709
5.7717,35.5,7.726,2.0413,1019,3.3215,41.7797,-120.3987,2.9726
4.2359,19.4,7.2904,2.023,574,3.3379,40.884,-119.9392,1.9238
3.0105,1.1,5.65,1.3512,1976,3.7898,32.8807,-120.9805,1.4235
3.0121,13.3,10.4668,2.3311,599,1.5936,32.9001,-118.447,0.896
2.1679,40.0,4.77,1.1619,100,1.3408,39.2192,-120.5662,1.137
8.0632,37.2,2.2856,0.8,1361,2.6203,39.9449,-114.1274,3.8764
4.6982,17.9,2.6706,0.8,461,1.9801,34.8625,-118.1685,1.7238
2.6706,32.9,8.448,1.5518,534,3.186,37.238,-120.9751,1.3238
7.28,11.0,5.3467,1.2431,870,1.6901,37.6229,-119.1643,2.587
3.2019,14.4,5.8181,1.1472,213,4.1802,36.7332,-116.3036,1.0906
1.9273,49.3,4.415,0.8861,706,2.1779,33.1567,-116.0358,0.5
8.2708,22.1,4.5946,0.8388,1020,4.5927,34.5795,-117.8104,3.5237
3.247,13.5,3.9258,0.8,890,3.5243,40.2379,-124.4755,1.9595
3.5066,25.8,6.4423,1.584,412,1.9448,33.1943,-115.3796,1.0493
4.5938,20.7,5.3052,1.5027,1471,5.0947,38.4103,-114.9471,1.606
8.8956,38.2,6.37,1.1717,299,3.2655,38.5245,-115.3477,3.6869
4.5359,50.1,6.1789,1.2528,403,3.1661,41.5867,-117.4533,1.483
2.1826,31.2,4.6482,0.9069,597,2.9348,41.8808,-124.2155,0.9412
6.211,31.1,2.5825,0.8,843,3.4666,41.4779,-114.5168,2.769
3.3502,19.6,2.4084,0.8,513,3.5254,37.6426,-123.788,1.6161
13.912,29.8,11.5533,2.3093,1777,2.135,32.8969,-122.9304,5.0
4.4787,17.3,8.4563,1.578,842,2.7864,35.1344,-117.907,1.8304
1.1723,1.1,8.1804,1.5353,707,3.1157,37.0172,-119.651,0.5
5.5534,45.2,4.1508,0.9747,819,3.5827,32.8716,-116.575,2.0892
14.3932,22.9,5.519,1.5494,1196,3.5997,32.8524,-117.852,5.0
11.5369,26.1,3.8693,1.0816,806,3.1645,35.5782,-124.456,5.0
13.4445,5.3,2.8758,0.8,156,2.4497,36.1798,-117.7504,5.0
2.4306,43.7,4.3225,0.8361,1590,2.3984,38.018,-115.4887,0.8124
7.7469,9.7,8.1524,1.5692,732,1.8085,41.3621,-115.5525,3.6494
2.9061,21.9,7.1815,1.6667,1150,3.5926,36.2162,-122.8472,1.7335
5.1273,43.9,3.5599,0.8676,481,2.384,32.9569,-120.8527,2.5721
2.088,24.3,4.8704,1.0791,154,2.8082,37.6304,-123.2449,1.1714
3.0445,48.5,6.9982,1.3549,107,3.2377,35.9006,-116.6094,1.3483
2.9869,11.7,4.3581,0.9131,312,3.0039,41.0605,-117.9106,1.31
7.6839,37.5,5.6592,1.4973,1006,2.9944,36.5992,-119.4134,3.4618
7.2459,50.9,6.3037,1.4922,1879,2.095,35.5571,-121.3525,3.9223
5.2914,29.0,6.2819,1.3624,847,3.2689,39.3769,-116.2355,2.2903
1.9932,36.3,6.0083,1.3129,287,2.6872,37.1859,-116.1899,0.7013
3.7174,21.1,4.1926,0.8123,355,2.9136,37.7734,-119.3426,1.3087
2.8643,39.3,4.3981,0.8199,1976,4.158,33.9446,-123.1936,1.6485
7.5519,47.4,3.2327,0.8735,233,3.5053,36.0643,-119.6137,3.0151
9.0876,36.9,2.3773,0.8,3574,2.4292,32.941,-115.0913,4.1393
8.4472,48.7,5.2705,1.2302,2983,2.8511,39.6713,-118.3671,3.55
2.8487,31.0,7.1325,1.7427,3669,4.5994,34.833,-116.583,1.0314
0.8661,30.4,2.7394,0.8,902,2.6926,33.6449,-121.406,0.5
1.5524,16.5,6.0459,1.6881,506,3.0399,38.1004,-120.8968,1.1896
10.5168,37.2,7.0693,1.9464,885,3.6641,38.0046,-123.2702,5.0
3.5228,46.0,2.0,0.8,1376,3.2152,35.5001,-120.9005,1.682
2.8564,34.0,4.9588,1.3384,395,2.6272,41.6423,-122.7191,1.7598
12.0083,12.9,8.7924,1.7079,276,2.2566,38.5375,-118.8407,5.0
9.5744,28.7,6.6039,1.6056,530,2.9899,41.3007,-120.365,4.1913
4.5479,39.6,2.0,0.8,359,3.658,35.3557,-115.7246,1.4517
3.7583,48.9,6.8167,1.8416,1795,4.3209,37.7421,-120.4814,1.6013
4.1402,9.0,4.0045,1.1355,406,1.5346,36.4284,-122.2704,2.221
5.1361,7.5,6.8826,1.6346,718,4.7628,36.4262,-123.6155,2.3437
11.7051,22.1,4.1198,0.8,1460,2.7116,32.9538,-121.848,5.0
5.7747,7.4,5.3939,1.0101,1852,3.9248,34.5865,-117.1777,1.7289
6.9283,51.0,4.4249,1.2213,786,2.2625,40.7586,-117.9246,3.062
9.0391,22.6,5.5063,1.5459,905,1.3892,40.5736,-117.9906,4.1619
2.2215,28.2,4.3654,1.1435,295,1.6871,33.4984,-115.4892,1.1898
7.0492,12.6,5.0529,1.004,1508,2.669,32.6724,-121.8455,3.8988
3.7556,23.9,3.1488,0.8054,1828,3.5241,33.4694,-119.5567,1.3313
0.9904,51.2,6.4813,1.636,149,3.0312,38.5686,-122.7341,0.9856
1.2499,25.9,5.8506,1.1085,2725,2.7498,34.7783,-122.2027,0.9079
2.433,1.5,2.2669,0.8,380,4.118,39.7449,-120.6054,1.2242
6.164,13.4,7.4858,1.5465,1070,3.002,32.5554,-117.0757,2.5933
4.7984,50.9,5.1474,1.3447,708,3.2798,39.2998,-115.7461,1.9356
5.0059,51.4,5.8235,1.3663,634,6.111,40.9207,-121.2743,2.344
14.4481,11.7,7.0291,1.7695,564,2.992,32.9257,-120.3235,5.0
2.0929,32.4,6.1565,1.271,301,2.3042,40.7403,-115.1796,0.6421
4.4085,4.9,7.8304,1.5476,1011,3.481,41.2198,-116.3075,1.9557
5.3799,30.4,4.9134,1.2984,529,3.7341,37.5905,-117.2515,2.1154
2.8813,7.4,7.5689,1.4292,233,3.301,35.203,-120.225,2.3976
4.5585,42.8,5.7458,1.2983,291,3.1569,37.8467,-120.9189,2.3797
1.7161,48.9,6.5153,1.28,237,4.4822,35.4506,-116.904,0.5922
10.4431,9.8,6.3073,1.7504,437,4.3572,41.3655,-123.5201,4.6545
2.9773,24.6,7.9815,1.8908,981,2.8829,37.6645,-118.7936,1.3078
15.0,6.2,6.9428,1.9671,377,2.3565,40.0877,-123.8615,5.0
4.3952,18.3,4.6141,0.9346,1452,3.4292,38.2947,-117.955,1.7678
8.3048,4.3,4.2175,1.1527,605,2.3508,35.2399,-118.5317,4.0578
4.3406,14.5,5.4005,1.293,528,3.8852,37.2512,-123.8722,2.1895
4.3998,51.5,3.9798,0.8,674,3.4241,40.859,-120.0914,1.8804
3.1569,3.3,3.3956,0.8,2031,5.67,36.1373,-122.4793,1.2063
4.8137,44.8,2.0,0.8,222,4.4733,35.7427,-116.1197,1.8225
5.4238,5.0,2.4015,0.8,2503,1.9213,41.5861,-114.9105,2.3737
2.7995,28.0,9.4708,1.9721,1434,2.4812,35.6736,-121.1959,1.8645
4.1577,24.1,4.187,0.8755,654,1.086,40.6653,-124.1922,1.7822
3.1079,48.5,9.3069,2.2163,1714,1.0,34.1937,-115.0746,1.7356
15.0,11.2,6.3063,1.7733,514,3.1138,40.0214,-115.6325,5.0
4.2468,10.2,5.4005,1.232,836,1.8076,38.3454,-116.1331,1.8558
11.3264,39.2,2.4988,0.8,431,4.6412,33.6419,-120.758,4.9944
3.9854,38.0,5.5093,1.2415,1441,4.1579,33.1075,-123.6631,2.3064
5.2361,36.7,9.2844,2.0967,378,2.7285,35.3339,-114.2639,2.4317
2.0283,2.3,8.6153,2.2334,638,2.6717,38.7458,-119.3192,0.8644
3.4272,14.3,6.0485,1.1933,1145,4.4854,35.9211,-120.7556,2.2942
5.0851,43.8,3.2027,0.8,1538,4.7146,35.0759,-116.3393,1.7793
11.6069,31.6,3.5857,0.8,345,2.0674,38.0277,-117.4576,4.7818
5.1202,31.7,3.7948,0.8,1215,1.9388,41.5493,-124.0604,2.5378
10.2803,16.1,8.0563,1.9773,303,2.6989,33.6576,-114.4368,4.1031
6.5827,14.3,8.7634,2.1778,119,3.4312,38.6235,-118.6613,2.5261
11.8988,49.3,5.8918,1.5237,366,2.4863,41.1678,-122.5235,5.0
4.3257,38.1,4.8938,1.0665,1297,3.4522,37.6405,-124.3323,2.0375
15.0,7.5,8.5974,2.1984,659,4.9503,41.6598,-118.7015,5.0
3.3493,48.8,3.5429,0.8,434,1.594,38.18,-118.2626,1.1583
2.8296,30.7,5.6036,1.3639,695,2.5543,38.8897,-123.4539,1.3009
2.1684,18.0,6.4259,1.4338,677,1.613,40.0172,-118.7783,0.7524
15.0,21.3,3.7744,0.8279,1094,2.1634,34.3974,-119.9669,5.0
7.3278,38.0,4.2282,1.0274,183,2.7053,37.8218,-119.9049,3.2921
3.6676,20.2,4.0725,0.8183,613,2.2728,38.3355,-114.2598,1.4494
9.4822,30.5,8.3335,1.7062,735,3.52,33.6414,-121.3932,4.4812
6.7708,37.2,9.3287,1.8577,223,3.151,36.8274,-115.2163,2.7169
14.5804,11.0,5.7296,1.216,221,3.299,39.8214,-120.8825,5.0
1.7706,49.2,4.9636,1.1229,497,2.6933,32.8867,-122.6152,1.2777
3.822,19.2,4.3003,0.9778,670,2.7854,36.4282,-122.9012,2.1554
3.3956,22.4,5.5035,1.1156,672,2.6493,33.8843,-114.6233,1.4079
1.3713,36.6,4.3996,1.0342,426,2.7513,34.1696,-124.2554,0.8886
8.4672,32.0,5.3059,1.2129,412,3.419,37.3695,-122.1988,4.3766
3.8105,23.4,6.3265,1.653,485,1.0765,32.7801,-120.925,2.6086
6.9851,34.1,4.6894,0.965,845,3.2879,36.5371,-117.6036,2.5977
15.0,47.0,5.1208,1.4015,1800,2.1313,32.7442,-120.5541,5.0
3.6257,41.8,5.1291,0.9358,113,2.6611,41.2928,-124.2857,1.9074
3.481,43.0,4.8649,1.2845,1095,1.4385,40.8881,-119.0719,1.2813
4.8124,14.2,4.6171,1.0823,609,2.6413,34.5106,-115.2131,1.8556
8.1039,22.4,7.0244,1.7669,1013,3.2779,33.1251,-115.191,3.5742
3.1898,29.2,2.0,0.8,1717,3.4571,34.881,-114.0882,1.2623
3.0692,3.3,8.6486,2.0866,364,1.8137,32.7697,-120.9049,1.8662
8.4512,40.3,5.7711,1.169,1416,3.4088,39.4805,-123.2141,3.5566
5.6248,17.5,6.72,1.7439,244,4.1398,37.952,-123.7698,2.7958
1.3141,15.4,6.9502,1.7256,737,2.5063,37.6665,-115.3955,0.5
2.1485,14.2,4.0839,1.103,548,3.0009,40.5937,-116.6438,0.9432
11.0314,15.5,3.6713,0.8819,690,1.0,40.1885,-117.9105,4.6507
5.7039,18.2,3.4355,0.8,302,2.103,36.3844,-119.284,2.3717
2.8368,31.8,5.0059,1.175,943,3.2705,38.2982,-119.6979,0.599
4.0461,30.8,6.8984,1.3648,2366,3.9555,36.6972,-119.3135,1.1672
4.5174,14.0,4.3325,0.9794,306,2.4007,38.4281,-120.6796,2.2711
6.9688,11.5,6.7159,1.5266,774,5.6694,33.9395,-119.5159,2.7975
1.9839,43.1,2.0,0.8,1319,3.3139,35.3508,-122.2915,0.9528
2.7059,5.7,4.7289,1.3307,525,1.7266,34.8929,-123.2634,1.546
5.2792,27.2,7.8343,1.498,1975,4.2872,34.0909,-122.2814,2.1675
4.2211,27.5,5.1581,1.1538,472,1.7471,36.4315,-114.3049,1.6895
6.3162,30.3,3.8417,0.9142,606,3.3284,39.4017,-114.0978,2.5346
2.1432,46.2,4.1863,0.8,301,2.0708,36.2625,-116.6091,0.5
5.5527,32.8,2.0,0.8,736,1.6426,41.835,-115.7095,2.3584
8.6275,50.7,3.4764,0.8,667,3.9622,35.3699,-123.4126,3.6628
6.002,45.4,7.6145,1.4173,1106,2.7402,41.5072,-123.2082,2.7421
4.8718,12.0,4.3348,1.0741,400,4.7257,34.3388,-123.5271,2.6194
4.2311,13.3,4.5709,1.0932,385,1.9821,35.5474,-123.8364,2.0155
2.7158,18.6,2.0,0.8,963,1.4404,34.0588,-116.6529,1.2595
4.2922,21.0,2.2383,0.8,2034,2.5203,34.7601,-123.9078,1.799
9.5431,29.2,7.8801,1.5875,1100,5.8905,33.9926,-114.5351,3.7985
4.1728,12.9,6.7346,1.7919,2916,3.8339,38.4359,-117.6326,2.0401
2.6277,12.3,2.9051,0.8,1037,3.5539,34.4058,-122.7058,1.477
3.3356,20.5,4.2389,0.9418,1008,3.5869,33.3088,-115.916,1.6772
5.0557,35.3,5.4417,1.0901,1145,2.5152,35.031,-115.8512,1.9754
3.5819,36.1,3.1077,0.8,2188,5.7294,38.9448,-118.5792,1.1847
5.9965,50.8,2.0,0.8,1790,3.4581,36.572,-123.5447,3.0404
6.1331,11.3,5.1816,1.2812,279,3.3643,33.9835,-120.2918,3.0962
7.6399,21.0,6.6452,1.5344,1262,3.9849,33.1028,-118.7404,3.2463
10.529,50.2,6.6837,1.6741,822,1.7268,39.4289,-116.6901,4.3886
8.1459,36.2,7.2505,1.7885,570,2.1207,39.189,-121.3657,3.6062
2.5586,31.2,2.3929,0.8,161,2.7545,36.8845,-115.3318,0.5324
2.6062,28.5,5.6158,1.1954,194,3.9913,37.5136,-121.8673,1.602
4.2825,4.9,4.9631,1.2677,497,1.7019,34.7847,-114.0189,2.2872
3.4188,46.6,5.3256,1.4855,206,2.9326,37.1107,-123.2919,1.9334
2.2637,32.9,5.0764,1.0392,505,2.7912,39.4218,-115.754,0.5
3.4383,30.2,4.1791,1.1793,1178,1.4256,39.8296,-123.1117,1.7036
3.3713,28.5,2.0,0.8,418,2.4911,35.7347,-116.5272,1.089
2.9948,21.0,7.8237,1.8625,711,3.5423,38.9491,-115.4458,1.0103
3.7081,14.0,6.16,1.7534,283,1.5167,37.1216,-121.2144,2.1585
9.0891,39.5,2.5314,0.8,845,4.4113,39.5237,-123.436,4.1929
5.0508,27.0,6.4463,1.3717,999,3.468,39.0624,-114.001,2.1049
15.0,2.7,4.6054,0.8969,213,3.346,39.6284,-114.304,5.0
4.9645,21.4,4.6621,1.0668,364,3.0082,34.0664,-116.5534,1.9382
3.7658,48.4,3.9632,0.9417,241,1.9077,35.5602,-120.4419,1.9657
4.4928,20.1,6.5739,1.3666,1000,2.3503,35.0173,-123.0888,2.6218
5.2273,22.1,3.9004,0.9045,758,3.3619,36.7472,-120.1105,2.813
5.8191,32.8,3.3063,0.8,639,2.3483,36.9167,-116.9364,2.0876
15.0,41.9,7.7635,1.9142,600,3.1887,38.8394,-122.9002,5.0
2.6988,35.1,5.1422,1.2345,861,2.1011,37.9113,-124.3236,1.3881
7.5039,44.4,5.205,1.4204,875,3.4514,38.0088,-115.0076,3.1441
5.0766,6.8,6.8849,1.3599,447,3.5261,38.5134,-117.1501,2.1509
1.746,48.2,4.1648,0.9922,400,1.3723,35.0925,-117.2147,0.986
7.1165,47.1,4.5637,0.8374,634,3.0673,34.6483,-114.5545,2.6745
9.5886,27.5,6.1114,1.5204,571,1.4783,34.5443,-119.0326,3.9424
2.6797,32.9,2.4172,0.8,3458,1.139,39.9048,-121.1602,1.6102
4.4577,11.9,5.9422,1.4454,489,2.4061,33.424,-114.951,1.8132
1.5917,23.8,3.9886,0.816,839,5.7969,35.5029,-114.149,0.5
2.1058,11.3,7.2109,1.4093,966,3.7754,35.1626,-124.2852,1.3966
8.4049,2.1,6.5933,1.4737,2039,4.3921,38.1233,-121.0279,4.5943
3.3877,51.0,6.3291,1.4949,348,3.6084,41.2798,-120.6947,1.8602
2.3042,14.2,2.2861,0.8,1942,3.2054,40.8466,-123.3321,1.41
5.1432,31.2,5.2932,1.3632,591,3.8954,33.5012,-122.1735,2.2968
3.2758,16.3,3.1455,0.8,4920,2.3604,37.632,-124.2432,2.5557
3.3788,19.9,5.4263,1.0924,889,3.4705,32.8534,-117.1876,1.2989
6.9838,21.3,2.0,0.8,249,4.1771,40.0279,-123.3775,3.9783
2.2321,18.1,2.4183,0.8,568,3.6994,36.0598,-115.1799,0.6109
2.6033,33.5,7.8781,1.585,1937,4.2428,34.5412,-118.3683,1.096
4.9158,50.0,6.2381,1.6703,710,3.1826,37.099,-120.7603,2.557
8.0177,22.9,4.7924,1.1554,634,4.6921,36.6335,-116.0067,3.775
9.4206,50.6,3.6825,0.8539,1182,2.7918,41.4597,-117.668,4.2068
3.0071,35.1,3.3315,0.8,505,5.1177,32.8153,-116.5933,1.1961
7.865,32.0,5.9003,1.273,562,3.5736,41.5248,-115.2833,3.0988
2.7997,13.1,4.8127,1.094,312,2.6161,34.7265,-116.0195,1.5919
13.4063,4.2,8.5933,2.0769,2652,1.8209,33.8778,-116.319,5.0
2.2699,44.4,5.1305,1.4625,250,2.192,39.5473,-116.8366,0.6802
9.9452,30.3,5.6174,1.5867,762,2.0406,37.4645,-120.5364,4.9751
3.0226,22.1,2.723,0.8,976,2.9113,41.0087,-117.6558,1.3795
14.9985,42.4,4.7786,1.28,658,1.726,37.6551,-118.5602,5.0
6.3904,16.8,5.854,1.5656,244,4.2928,37.3019,-114.3838,2.927
2.4361,41.0,4.7544,1.0104,299,3.1107,34.4585,-119.2402,1.0708
3.2761,17.7,4.5287,0.9613,1010,3.0701,41.5229,-122.1709,1.7725
7.1614,48.0,6.1538,1.7144,356,1.8346,38.8127,-119.6939,2.4402
8.4282,14.7,8.5296,1.8195,127,2.231,38.2149,-120.1462,4.305
4.2955,8.0,5.7899,1.527,906,1.0,40.0055,-119.5806,1.6138
4.6034,36.6,7.7884,1.8306,331,4.6178,33.4621,-118.3992,1.3595
7.064,9.3,6.7432,1.2307,1102,1.5823,40.7309,-114.5458,3.2091
4.8505,49.4,7.6687,1.6877,566,1.6581,37.2546,-121.5487,2.8907
2.0625,34.4,4.2806,1.1996,545,4.4132,40.121,-114.3241,0.5492
2.7517,12.8,5.0861,1.2123,694,3.3876,39.27,-116.3144,1.3548
5.1607,11.6,5.0945,1.0522,268,3.1207,36.787,-122.5793,2.8345
9.2933,48.1,6.5926,1.6693,344,3.3403,39.8122,-121.5554,4.214
11.8176,32.0,7.0848,1.305,540,3.9539,39.3466,-114.9521,4.9104
7.1543,46.6,5.7501,1.3217,266,3.0999,32.5354,-116.0859,3.194
5.3248,6.6,7.2534,2.0477,1177,1.4565,39.2379,-122.9947,2.7856
7.0237,48.2,4.3733,0.9546,520,3.7332,37.3335,-118.362,3.021
3.004,27.5,7.2708,1.4984,209,3.4223,40.475,-121.5916,1.4764
4.088,35.1,7.5316,1.7071,425,4.1716,40.1916,-117.8876,1.7312
2.7333,20.0,6.855,1.2798,721,1.7509,34.1212,-122.6774,1.8131
2.1186,4.0,5.7683,1.0876,466,2.2707,32.7067,-120.8049,1.3148
5.4747,49.9,6.9266,1.8335,916,3.3921,34.3651,-120.4205,3.0553
5.0094,51.7,3.712,1.0142,1053,2.0555,39.5407,-118.8541,1.4343
6.7706,19.6,5.8967,1.4296,4543,1.0,40.7778,-121.9872,3.0119
6.2194,49.1,6.101,1.2936,1670,3.1973,39.1555,-116.8587,2.3752
5.184,9.6,2.841,0.8,180,3.895,40.2956,-116.0027,2.4158
6.2587,8.9,6.4492,1.595,499,2.8711,38.0788,-117.7801,2.3273
4.3684,4.7,3.0024,0.8,537,3.5481,37.3119,-115.0176,1.7848
5.7416,21.0,4.6442,1.1287,1054,3.4034,41.7185,-116.1998,2.4462
2.8988,3.7,5.5795,1.0922,315,3.0105,33.2656,-124.0378,1.7913
5.5947,21.1,4.0385,0.8,435,3.136,36.5029,-123.6104,2.8454
6.6929,8.1,5.6651,1.5324,246,4.3491,35.1415,-117.5703,2.6523
2.9987,38.3,5.6331,1.4207,411,2.0357,33.6595,-116.9203,1.078
4.6233,43.5,3.8596,0.982,423,3.773,38.253,-114.337,1.9924
3.0828,36.1,6.6359,1.2428,518,1.8191,35.0009,-124.465,1.3833
3.2677,11.2,3.9717,0.9451,257,2.2052,36.8982,-122.0119,1.3231
2.282,40.1,10.0759,1.9478,1459,4.1959,33.7976,-115.7666,0.8538
9.578,13.7,5.281,1.1851,970,1.7902,36.2049,-115.1389,4.5819
8.4944,39.7,3.1574,0.8,209,2.7584,34.4024,-119.6235,3.2881
6.1871,29.9,3.5313,0.8,679,5.3613,41.0209,-119.4206,2.7648
14.6336,19.7,7.7952,1.779,190,4.0256,37.4628,-115.537,5.0
4.0006,5.3,4.6817,0.9383,1947,2.2628,40.0957,-119.6703,1.4145
15.0,43.2,2.7725,0.8,2419,2.4342,37.1144,-116.232,5.0
3.9098,48.9,7.2074,1.946,636,2.8299,32.9027,-114.5383,1.293
5.2232,35.0,4.6689,1.2947,336,4.3119,39.0983,-121.7506,2.7762
3.5301,50.2,6.8068,1.738,391,1.9984,32.9543,-121.6188,1.6451
5.6035,48.6,7.3711,1.4908,463,1.9378,36.2529,-114.6447,2.5655
7.3992,10.9,6.0489,1.4242,611,3.7134,37.6959,-120.0449,3.8375
4.1856,38.3,10.2918,2.3347,1991,1.3189,39.9084,-124.3349,2.0246
13.0141,18.8,2.0505,0.8,1429,2.0889,41.0367,-119.2239,5.0
5.1732,25.9,3.8641,0.8142,1446,2.9149,34.4457,-118.024,2.2632
5.2714,9.0,4.9881,0.9767,762,2.9662,38.8039,-121.9303,2.443
2.5976,50.7,10.0223,2.1102,264,1.6354,36.9672,-116.8622,0.9208
5.7609,38.0,9.096,1.6631,359,3.3537,39.7914,-122.0541,3.1541
4.1354,14.6,8.0774,2.2865,698,3.5538,41.4285,-123.2437,2.2189
3.1113,19.9,3.9118,1.1077,254,2.3375,37.5632,-121.8817,1.3113
2.8126,22.5,4.145,0.9211,848,4.6608,35.2243,-118.8939,0.5
15.0,39.1,3.8429,0.9529,1267,3.3396,40.0858,-115.5142,5.0
3.8264,48.2,3.9331,0.8071,1029,1.9951,37.504,-118.942,1.247
1.8698,17.4,8.4854,1.6682,996,4.6208,40.8816,-115.5857,0.6252
2.9478,25.1,5.0125,1.3529,149,2.4767,37.8777,-123.826,1.8963
4.3451,31.3,5.277,0.9892,1933,3.1789,41.4027,-120.5878,1.9565
6.2214,21.1,7.0488,1.9801,190,2.5132,32.6666,-119.9306,3.1678
6.2519,26.7,2.1729,0.8,589,3.6242,39.5201,-116.0819,2.5469
6.7259,6.4,5.6053,1.313,1091,2.5185,35.7921,-118.0882,2.7766
3.0437,9.6,3.3063,0.8,886,2.5791,38.8519,-116.2571,1.2543
5.4973,21.5,4.9112,1.329,239,2.84,41.4523,-120.9452,3.1859
2.6495,47.7,4.3272,0.8052,276,2.498,38.7122,-114.6927,0.7532
3.0901,18.8,4.224,0.8,837,4.0718,39.5774,-115.9566,1.7256
2.5841,13.7,5.9512,1.3112,1001,1.7422,34.0015,-114.8874,0.6877
2.1967,38.9,5.9424,1.3149,274,2.9629,34.1199,-121.7406,0.885
8.4869,49.4,5.0604,1.061,911,3.0895,37.9476,-124.431,3.501
6.7745,24.4,6.2414,1.3393,198,2.8754,36.5907,-118.0374,2.858
8.0526,1.4,3.7628,0.8203,1096,3.9683,33.5559,-119.3279,3.5679
4.5887,36.1,6.8632,1.467,328,1.4961,39.4192,-116.321,1.818
7.1427,22.2,5.0876,0.9751,709,3.5679,39.1401,-123.4763,3.453
1.5577,35.4,4.5327,0.9599,620,1.755,33.37,-118.2478,0.6222
7.5222,15.2,3.9105,1.0048,1683,2.4912,32.9622,-122.4116,3.5023
4.9842,1.1,5.0172,0.9417,807,1.6523,36.0987,-119.0967,2.3028
6.5291,18.6,9.2413,2.3503,412,2.6679,38.5129,-122.8376,3.3399
5.6295,36.9,5.3734,1.4029,887,2.4218,40.9889,-114.9204,2.2051
2.4788,21.0,3.2112,0.8,3692,4.6383,36.6278,-122.5756,1.1273
1.8243,12.2,7.3376,1.8686,1202,3.2414,33.299,-118.4617,0.7271
2.9235,24.7,4.5561,1.2313,634,3.4398,40.4844,-124.4411,1.9994
6.2899,39.4,6.0675,1.3122,341,1.8925,33.6865,-122.8574,2.9048
6.7805,7.1,4.2887,0.832,406,3.7401,38.5552,-119.257,2.7501
1.9724,36.3,8.0615,2.226,1146,4.6382,36.4278,-124.0699,1.0022
2.4877,35.0,4.3185,0.9639,327,3.8699,41.1409,-118.8008,1.2596
2.9039,19.9,8.2957,2.2809,667,1.688,39.1967,-122.5645,1.6195
3.6169,50.5,3.4015,0.8,2101,2.5359,32.5014,-116.8713,1.1229
1.9794,46.6,4.9142,1.1734,750,3.1085,36.0412,-115.3829,0.5
1.9094,17.1,8.3,2.1991,281,2.4228,34.2129,-116.5353,0.9822
2.7371,2.6,5.8363,1.0885,3798,5.533,35.1935,-123.8344,1.5155
4.7197,16.7,10.0429,2.1055,2724,2.5177,36.2901,-119.2884,1.7037
2.207,11.4,4.9617,0.9567,993,2.9566,37.6432,-123.3326,1.4211
4.1809,28.9,6.0141,1.1322,1846,2.3998,40.0846,-120.2049,2.189
8.4582,47.9,9.3103,1.7369,537,3.2317,33.3211,-115.6848,3.2291
2.0522,45.4,2.4722,0.8,1187,4.3824,36.6905,-124.0678,0.8052
3.9596,16.6,2.2245,0.8,474,3.1149,40.5818,-121.8577,1.5711
8.2884,22.9,3.909,0.8,225,2.781,36.6057,-115.821,3.375
3.487,2.9,7.1267,1.5696,5290,1.9261,37.4333,-120.2378,2.393
3.1766,28.8,2.2803,0.8,216,4.2088,39.8968,-122.0288,1.6781
9.0079,4.2,6.6941,1.5671,844,2.8563,39.2725,-114.5312,4.0536
3.7295,48.9,6.5534,1.5974,836,2.8133,37.345,-122.8648,1.8011
8.6946,45.2,9.5288,2.1498,1005,1.0,41.6874,-116.2196,3.687
5.7972,11.9,7.591,1.4994,619,2.8728,32.844,-122.6302,3.633
3.6484,36.7,6.2281,1.3934,624,2.5989,33.0178,-114.388,1.287
5.9764,30.0,8.2183,2.0364,743,1.174,36.5599,-116.2463,2.7688
5.4318,41.9,6.5778,1.79,976,3.9896,33.9996,-121.5975,2.8812
8.2691,25.3,4.5799,0.8788,664,2.4648,34.5568,-114.1721,3.7234
3.2252,10.8,3.2108,0.8,630,4.8956,33.9258,-123.2982,2.0509
4.5939,33.6,4.3613,0.9949,231,4.4144,39.0775,-115.4742,1.9361
4.3193,5.1,5.4199,1.0781,3331,2.2801,36.5021,-117.156,1.4823
6.838,30.8,5.85,1.1251,1021,4.3693,40.4247,-122.6742,3.5659
2.4227,11.8,2.0,0.8,786,4.6105,34.8787,-118.7631,0.5
8.2498,35.9,5.0609,1.0622,404,2.441,38.4226,-124.3748,4.0082
5.9287,43.2,5.5572,1.3969,298,1.9673,34.5277,-118.4822,2.429
2.0337,6.6,6.5951,1.2281,1323,1.0,32.6376,-118.3869,0.7352
9.2531,21.4,8.7536,1.8882,585,3.3804,39.0447,-120.2105,4.4836
15.0,38.4,5.8713,1.1887,1093,2.0267,33.8824,-115.8436,5.0
8.1752,9.3,3.6809,0.9872,225,3.4105,39.0912,-114.7272,3.7007
10.5507,29.9,2.0,0.8,2293,2.4321,39.0614,-118.8955,4.4969
4.7172,35.3,6.874,1.622,1368,2.2203,38.8474,-117.4235,1.8534
1.6538,19.1,3.7618,0.8549,623,2.4385,38.1236,-122.9685,1.5556
1.4822,43.4,7.2337,1.4871,967,1.7002,40.9068,-114.02,0.5
5.2229,27.0,8.2948,1.6288,1203,2.438,33.2185,-115.4919,2.176
3.1419,33.0,2.4119,0.8,228,2.2634,41.3523,-114.5352,1.1372
2.589,8.2,6.6078,1.2595,2546,2.9858,33.1267,-116.3303,1.6536
4.3161,2.2,8.0852,2.0531,979,3.1043,37.2056,-121.1094,2.0835
6.4841,3.6,7.5381,1.6296,379,1.9288,41.2707,-122.1723,3.8561
1.8745,47.1,2.0,0.8,277,4.1008,35.0548,-119.134,0.5
3.4235,46.0,3.7927,0.9299,1465,2.8404,40.4601,-123.6327,1.624
11.0887,42.2,2.9396,0.8,788,4.5024,38.1353,-118.7059,4.5422
2.351,11.2,6.5469,1.8583,979,3.2411,40.6813,-120.6158,1.3343
7.5523,27.8,6.3267,1.1867,679,3.0691,32.9614,-116.8567,3.1159
3.3507,41.6,2.0,0.8,298,2.509,37.7814,-117.9302,1.2071
6.2182,35.4,4.8983,1.0014,999,3.6148,34.2922,-121.9115,3.074
8.6572,6.9,7.1014,1.9279,568,3.0336,32.6717,-116.7989,4.0952
6.992,46.7,5.796,1.2119,654,3.8585,39.0451,-121.2333,3.0665
7.733,9.2,5.7925,1.089,4454,4.6047,39.622,-121.8898,4.2421
2.2458,9.8,4.77,1.0346,1333,2.2731,39.4948,-120.1052,1.4542
8.7425,47.0,3.3821,0.8006,1396,3.6135,39.4063,-122.8425,3.6941
2.6869,25.7,5.4659,1.0744,5863,3.5851,40.0994,-121.0858,1.363
5.2369,20.0,5.6042,1.1378,905,3.4581,36.9611,-121.7716,2.9388
5.2328,29.2,6.7305,1.8018,732,2.5668,35.802,-124.2718,2.8942
5.9959,51.1,6.893,1.4267,386,2.587,39.8241,-121.3408,2.6679
5.4859,7.1,5.6717,1.1744,463,2.4161,38.8314,-119.5982,3.2707
2.7012,39.6,7.6898,1.5368,129,2.3963,34.4001,-115.7877,1.1908
1.9939,18.1,4.7502,1.1494,1252,2.1599,36.6353,-122.605,1.3126
7.5641,7.0,2.612,0.8,241,2.8955,34.2306,-121.0624,4.1122
5.0103,22.5,6.4541,1.1908,1369,2.2422,39.8996,-124.1916,2.4065
8.9319,29.0,5.7528,1.238,643,3.4356,34.8477,-123.7114,4.7059
4.363,11.5,6.4939,1.4376,737,3.057,38.4156,-120.7608,1.8306
1.9288,21.7,2.9711,0.8,643,3.1691,39.486,-119.2508,0.864
8.0019,33.4,9.0816,2.2938,2016,2.7265,41.9202,-116.6432,3.2554
3.5887,30.4,6.921,1.6111,1750,3.0689,36.6149,-116.4866,1.1954
5.5025,37.9,4.924,0.9809,650,2.7527,40.7884,-114.9032,2.6695
3.039,43.7,3.6291,0.8,324,3.7795,38.8114,-114.9681,1.0081
12.0201,21.9,7.6543,1.4088,1393,2.5576,32.5803,-123.4343,5.0
2.6487,22.6,3.2965,0.8,305,3.3755,36.2172,-123.3234,1.5728
3.6603,26.3,10.0227,2.4291,192,1.6936,36.2441,-119.2837,1.2321
4.7801,29.9,4.2736,0.9949,991,3.7121,33.6364,-118.3105,2.2203
2.3273,6.5,8.941,2.43,1763,2.4407,36.6524,-118.2222,0.9666
5.4647,16.9,5.1311,0.9595,481,2.0877,33.6064,-119.3941,2.0095
11.7888,9.8,8.6615,2.3052,919,1.8612,40.4362,-114.1974,5.0
3.3392,20.7,4.0303,0.8778,477,1.7821,35.938,-119.156,1.4933
5.6808,50.6,5.5377,1.287,1185,2.5185,34.2397,-114.6792,1.7413
0.861,30.7,7.1095,1.8866,1597,4.4986,38.2173,-114.124,0.5
4.3782,22.9,6.8242,1.6701,539,2.3567,40.647,-119.8378,1.8901
3.7142,29.9,7.7015,1.6155,292,1.0,41.3818,-123.0955,2.1321
2.7426,35.1,4.5251,1.2702,207,3.3655,40.9957,-121.0779,1.4996
8.5752,23.2,5.6696,1.0437,1395,1.8857,40.8795,-120.7353,4.4546
3.6849,23.8,7.9968,1.5037,268,3.8148,35.8065,-115.1726,1.5784
4.029,36.8,4.0895,1.1145,896,2.5789,37.3015,-114.4022,1.5775
3.574,4.1,6.6451,1.2689,1239,2.726,36.0274,-122.7186,1.9392
1.4189,28.5,5.0617,1.2176,445,4.1973,41.2615,-124.2892,1.0755
2.2723,28.9,5.9117,1.6263,582,3.6177,33.3818,-115.778,0.6224
7.9777,39.6,5.6691,1.3786,1479,1.7536,37.766,-118.6342,3.1337
1.2637,51.1,3.9234,0.8,348,1.9007,34.8456,-116.6127,0.5
2.8298,41.6,4.9786,1.0304,321,1.2165,40.5786,-121.0175,1.6456
3.526,26.7,5.7899,1.4558,551,5.6032,35.7226,-122.8355,1.7487
12.7582,9.6,5.2946,1.0721,1849,2.1373,40.705,-121.7211,5.0
7.1076,31.0,8.6455,1.7588,2413,4.1698,41.3164,-123.991,3.7968
3.2082,43.5,7.5199,1.5083,615,2.4677,34.1337,-120.4486,1.4871
9.8032,48.6,6.08,1.3271,376,1.9201,39.6654,-123.4581,4.9894
2.874,43.1,3.9737,0.8,1558,3.0216,35.8248,-119.6304,0.9445
8.2109,10.6,3.852,0.8054,175,2.6733,36.3311,-116.1081,3.8761
1.9831,37.3,9.4476,2.5188,811,3.8019,35.1066,-123.9999,1.7594
8.5331,45.9,3.4802,0.8,642,3.8144,38.3583,-115.0845,3.3761
3.5125,35.7,5.7277,1.381,1873,2.4099,35.7601,-123.2069,1.9943
2.4179,36.0,6.2219,1.2672,2030,1.56,39.5359,-117.6122,1.4387
3.9342,26.5,4.8774,1.0056,313,1.8028,39.8957,-121.9744,2.0148
5.2931,33.5,3.4956,0.8379,761,1.0,36.2538,-115.6284,2.471
3.3306,16.0,3.9302,1.0279,421,2.7255,32.5451,-124.3913,1.6882
6.2487,5.5,4.407,0.9012,526,2.9882,33.1278,-120.0754,3.145
3.1588,43.2,4.081,0.8,1090,1.8572,35.1012,-114.4,1.1534
6.5027,49.1,8.1554,1.5755,509,1.7363,41.5618,-123.3146,2.6068
5.8435,44.7,5.4817,1.1533,777,2.9839,36.2412,-116.5132,2.6178
4.3208,18.0,4.4524,1.1258,1431,2.368,39.5702,-116.8705,1.8264
3.439,5.8,5.7139,1.3827,2235,2.7871,41.3927,-121.1487,1.6596
4.9083,15.3,6.8359,1.3647,838,2.6328,35.7459,-123.8652,2.9135
6.2348,44.0,4.8108,1.1132,731,3.2487,37.8323,-115.7525,2.7317
15.0,34.4,7.304,1.4711,274,2.4347,40.597,-114.9988,5.0
7.8747,50.3,2.9577,0.8,2365,2.5113,38.3406,-123.1578,2.979
8.0494,18.5,7.8426,2.2327,989,1.1182,33.5661,-115.5978,3.5446
15.0,29.1,5.4821,1.1647,742,2.9497,39.811,-115.7512,5.0
6.1079,41.3,5.404,1.1493,712,3.0887,41.0889,-118.4413,2.8068
5.9942,12.9,4.114,0.8652,888,2.8223,39.8034,-116.2729,2.4448
6.8374,50.2,3.0443,0.8,1233,4.9118,39.6491,-124.0855,3.3753
2.4464,31.2,2.1667,0.8,1362,3.1628,39.6791,-119.2901,0.7885
3.4338,1.4,3.9744,0.8882,2413,2.8435,38.3191,-114.3466,1.0427
3.3079,2.3,6.6753,1.3285,808,3.4991,34.8542,-116.3602,1.3655
6.6099,46.0,3.5774,0.8,2706,5.1129,41.153,-121.6846,2.633
4.037,33.9,2.4031,0.8,1550,3.2527,33.7246,-117.9529,1.1938
4.8692,39.9,3.6819,0.8,634,1.0,40.3593,-122.2682,2.1645
8.6061,41.0,4.7303,1.0173,175,3.4321,35.9141,-122.1677,4.0378
7.5224,22.4,4.809,1.0636,712,2.1208,38.9013,-122.5119,3.8868
4.0673,41.7,5.2422,1.0928,2314,1.0775,40.1484,-122.5052,2.3395
2.9982,48.8,7.5652,2.0603,358,4.6976,40.0866,-119.2574,1.0506
8.8566,9.8,7.9985,1.5033,711,4.4814,34.0309,-121.2471,4.1499
7.1302,40.0,9.5109,2.2807,759,2.0948,38.3037,-116.3314,2.9571
1.7096,16.7,2.2502,0.8,1413,2.1014,34.5383,-115.1118,0.5
3.714,17.4,3.7882,0.8,488,3.1602,33.565,-119.3803,1.5244
4.9496,22.1,6.897,1.7406,332,2.1148,37.3788,-122.4912,2.8833
7.1513,45.0,4.5919,0.8362,1049,2.8649,41.8815,-114.021,2.9705
7.7374,2.1,7.2216,1.6636,367,2.2868,41.8258,-124.0062,3.8419
5.314,23.1,5.9142,1.4449,153,2.5996,37.9473,-118.7287,2.2223
6.3671,35.7,8.6584,2.3891,2900,1.5956,39.8357,-122.1937,3.3241
4.6575,6.6,7.5854,2.1167,1396,3.8269,34.8719,-114.6546,2.2672
2.9912,41.4,7.622,2.0654,3001,4.2038,34.6314,-121.0879,1.5997
3.8314,49.0,4.6763,1.3322,1338,2.8998,39.212,-114.4405,1.4403
4.533,5.6,5.3051,1.277,1146,2.9638,39.967,-114.2856,1.5914
4.3894,8.8,4.8895,1.1865,894,3.6292,39.5475,-114.5988,1.6501
1.4458,50.7,2.4882,0.8,573,3.0019,33.4928,-116.1764,0.5
3.5307,11.1,8.4435,2.1291,1002,4.7296,35.8846,-116.7172,1.3559
4.6354,5.0,6.9908,1.9282,427,1.6836,32.9197,-114.4959,2.0152
3.7855,49.6,4.8099,1.3206,283,3.8609,39.9685,-122.1515,1.5793
3.8648,46.5,8.1092,2.0985,510,2.8858,35.4616,-115.996,1.2701
6.0062,34.4,4.2393,1.0257,1869,1.8788,36.5825,-123.3084,2.779
2.3458,29.1,2.0,0.8,248,5.2471,37.9994,-120.7003,1.349
1.6874,47.9,7.5147,1.7764,251,5.3852,32.5052,-120.2808,0.5
3.6368,34.4,2.9429,0.8,1067,2.7921,35.8641,-114.0491,1.1217
7.0885,34.6,5.1084,1.2697,477,3.4447,39.4092,-121.1297,2.82
12.3361,44.0,5.9122,1.5409,981,2.5288,35.2176,-118.6753,5.0
7.1655,34.3,6.2709,1.2984,1468,2.6897,37.9195,-117.8483,3.2994
1.8571,26.7,7.1968,1.6058,962,1.8675,41.7831,-117.3827,0.7833
3.8985,20.9,6.6617,1.8533,401,1.7197,33.6225,-123.2384,2.4485
5.2277,26.7,6.5998,1.3003,1856,4.8441,35.0483,-118.6292,1.7984
4.9856,27.6,3.9185,0.8,1204,2.9612,38.9977,-117.8354,2.1086
6.194,19.4,6.0885,1.1162,680,3.0506,38.1846,-115.0148,2.4128
2.5851,23.9,2.4889,0.8,654,2.1895,41.791,-114.4484,0.9933
4.6598,41.9,8.6243,1.8473,897,3.19,32.8287,-122.0322,2.6992
5.7672,22.2,2.6949,0.8,518,1.4962,40.8409,-122.2896,2.7747
7.3552,2.3,4.8071,1.113,180,2.2263,37.1412,-117.3207,3.4328
2.7637,15.4,2.8623,0.8,1212,1.8002,34.6555,-119.3604,1.0739
3.6434,12.8,4.0397,0.8771,1156,4.2929,37.282,-116.6925,1.4743
0.8849,41.5,5.5269,1.3314,106,1.3481,36.4159,-115.591,0.6819
3.0868,23.9,4.4425,1.2624,1001,1.8208,34.2037,-124.3878,1.8866
3.2718,15.3,7.7885,1.6667,2711,1.0,34.5843,-115.2733,1.2361
2.4309,42.3,5.9538,1.3083,270,2.11,35.2373,-121.7129,1.1631
4.9499,2.0,4.5742,0.8927,627,2.5405,37.7459,-114.3213,2.3474
4.3337,9.9,5.2328,1.3508,575,3.9778,33.2894,-119.9822,2.0143
1.1554,43.2,7.9394,1.5474,2511,2.778,33.344,-115.5493,0.5
5.1003,29.1,7.3177,2.0727,1631,2.5894,35.6516,-122.4007,2.1372
2.5677,40.5,3.2225,0.8,329,3.2999,39.2193,-118.9859,0.6169
5.9979,43.7,4.1387,0.9639,875,2.5571,41.7939,-123.8355,2.9889
2.0769,49.0,6.4496,1.5492,4197,5.4099,32.614,-116.7841,0.6647
4.5631,4.2,6.2067,1.4214,404,2.409,41.7372,-114.608,2.2169
3.7814,41.8,3.3992,0.8612,659,3.4137,39.0174,-115.6472,0.8831
5.3756,37.1,6.9983,1.8098,1003,3.8265,41.0594,-117.3563,2.3529
4.8299,11.6,3.7183,0.8,408,2.3803,37.5952,-123.2511,2.7667
3.8455,48.5,8.1077,2.0497,2726,3.1654,36.8979,-114.1684,0.8446
1.7829,21.6,6.5589,1.3187,456,2.4992,39.959,-120.8884,1.0112
1.8472,46.3,3.2362,0.8,219,3.274,37.7356,-117.8559,0.6978
3.1571,31.9,4.4418,1.2453,437,3.1009,41.025,-121.6337,1.2825
4.4595,27.9,4.4071,0.8375,1121,2.8597,40.9841,-115.8131,1.6627
3.1113,9.1,5.8198,1.1459,351,1.8444,37.5393,-120.5266,1.9998
6.5216,47.6,5.092,1.0,847,4.8637,37.9508,-120.3979,2.7784
3.7904,29.4,3.209,0.8,1043,3.5864,36.8346,-124.453,1.7831
2.5118,1.3,2.7115,0.8,253,1.4114,39.0494,-118.459,1.1314
3.7929,1.9,6.598,1.2025,424,2.5796,38.9824,-121.8673,2.0474
5.1321,40.7,6.0725,1.5739,879,1.4306,38.6806,-114.8206,1.8571
5.4463,9.3,5.7111,1.567,1167,3.7621,33.0923,-116.2769,2.3885
13.8326,31.5,6.0415,1.2309,432,2.9782,41.654,-114.5032,5.0
3.0001,35.7,4.2622,1.0426,751,3.0041,35.6882,-120.4077,1.6606
4.2884,15.2,5.868,1.2441,530,2.1576,34.8391,-117.5518,2.1482
5.7873,30.0,10.577,2.4693,1191,2.6844,34.505,-119.7561,2.5395
4.4191,13.3,7.8491,1.8836,1008,3.7872,33.1582,-114.952,2.2708
3.3189,49.3,4.9232,0.9313,493,4.0558,36.8419,-121.0953,1.7049
1.7691,44.9,4.4533,1.1768,975,3.8464,32.8949,-121.0505,0.9035
3.2986,15.7,2.0,0.8,478,1.4478,34.0286,-120.6576,1.969
2.3532,28.0,7.6374,1.5794,959,2.8139,32.5501,-119.2732,0.7105
1.5905,26.5,7.0732,1.3964,970,3.2533,34.1595,-115.1789,0.5
2.7804,50.0,4.4123,0.8544,4433,2.2652,41.9548,-122.3216,1.5376
2.3911,21.1,2.6366,0.8,508,1.341,37.6438,-117.6613,0.8067
6.3615,29.7,3.1895,0.8,594,1.7134,33.1379,-121.2874,3.8472
6.4279,48.4,6.3888,1.3538,396,4.4998,37.8594,-123.6321,3.7299
2.6056,9.3,5.3213,1.034,291,1.8085,38.2075,-114.4866,1.0055
3.8338,29.1,6.8832,1.8925,462,3.0476,37.7034,-116.2493,1.4065
1.4697,6.4,5.6729,1.3463,1132,2.8437,35.6919,-114.5038,0.5
3.3314,32.5,7.4335,1.6338,1200,2.8462,38.7438,-120.2972,1.694
5.6939,19.6,6.2392,1.3406,843,2.6801,33.8548,-116.5517,2.1972
7.3519,50.3,7.1576,1.9355,525,3.7891,34.5858,-117.663,2.8649
2.9217,22.2,2.0,0.8,448,3.0356,41.9498,-118.0003,0.9478
8.4242,7.9,3.0313,0.8,319,2.3743,36.4481,-124.0772,4.0205
1.805,43.5,4.7713,1.1298,426,3.0513,33.904,-123.7468,1.221
2.12,42.9,7.6591,1.7015,236,1.7225,34.5617,-122.4497,0.9509
6.8606,36.4,9.2611,2.267,1971,3.4759,39.3793,-116.6286,3.201
12.2151,39.2,5.1715,0.9867,2892,2.319,33.6044,-116.1174,5.0
6.0259,14.5,4.2768,0.9103,141,2.3766,35.8628,-117.7042,2.7911
4.3745,33.7,2.0,0.8,838,3.513,35.6198,-122.4833,2.0968
1.2007,2.9,7.2271,1.3412,827,2.5927,34.6658,-116.335,0.5933
1.3318,11.0,4.3996,0.9109,786,2.649,37.03,-123.3086,1.1132
4.8435,48.5,11.4167,2.8122,414,4.1676,33.5462,-115.1128,2.2353
3.6153,38.7,4.0212,0.8406,1507,2.0268,36.8374,-120.4599,2.338
2.3083,12.8,9.7106,1.7905,924,3.4984,32.8099,-116.8656,1.1039
4.6614,6.7,6.9967,1.9725,1521,3.9495,41.7182,-122.7203,2.2404
4.8022,49.4,3.4435,0.8,369,4.1669,38.2463,-121.2,2.7612
7.8983,6.7,5.9643,1.5639,220,5.1765,33.2132,-119.2996,2.9972
4.8645,14.1,7.0428,1.3721,942,2.3579,34.3119,-119.2883,1.9278
9.3655,10.3,5.0495,1.0561,308,2.1321,39.4963,-123.4794,4.6783
4.5032,1.4,7.176,1.3353,1546,3.8172,39.4509,-118.7427,1.5993
4.182,17.0,7.1319,1.4738,121,3.9402,35.9673,-123.7113,2.238
8.4874,50.7,6.6927,1.8936,457,2.2093,33.9102,-114.8014,3.329
2.4916,18.4,5.4671,1.2093,406,3.4848,37.5913,-120.0714,1.5872
15.0,26.7,3.1501,0.8,510,5.7242,35.1258,-119.8897,5.0
5.6134,39.0,5.3464,1.3485,820,3.1047,33.4197,-118.4416,2.4983
5.6322,29.1,5.8521,1.5964,913,3.9235,35.787,-116.2924,2.7389
6.1414,38.9,2.0,0.8,1110,4.5767,39.6346,-123.7699,3.2546
13.8223,34.7,5.8385,1.296,1217,5.5037,35.8643,-117.1187,5.0
7.2103,32.0,5.3064,1.476,580,3.2457,32.8874,-114.9394,3.0887
1.7108,34.1,2.9067,0.8,3594,4.253,33.6438,-119.8884,0.5
10.4029,41.8,4.834,1.1638,2018,2.2115,38.1653,-124.3607,5.0
3.6527,37.2,4.8763,1.0084,518,3.0249,37.4605,-121.9026,2.4572
4.7793,41.4,9.3602,2.1066,596,2.5535,38.9112,-114.619,1.8816
2.0802,8.4,5.9402,1.3276,510,1.1147,37.9316,-123.2608,1.5424
6.1455,35.6,7.5721,1.4809,889,1.397,37.2237,-124.3571,3.1427
3.0319,38.6,5.2644,1.2977,306,3.43,37.0136,-114.6735,0.9782
4.7593,16.3,2.0,0.8,354,3.4497,41.6346,-115.4382,2.0402
3.7793,45.6,6.8447,1.6162,117,1.9584,40.6918,-119.6659,1.1574
14.2251,16.5,4.1836,0.9647,484,4.5574,36.1373,-124.4434,5.0
14.7222,13.4,4.8288,1.0471,1559,1.89,38.708,-118.3704,5.0
4.6085,45.2,3.3941,0.8,589,3.2573,32.6941,-115.924,2.1434
4.6571,13.6,5.6455,1.0473,616,2.5848,32.699,-121.4963,2.7387
3.582,22.2,7.6304,1.8896,831,3.1069,35.5264,-122.6863,2.0252
8.7024,19.8,7.3655,1.9866,298,3.8985,39.6703,-115.0011,3.2371
3.679,46.8,8.6724,1.9902,679,3.7573,41.2919,-116.4368,1.4725
3.4806,24.2,8.9559,1.9497,1356,3.7078,38.9883,-119.7951,1.3447
8.062,36.4,2.0,0.8,850,3.5802,39.2107,-114.9973,3.8802
3.2447,41.5,3.1128,0.8,1455,1.7273,32.8051,-118.1144,1.5831
4.3813,33.0,2.0,0.8,1829,4.1345,41.3365,-114.5871,1.8076
1.7354,49.1,6.7639,1.5073,1130,1.9397,33.3245,-123.4168,0.7821
6.8381,41.9,4.1138,0.9349,376,2.894,41.4956,-119.9176,2.7323
14.3611,21.4,4.5216,1.2625,505,2.6487,33.8462,-117.3682,5.0
6.9084,49.5,5.0668,1.1078,3119,3.3501,32.8172,-120.2171,3.3474
10.7734,27.8,6.2651,1.3354,855,2.5153,37.8543,-120.8275,5.0
2.6975,2.2,2.5294,0.8,769,2.8415,33.5797,-117.198,0.7424
5.1644,14.3,2.9823,0.8,334,4.6189,32.7737,-118.1403,2.5419
2.5449,32.7,5.5026,1.4424,618,1.7047,38.8444,-121.5333,1.479
3.9092,9.0,7.8975,2.0459,1180,2.9975,39.5134,-119.838,1.7425
7.123,30.8,5.4492,1.4266,673,1.8859,35.2829,-117.0775,2.8171
4.764,19.4,3.9167,0.8,439,3.6743,37.5683,-117.9175,2.2552
1.9202,28.3,2.0,0.8,529,2.2733,38.0674,-119.7432,0.9134
2.036,1.1,7.4054,1.4381,1726,3.0385,34.0281,-121.7699,1.399
1.9568,44.3,4.0281,0.8,1135,1.6753,36.6806,-123.2968,1.1917
6.0187,19.5,3.2051,0.8683,1020,4.2915,38.5512,-115.6782,2.5129
15.0,8.1,2.0693,0.8,946,3.0728,40.9141,-115.8867,5.0
10.15,23.3,2.6218,0.8,258,3.1378,36.4792,-118.0603,4.4777
1.4368,25.8,3.5776,0.9058,827,3.8291,39.1437,-118.5009,0.5
10.5133,33.5,5.0223,1.1207,1563,1.7486,37.266,-123.0685,5.0
7.8604,27.8,3.0825,0.8,540,2.385,39.2173,-119.8093,3.0394
1.7733,3.2,5.8714,1.1089,1454,3.1701,39.9954,-119.4194,0.6672
3.7362,45.4,5.0071,1.3457,1029,1.238,37.5402,-119.6551,1.6652
8.6479,24.3,9.944,1.8818,1290,1.3454,33.0805,-121.958,4.5595
6.2355,4.9,2.0911,0.8,693,2.1787,40.8163,-123.2,3.5567
2.0433,40.4,5.823,1.089,1352,1.859,38.2094,-114.7205,1.066
6.4653,34.7,5.848,1.6663,206,2.6561,38.2061,-118.6584,2.8601
1.243,34.1,3.4389,0.8724,683,3.5224,37.3399,-115.443,0.5
3.9208,22.8,5.6905,1.1655,1177,3.7499,34.1527,-117.4442,1.6172
8.8709,21.9,7.0392,1.6989,843,4.8094,37.1187,-115.8868,3.5764
4.5314,28.4,5.693,1.5717,1598,2.9774,37.5998,-122.232,2.5151
3.3222,3.6,8.2689,1.6453,587,3.1544,36.1458,-123.3866,2.4094
7.6416,16.2,2.0,0.8,429,2.9751,33.9165,-118.0544,3.5014
8.0434,51.4,3.8155,0.8687,179,3.3203,39.7413,-118.7319,3.4176
9.8358,34.8,8.4501,1.5662,535,3.3984,36.8376,-123.4871,4.6991
7.5731,22.4,7.3241,1.672,1006,3.9221,39.1563,-118.0814,3.0919
8.5748,12.3,6.581,1.2362,1223,3.9182,32.9463,-122.5901,3.9387
6.957,39.0,7.9664,1.8449,217,3.5194,37.2916,-123.3642,3.1188
5.2557,14.3,2.0,0.8,1703,4.5102,33.2009,-114.1551,2.1671
4.729,9.3,7.0912,1.9089,305,3.0268,39.4686,-118.665,1.2972
3.887,8.9,7.6287,1.8094,604,2.3884,38.0191,-121.0374,2.1501
2.1653,38.2,4.1826,1.0021,422,2.552,36.7882,-123.4704,1.5384
2.5264,33.8,10.7585,2.0717,929,2.8942,41.742,-114.8744,1.5685
3.784,4.6,5.8927,1.1035,717,1.9164,35.5972,-114.6029,1.637
5.1803,6.9,2.0,0.8,1144,2.3866,36.5175,-121.802,2.991
10.6386,33.3,6.2625,1.6942,2907,1.8602,39.5065,-119.9322,4.4028
4.3707,30.1,4.0603,0.8483,914,3.344,37.488,-117.7218,2.1415
8.1832,36.0,7.83,1.7519,419,3.3538,38.756,-123.3329,3.8906
8.5642,10.1,6.5959,1.6112,962,1.2311,41.7747,-118.8619,4.313
3.9006,38.1,4.3042,1.0707,3153,2.3459,39.1089,-122.2043,2.0818
6.4033,48.7,8.5049,2.1535,1124,4.8252,33.9317,-122.1347,3.3318
3.8724,31.7,7.3789,1.6214,1417,3.6298,34.4888,-118.1679,1.4793
9.9074,11.0,3.8442,1.0875,186,3.4543,40.7636,-121.2442,4.506
6.5634,35.7,5.1959,1.0438,906,2.3357,32.9558,-118.7213,2.9881
2.194,18.5,6.5338,1.5933,537,3.2873,37.3372,-121.7458,1.54
4.9378,3.5,4.7715,1.096,386,2.9855,41.1066,-119.3793,2.0505
12.0476,16.4,4.8312,1.0608,653,2.2033,39.8742,-114.7116,5.0
4.0199,47.2,5.5735,1.4208,726,2.5062,33.5988,-119.4104,1.4363
5.8628,22.0,3.3684,0.8,404,2.5287,39.5344,-119.2358,2.5069
6.2185,45.1,2.0,0.8,773,1.5113,36.1297,-119.3252,2.2847
2.4061,26.9,5.9783,1.1408,579,1.6764,41.0622,-115.5061,0.5
6.0886,27.4,2.0,0.8,1167,2.8005,37.9416,-117.3417,2.0388
1.942,1.3,3.5139,0.805,798,2.152,37.7133,-124.1784,1.2243
3.0791,33.5,2.0,0.8,899,2.6991,32.5828,-123.2615,1.433
8.5457,6.5,2.2031,0.8,1456,1.3943,34.8717,-118.4322,3.7381
5.5514,25.4,6.3527,1.3556,1037,3.8013,36.4212,-116.5181,2.1291
3.7334,14.3,5.0554,1.1649,662,5.0805,39.3772,-123.2714,1.7803
5.8584,21.0,4.9832,1.3146,125,4.0274,37.4405,-119.2208,2.2285
4.323,28.4,2.8682,0.8,1003,4.1305,40.5991,-117.7538,1.89
4.5156,1.7,4.1883,1.187,321,3.6261,32.8263,-120.2916,2.4243
6.6465,15.5,6.2529,1.511,621,3.2656,35.5674,-117.2182,3.2069
2.8967,51.5,5.3958,1.1575,895,3.0865,38.1771,-120.9024,1.3698
4.5915,3.9,7.1453,1.3204,1932,2.0855,38.7582,-117.9583,1.5259
3.716,17.3,7.4302,1.927,2904,3.6901,37.2729,-116.46,1.217
1.7309,17.4,4.9956,1.3835,318,3.6307,36.2891,-114.4639,0.5965
2.5798,20.3,2.0,0.8,232,2.537,33.1798,-117.7916,1.0292
11.4836,35.9,3.9867,1.0454,863,3.526,39.1143,-120.8084,5.0
5.6454,13.6,5.3046,1.0846,807,2.3061,41.0854,-116.927,2.2141
2.0256,24.5,3.947,1.124,254,2.3697,40.184,-116.053,0.5747
1.7785,33.9,3.3908,0.8,656,3.7751,39.1617,-120.1463,1.1605
4.19,17.4,5.6395,1.0822,1073,3.4305,38.5245,-120.693,2.4627
11.4354,49.4,10.3606,2.3119,249,2.7681,39.8344,-122.8991,5.0
4.0066,51.0,4.5236,0.8468,300,2.6523,39.879,-117.3926,1.5643
9.8178,7.1,5.4944,1.1552,397,3.1748,32.5659,-119.8289,4.3341
5.5354,18.5,2.8759,0.8,561,1.1646,35.8996,-123.1045,3.0029
5.9462,11.6,7.9868,1.9688,1159,2.2422,40.7465,-118.6047,2.4084
2.0109,10.5,7.2495,1.3196,512,1.7349,40.5824,-114.1063,1.0019
7.8657,26.0,7.1115,1.8421,695,3.0119,39.2446,-123.961,4.0401
3.6658,29.8,8.2196,1.9539,4012,4.0886,35.4362,-119.0871,1.2798
7.5222,22.7,4.6453,0.8649,309,3.4772,40.0802,-114.6738,3.0003
2.7497,14.9,4.8952,1.1542,394,2.4885,34.6998,-114.4292,1.209
4.984,15.2,8.9198,2.2756,1144,2.2934,34.6289,-120.9119,2.551
5.5356,51.6,6.7655,1.8694,1466,2.2461,37.5895,-122.6981,2.4394
4.0861,48.1,2.0,0.8,927,4.9996,37.9277,-120.0824,1.8957
5.7129,4.9,6.4096,1.5223,2828,3.0681,35.8376,-121.1554,3.1993
3.8197,34.5,4.3366,0.9987,857,3.1998,38.2359,-119.4328,1.2355
3.0361,24.3,7.2963,1.5914,137,1.0,39.2366,-118.2424,1.2727
11.7434,36.1,6.3164,1.2319,719,1.8191,34.2121,-116.4335,4.5972
8.4096,31.4,2.0189,0.8,421,2.9558,35.2418,-117.8413,3.6811
2.8391,46.4,6.0377,1.1651,2012,2.5018,39.1485,-115.1334,1.3755
6.3033,4.4,5.9213,1.2722,1439,3.1331,41.3089,-116.775,2.482
2.8702,18.8,6.2269,1.2422,186,3.1199,40.9022,-119.0542,1.2211
2.2016,51.3,6.6511,1.3265,1959,3.6005,33.7316,-123.2474,0.9417
8.3335,10.3,8.4919,1.6003,1410,1.1308,37.9124,-116.0606,3.7468
1.6121,7.5,6.3278,1.7164,513,1.8948,40.1017,-117.0013,0.5899
7.8155,38.2,5.5458,1.1944,625,2.9004,34.7546,-120.9702,3.8718
3.8511,40.6,7.7959,1.4659,2026,2.3526,38.6103,-122.0644,1.7338
3.9475,35.3,9.9855,2.022,137,2.6897,36.5626,-117.5902,1.3074
5.7308,40.6,7.3301,1.9848,950,3.109,38.7959,-123.6156,3.2508
6.3517,36.4,5.9124,1.2505,1595,2.2551,32.805,-116.2339,2.2275
2.7297,7.9,6.3651,1.2481,620,3.1923,35.4731,-122.1177,1.6136
6.8939,32.0,6.0121,1.4846,1117,3.544,35.4196,-118.2685,2.829
4.7972,40.6,5.537,1.162,722,3.0651,36.4774,-121.3126,2.5094
2.1093,45.1,9.8303,1.8974,355,3.7207,33.5881,-119.489,0.8275
4.0474,13.6,4.0019,0.88,348,1.0,36.6479,-116.0934,1.6564
10.2653,7.5,7.8098,2.0085,1176,2.414,37.6442,-121.4862,5.0
12.2553,40.8,5.2483,1.1411,400,3.8923,32.7533,-124.1525,5.0
6.8923,14.1,2.5392,0.8,196,2.1356,35.3587,-123.6874,3.2976
2.1941,2.6,5.1234,1.1899,734,1.9999,34.1843,-123.718,1.1148
6.0156,43.1,4.4064,0.9068,441,2.8737,41.7355,-119.6803,2.3906
7.4672,26.8,6.6552,1.5241,255,2.9827,33.7371,-123.6256,3.4572
6.927,17.7,5.6826,1.0814,704,2.4653,38.4604,-120.167,3.4052
7.1777,1.6,3.4559,0.8,1229,4.8436,36.3176,-117.1725,2.5106
5.5731,2.8,8.442,1.6522,676,3.2865,35.2296,-115.2614,2.481
4.2911,41.4,7.6803,1.6872,283,2.0971,40.6137,-122.175,2.1159
3.1111,26.0,8.6721,2.2278,978,1.5605,38.8088,-115.295,1.4881
1.4351,8.6,5.9739,1.2071,1523,3.4056,38.3929,-114.2301,0.5
5.4947,19.3,5.4285,1.4922,3907,2.0734,33.3897,-117.9301,2.5522
5.011,9.4,6.9071,1.523,2108,5.1526,34.9602,-116.7592,1.6372
6.2623,6.8,4.345,1.205,298,3.4279,35.1267,-119.4281,2.6588
2.0087,15.1,5.7601,1.2641,1321,3.56,36.6266,-123.7141,1.2032
6.5996,29.0,5.1486,1.0568,817,3.2487,41.2539,-114.4206,2.6104
15.0,11.7,2.5779,0.8,265,4.1216,36.3347,-114.5747,5.0
4.6977,18.5,5.7549,1.3279,835,1.0,35.6162,-121.1109,2.1776
4.3189,25.4,4.6181,1.2329,3087,1.7967,33.1739,-122.4447,2.427
5.3946,22.4,5.0149,1.222,1731,4.0341,36.1571,-123.8124,2.6596
15.0,7.6,6.2276,1.4191,296,4.5006,32.9974,-119.2729,5.0
2.425,3.0,8.0451,1.5391,672,1.7647,35.9694,-114.7899,1.0179
5.0628,2.8,3.8025,0.8,986,1.1814,41.694,-124.0701,2.3683
2.7738,18.9,4.8269,0.8927,167,3.1675,37.7826,-118.0787,1.4471
3.2278,37.7,3.9698,1.0728,171,3.4854,34.4843,-115.7266,1.4481
4.3503,7.7,3.8396,0.9382,753,3.1474,35.3426,-120.5131,2.0799
10.0583,41.1,4.3109,0.974,761,2.9404,37.9254,-118.0742,4.4533
13.205,37.5,5.1071,1.0677,153,1.1481,32.6832,-119.84,5.0
5.8643,1.2,6.6717,1.36,907,2.625,41.0459,-123.8133,2.6538
3.5753,2.4,6.1409,1.2107,1587,2.7741,37.9923,-119.2032,1.3304
15.0,10.9,3.3863,0.8,559,2.4518,37.1767,-123.5649,5.0
3.4676,3.9,8.0883,1.7533,698,1.0813,39.3042,-117.3078,1.7909
3.1814,28.1,7.3888,1.363,1051,3.5847,34.4025,-121.244,1.5658
1.545,3.0,3.6976,0.929,945,3.8658,32.7056,-116.0737,0.8415
10.3569,41.9,7.9482,1.5562,175,2.2054,38.3446,-118.3361,4.4814
8.0121,26.1,6.1539,1.2499,322,2.814,34.02,-114.6822,3.3085
15.0,38.1,5.1871,1.3722,485,2.5031,32.6163,-116.7537,5.0
1.947,39.3,6.2162,1.1613,334,2.5128,41.3247,-116.889,1.0813
10.75,26.8,5.4485,1.0456,2151,3.4932,39.99,-121.3016,4.9494
4.6743,48.2,6.5902,1.3027,1105,3.5173,33.5849,-119.8599,1.6614
7.2693,51.5,5.8746,1.5651,274,4.0748,41.0153,-116.6715,3.1218
1.6675,19.3,4.8251,1.2767,560,4.0539,33.142,-116.9189,0.6554
10.8141,7.4,2.0,0.8,1643,2.8282,40.1284,-117.231,4.4642
7.1844,19.5,6.5544,1.7645,397,5.8421,36.4375,-124.4165,3.5433
4.3783,12.4,4.7527,1.2753,1315,4.55,37.4227,-124.3181,1.9707
6.6,28.1,7.0559,1.6407,2011,2.3419,38.8491,-123.7916,3.359
2.8312,20.3,6.4634,1.841,1760,3.1266,33.4382,-124.1684,1.5508
3.1656,25.5,4.8047,0.972,768,1.0142,41.1237,-116.3851,1.4222
3.3937,39.9,7.546,1.6474,1810,3.0273,33.8646,-118.7576,1.0266
1.4746,15.0,5.9097,1.6163,438,4.6737,41.4451,-119.1986,0.5
7.5162,28.4,5.8273,1.2703,4860,5.7813,33.3691,-123.6012,3.638
9.161,18.1,5.2238,1.4478,806,2.8787,34.1341,-116.3665,4.2606
2.9423,41.0,8.8671,2.4351,1665,3.3349,33.0468,-123.5251,1.568
5.523,33.6,4.0735,0.9111,498,3.6053,36.279,-122.171,2.4298
3.8216,1.4,4.8547,1.0789,992,4.9797,38.1132,-115.9015,1.7464
5.4574,34.7,3.0253,0.8,1027,2.017,38.4382,-117.2279,2.2728
3.0755,9.7,6.9535,1.4659,316,5.6555,40.3709,-123.5276,1.8211
2.6378,37.9,4.3357,1.0143,309,2.6829,37.5196,-123.7241,1.8612
8.4253,29.9,4.5599,0.9756,565,1.8298,37.3461,-120.2318,4.3297
4.3132,21.5,4.4661,1.0635,1610,2.6847,35.5984,-118.1644,1.5232
15.0,36.4,5.6254,1.1411,154,2.1904,38.6855,-121.909,5.0
4.608,44.7,2.9985,0.8,498,3.4193,41.131,-118.3557,2.0259
2.5711,40.7,2.0,0.8,1897,1.3476,35.8754,-120.7263,1.7254
9.3574,28.8,6.4154,1.3166,248,3.1416,35.8854,-118.3194,3.6851
6.5436,37.9,2.0,0.8,1814,3.664,35.7616,-116.8821,3.0353
6.9318,22.1,7.2083,1.9848,270,4.4828,34.6604,-115.6468,2.7727
9.1556,41.2,8.6171,1.8257,320,3.6806,37.8838,-122.4436,4.3338
3.0293,43.3,5.1716,1.0178,591,4.4213,33.503,-123.6062,1.8216
4.1522,8.0,8.099,2.1717,2977,2.3943,40.4306,-123.257,2.0169
4.0436,13.1,5.4515,1.0279,399,3.3942,33.8087,-122.7635,2.0348
2.0659,14.8,8.6985,2.0091,166,1.0,34.1523,-121.0943,1.4982
3.8261,9.5,4.5876,0.922,217,2.886,33.1515,-124.1993,1.9201
9.9924,21.0,2.0,0.8,1402,3.3868,36.1228,-115.7583,4.3371
5.1676,10.8,5.3402,0.9746,225,3.4772,39.6976,-115.5849,1.9791
1.9984,31.4,8.9159,1.9101,1721,1.4259,41.1459,-117.0119,1.1364
1.7621,6.2,6.5699,1.3385,703,2.6098,36.6257,-120.7569,0.8649
12.1687,14.8,4.4694,1.1164,648,2.7492,34.7338,-117.0791,5.0
4.2453,34.9,6.1578,1.5092,844,2.5709,39.3937,-118.4666,1.698
3.0391,21.3,7.4422,1.4308,350,3.725,39.0374,-117.5454,1.4665
3.8023,22.5,5.3288,1.2403,743,2.7832,38.9756,-123.5772,1.8406
1.8471,41.7,10.7528,2.09,256,3.0993,36.7125,-115.3155,0.7386
10.5261,51.2,4.4652,1.2399,1957,2.5104,37.8703,-120.8389,5.0
3.5401,29.8,7.505,1.9065,292,4.0648,33.0887,-121.6731,1.4035
10.1802,5.0,7.0239,1.829,945,4.1392,34.8751,-120.3964,4.8424
4.6228,6.2,4.1003,0.9004,291,2.6917,41.306,-121.9034,3.0775
10.5668,50.4,4.6511,1.2704,434,5.8506,32.8969,-114.0612,4.2646
5.2279,35.6,7.5362,1.7996,493,2.2335,35.3652,-117.7147,2.187
7.4778,39.4,5.7896,1.0579,7223,4.0072,34.6531,-115.0877,2.9704
6.8995,35.5,6.1761,1.2138,657,2.049,33.7373,-114.5142,3.3234
6.5141,10.2,2.2281,0.8,345,3.773,41.2813,-118.397,2.3165
5.5221,23.9,6.812,1.8068,466,3.695,33.696,-116.0946,2.5685
3.8973,41.7,6.0746,1.4364,200,1.9883,37.149,-114.9945,1.1668
14.1436,45.2,5.3722,1.1051,584,2.8694,40.4753,-122.9249,5.0
2.6008,13.1,6.2218,1.756,2924,4.8677,32.5368,-121.6738,1.3133
4.4933,31.4,4.6816,1.0718,870,2.1857,33.531,-120.283,2.1802
4.5219,9.0,4.3162,0.8057,1370,3.4019,35.748,-117.9602,1.6847
5.7057,49.9,5.0162,1.3688,321,3.3355,33.9014,-116.4329,2.048
3.4636,13.9,4.5716,0.8605,565,2.9577,34.2353,-120.8775,1.6681
5.4132,38.1,9.8611,2.5356,783,1.2689,38.116,-115.6518,2.0716
4.0499,12.8,7.3237,1.8884,372,3.8286,34.121,-117.6292,1.4053
1.7347,32.4,3.5631,0.9157,916,3.0116,38.569,-120.5938,0.9794
4.5074,34.6,9.5726,1.7851,1088,4.1038,41.1974,-117.3525,1.6023
2.3156,17.7,4.6343,0.9844,1027,3.2318,34.6796,-115.5536,0.5
1.5831,42.8,5.5589,1.1114,589,3.0645,34.5167,-120.9725,0.7634
4.8653,46.2,7.2948,1.7234,1592,3.3725,32.6082,-120.4367,2.4694
6.0058,44.6,2.0,0.8,541,2.0125,32.6393,-117.2357,2.3699
6.1473,17.9,5.0259,1.0776,503,4.5581,36.268,-119.9869,2.1919
6.2984,39.0,4.3533,0.9263,2107,2.6246,37.1459,-122.6345,3.3333
1.4056,29.5,5.9102,1.1809,274,2.6374,34.2367,-115.5313,0.5
1.9806,31.2,6.2401,1.2363,170,4.2923,35.5684,-122.3838,1.0077
14.6452,25.3,5.3455,1.0991,332,3.2473,33.8329,-121.9134,5.0
2.3909,31.6,5.2527,1.4053,907,2.7635,38.9718,-115.3879,1.1231
6.4657,7.9,7.6303,1.458,1857,3.4138,36.2329,-117.7595,2.9127
2.9678,21.9,6.103,1.5175,392,3.626,39.4762,-119.9681,1.1753
4.7011,10.1,5.5829,1.0165,2841,2.8817,37.728,-120.491,2.8785
3.065,15.3,5.7957,1.357,680,3.9223,36.0843,-122.576,1.5904
6.2772,7.5,9.1718,2.4524,606,1.7294,38.4505,-123.7869,3.8827
4.865,11.8,5.8453,1.4146,337,3.2618,32.5681,-114.9511,1.2593
3.4247,40.9,4.4711,0.9621,3169,3.8003,39.0585,-124.0303,2.2548
2.3867,29.0,2.0,0.8,590,3.6218,36.025,-123.8524,1.1235
5.2628,2.2,2.6321,0.8,229,1.0,37.379,-116.6029,2.4255
2.1649,41.2,4.5659,0.9386,4751,2.8734,37.4724,-115.1157,1.0643
5.7921,47.4,5.2832,1.3454,911,1.786,37.8049,-117.048,2.5101
15.0,45.9,4.3888,0.9587,1260,4.2858,39.1727,-121.9582,5.0
10.0755,43.0,6.2023,1.2221,2554,2.6093,33.5511,-121.6582,4.9501
6.8965,51.6,4.363,0.8259,1087,4.1747,37.1453,-114.4055,2.3532
4.2573,30.9,3.671,0.8557,1451,1.783,33.29,-117.1491,1.3999
1.4004,50.1,6.7253,1.2573,695,3.3906,34.7245,-115.8081,0.5
2.0271,49.4,8.2388,2.3065,1196,3.0079,34.298,-119.8131,0.5808
9.6763,17.0,3.2857,0.8,647,5.7641,38.1877,-116.3465,3.9463
2.7903,45.0,5.9874,1.1824,654,4.1779,38.2579,-114.2019,1.224
2.946,41.4,2.0,0.8,732,4.1139,40.3935,-120.7544,1.8489
4.0577,40.6,2.5509,0.8,484,5.0278,37.4575,-121.1345,1.792
2.3697,46.7,4.3225,0.8868,996,3.2838,39.5744,-124.049,1.2206
2.1467,20.6,7.7698,1.8565,994,2.9005,40.9462,-116.7613,0.5
4.348,21.4,3.9426,1.0365,1281,2.7865,33.7686,-121.973,1.8744
2.625,33.6,3.8678,1.014,1110,3.3278,39.3492,-121.8339,1.215
2.8731,38.6,5.5722,1.106,3295,1.0,35.6154,-117.8639,1.1197
2.8047,45.9,5.5742,1.4386,1544,3.0023,35.1416,-116.7423,0.8098
6.1314,45.7,3.9297,0.8795,564,3.2268,41.6483,-120.2215,3.1587
3.899,37.8,9.4724,1.741,956,2.8441,34.4613,-114.5823,1.5331
4.0263,49.8,4.9693,0.9904,2059,1.4691,41.1883,-122.802,2.6082
6.412,10.1,5.7272,1.2466,311,2.8502,40.3253,-118.9628,2.8847
4.1156,49.5,4.6964,1.0307,3332,1.4663,40.847,-118.018,1.3588
3.7926,4.3,6.3799,1.6638,358,4.7738,38.0668,-118.0175,1.7271
5.9433,29.3,7.9699,1.8143,1367,2.7426,38.0547,-117.6031,2.2683
6.692,5.6,8.8273,2.3292,669,1.0,36.3245,-117.8442,3.1125
4.1032,30.0,3.9755,1.0841,639,2.7935,36.3087,-116.1871,1.4956
4.7038,20.9,7.7016,2.0713,235,3.8954,40.5813,-115.9521,2.231
2.8037,5.2,6.5994,1.4002,1375,3.1761,36.1837,-114.2368,1.3178
2.674,34.1,7.4491,1.9164,237,2.0861,37.1236,-114.6332,0.8492
7.1099,38.3,5.3162,1.3995,210,2.3218,41.9657,-119.0408,2.8762
5.8531,9.9,5.1259,0.9793,1682,2.7132,35.866,-117.0876,3.317
5.8895,36.4,7.3714,1.9689,2784,2.5603,40.3146,-120.2745,2.5864
5.3043,10.1,7.4094,1.5086,390,1.7404,35.1334,-117.6682,2.1387
4.6077,8.0,8.6314,1.9916,1484,2.9324,32.7382,-124.4218,2.4013
6.8063,8.5,5.8971,1.266,1258,1.6663,38.1376,-120.6403,3.0386
7.8543,31.6,5.2862,1.4904,618,3.949,37.0538,-114.8974,2.9896
7.7426,40.7,2.0,0.8,1937,4.0711,39.9734,-117.4125,3.1066
4.2187,31.4,2.2775,0.8,584,1.9968,32.5394,-124.3186,2.55
10.3005,42.3,4.7115,1.0586,1006,2.2834,33.1703,-119.0118,3.9914
5.1401,31.2,3.2979,0.9054,244,2.577,40.6669,-120.6582,2.5139
6.5497,41.7,7.1283,1.7025,252,2.9685,37.0679,-116.0079,2.4883
5.3082,50.8,2.88,0.8,1695,3.2568,37.3105,-123.2941,2.2985
5.1976,20.9,4.4974,1.1926,1034,3.4631,34.6385,-118.1573,2.367
2.8822,8.6,4.5759,0.9964,593,3.4397,41.2963,-117.0233,0.9358
6.8265,7.9,7.9095,1.7355,3060,4.5539,41.187,-118.2477,2.5334
15.0,31.5,4.2835,0.9103,3035,3.0604,37.4086,-121.6184,5.0
3.5791,28.9,6.4048,1.2508,945,1.6975,34.5693,-116.1715,1.7742
4.6767,10.4,5.8914,1.362,208,1.3908,41.8365,-116.1673,2.0999
3.429,46.0,7.3066,1.3846,608,4.6358,40.9783,-120.7102,1.3103
3.3441,49.8,7.2004,1.6183,342,3.5097,37.4534,-121.7,1.5809
11.3211,13.9,5.4331,1.2308,715,3.2065,38.4508,-117.5291,4.7582
2.9928,11.6,2.1074,0.8,314,3.449,36.6768,-120.6379,1.7078
3.3722,11.9,5.0365,1.0637,255,3.1603,34.4575,-120.8738,2.1978
1.7289,20.8,5.4601,1.5499,109,3.4332,38.9738,-119.7691,0.5607
2.8446,44.5,6.072,1.1111,760,2.6274,38.8568,-119.69,1.0183
1.6079,31.4,4.0249,0.8,106,4.0552,37.6996,-115.789,0.5
6.5475,4.4,7.7818,1.9155,515,2.4751,40.2372,-114.4954,3.0333
15.0,25.1,5.5272,1.1971,1159,2.0967,36.7924,-117.0086,5.0
3.5966,5.6,3.659,0.8,373,1.3092,40.6787,-123.5735,1.5596
1.6486,21.7,4.5835,0.8582,279,2.7623,34.5617,-120.9533,0.7895
7.6906,21.6,9.3571,2.0029,630,4.2675,41.6372,-122.5091,3.5011
2.8975,34.1,6.8288,1.9302,343,2.5426,34.4483,-117.5357,1.3378
9.7729,29.0,7.5969,1.5627,772,1.6215,34.0211,-118.2195,4.5531
3.784,45.6,3.4168,0.9269,291,3.2848,38.2323,-114.1842,1.5742
3.0676,1.8,4.1223,0.8513,612,2.3489,33.3843,-119.7992,1.251
4.0278,40.5,4.1372,0.885,504,4.5483,34.0953,-123.3927,2.242
7.0616,2.2,5.8688,1.2274,659,4.0746,39.4258,-118.2169,2.8317
3.91,16.5,5.152,1.3283,2461,1.7291,35.4274,-120.6471,2.2049
3.3266,45.9,4.521,1.0075,780,2.8261,40.1012,-122.6312,1.5831
3.9777,36.2,4.7719,1.0076,996,2.2447,33.9778,-120.6046,1.8689
2.0894,9.8,3.9119,0.954,403,1.8395,36.1604,-121.9991,1.2864
5.6872,26.0,5.1403,1.3306,795,2.9441,36.1697,-122.4293,3.1523
1.5341,37.8,7.7264,1.9584,534,3.8182,37.0638,-119.4218,0.7452
3.4333,48.8,2.4737,0.8,681,2.9183,36.3987,-115.9949,1.2395
7.0684,33.4,6.193,1.3982,1118,2.4838,36.1745,-115.2005,3.0895
5.3754,2.3,8.2602,1.713,446,1.0,35.6202,-121.7667,2.9462
6.3865,26.5,5.1336,1.1333,484,2.3342,32.6439,-119.7917,2.0582
4.3101,8.8,4.4422,0.8595,451,3.5518,38.3576,-115.6496,1.5717
9.0417,3.4,7.3485,1.6268,444,1.6581,36.9982,-114.1189,4.2179
7.8054,31.5,3.5316,0.9579,764,4.2826,36.0462,-115.5757,3.31
5.8573,40.6,5.4546,1.4001,497,2.4164,34.5084,-119.3126,2.2981
7.8188,2.8,3.4203,0.9699,2205,3.1937,40.9682,-115.3636,3.5596
7.0305,41.0,2.0,0.8,5672,2.6009,34.76,-117.0804,2.7681
3.4429,37.0,5.196,1.0766,422,1.8237,41.2488,-123.3081,1.7606
2.001,39.4,2.9732,0.8,842,3.4403,34.564,-123.6165,1.4415
5.7674,13.5,5.4767,1.1109,1526,2.402,41.7285,-114.6692,2.3122
6.2193,21.1,7.7301,1.5013,538,2.167,36.4886,-114.7934,2.9245
8.6217,7.1,9.2085,1.6822,300,1.0,37.5608,-119.6872,3.3756
2.5554,13.2,5.6871,1.1831,2672,4.3027,35.3387,-117.5508,0.7852
2.6016,16.4,7.5384,1.8825,1152,3.0061,41.4222,-121.2997,1.5948
5.9058,17.3,6.2979,1.7009,858,4.1066,35.1844,-117.1353,2.557
4.2943,9.9,4.7338,1.0116,2123,3.6202,39.437,-119.8151,1.6943
1.4456,10.6,2.0,0.8,1232,4.1064,32.6947,-120.8409,0.8979
5.6129,47.0,8.753,1.8933,640,2.4359,37.8078,-119.8737,2.3212
1.4748,41.0,3.4018,0.8283,305,1.6275,39.545,-119.7167,0.5
2.5417,18.6,8.2655,1.6734,448,3.7627,36.9733,-114.601,0.8566
10.0846,49.3,6.5736,1.4954,1744,3.1302,38.6115,-115.2077,4.2937
13.3956,13.2,3.548,0.8711,1148,2.5336,39.7965,-122.4584,5.0
2.1611,21.7,6.124,1.1817,573,3.7427,37.2523,-121.5761,1.4988
3.678,42.5,9.7658,2.0988,2733,3.3081,34.5719,-121.3566,1.9693
4.5978,23.6,8.5713,2.1076,587,3.6389,36.2693,-124.3785,2.1941
13.0493,13.0,4.4746,1.0763,1466,1.9776,39.4424,-118.9305,5.0
3.3344,19.8,4.076,0.8778,793,3.9776,35.0754,-119.4317,1.4157
3.3665,26.5,5.7004,1.3117,3122,2.9954,38.5043,-123.1917,1.9837
11.3502,32.7,5.169,1.3528,1215,4.0849,33.9088,-114.1025,4.5445
3.5792,21.7,7.8995,1.6733,690,3.9683,41.3378,-116.5065,1.4192
6.9124,23.0,6.9792,1.4307,576,3.6863,38.2283,-122.5776,3.3689
1.8473,14.5,2.1155,0.8,657,2.8889,36.9486,-117.094,0.6575
4.0441,28.3,6.4174,1.4031,372,3.7096,40.2095,-120.9233,2.8752
1.6557,12.2,5.1418,1.1047,223,4.1108,40.0731,-117.8551,0.7578
2.3791,45.2,5.5742,1.3386,851,3.6067,33.4246,-119.5598,0.565
7.4151,39.1,5.9979,1.4358,434,3.2026,35.4171,-123.042,3.6417
4.3495,21.9,7.8975,1.9098,433,3.7118,36.8565,-119.6691,1.6566
3.7008,39.1,7.4556,1.6981,620,2.4743,35.7351,-114.4023,1.4758
2.8598,1.4,4.0005,0.8,694,4.514,35.5144,-116.6446,0.7068
3.9259,18.6,5.3828,1.2129,669,1.3182,35.8458,-117.9209,1.7505
5.3691,23.5,4.603,0.8388,2672,3.0344,33.8495,-115.643,1.678
8.0829,25.0,2.1363,0.8,1130,2.594,33.6345,-115.7984,3.0067
0.9277,39.2,5.2813,1.0781,3591,2.3591,34.973,-115.1739,0.6854
2.7208,50.1,9.1895,1.9986,468,3.3052,33.1658,-123.357,1.3474
4.9306,20.4,2.0759,0.8,1245,1.8745,37.3471,-123.1408,2.9555
4.2236,18.9,5.4519,1.0332,489,5.1519,33.9548,-116.1116,1.4086
5.7089,32.1,5.3877,1.1911,425,1.6479,33.1419,-114.0489,1.8758
5.2621,15.3,6.0755,1.3534,3701,2.0487,40.4529,-118.5933,1.9901
3.7325,8.2,3.5746,0.8,360,1.9543,38.0813,-114.3752,2.2497
3.2671,50.0,2.6498,0.8,112,3.1985,41.0344,-117.5404,0.7786
3.8679,42.3,2.7428,0.8,378,4.0145,41.8422,-123.6042,2.442
8.9285,49.9,8.1619,2.1406,133,3.526,38.1385,-114.7743,3.7936
2.8887,12.1,3.5346,1.0078,311,4.4723,40.0618,-115.6883,1.0861
4.3159,1.9,4.5009,1.0289,335,2.1727,34.0156,-118.8736,1.6748
5.0028,23.3,9.7093,1.9549,684,3.6587,39.1345,-116.689,1.8275
11.4296,48.6,4.0315,1.1058,129,2.6965,37.7208,-120.8087,5.0
3.7427,8.1,6.1848,1.4562,1732,3.2281,38.9257,-118.0343,1.8699
7.9668,7.0,7.6276,1.6358,148,4.1087,33.4949,-120.161,4.072
9.3857,4.5,7.5314,1.9188,601,1.3077,41.3902,-118.9651,4.3853
4.3135,40.0,2.8368,0.8,513,4.991,36.4661,-117.8162,1.4478
3.9494,41.1,4.0733,1.0289,1287,2.8548,39.8701,-123.9344,2.8198
3.6787,36.5,6.1047,1.1782,881,1.3934,41.9108,-123.4918,2.0803
3.844,3.7,9.358,2.2299,1719,2.3072,40.7965,-123.6347,2.8774
7.4823,37.9,3.977,0.8467,498,3.1023,35.4612,-118.2532,2.8509
5.148,23.9,4.5128,0.9835,459,2.3069,36.3188,-120.1645,2.8243
5.1612,9.1,6.3391,1.5488,925,1.0,38.6622,-119.2494,2.5549
2.2816,16.1,6.7393,1.5393,1515,3.0968,37.6112,-119.247,0.8971
2.5081,26.6,6.8605,1.3214,1287,2.2783,36.3979,-124.0751,1.6427
15.0,17.8,3.8073,0.8283,860,3.6511,38.707,-116.1414,5.0
4.0281,50.5,4.4359,1.2284,801,1.9316,41.1405,-117.1428,1.4484
2.8155,25.2,5.931,1.204,646,5.2615,35.4402,-117.277,0.7317
10.5768,20.0,8.0246,2.0763,923,3.5136,33.7192,-124.1404,5.0
5.3073,35.3,5.023,1.1232,3388,3.1968,38.9196,-117.657,2.0802
6.3401,34.2,5.4554,1.2295,548,3.6231,38.1012,-119.2452,2.4466
4.1254,1.1,3.4481,0.8,497,1.1785,41.1031,-116.514,1.9787
3.7017,32.5,9.2265,2.5902,467,2.503,39.5553,-123.4828,1.9472
4.0481,13.4,5.8085,1.4361,908,4.783,36.2725,-116.6596,1.0379
1.9549,20.1,7.6555,2.1257,122,2.6799,38.5166,-114.4023,0.5835
4.2514,37.0,5.5598,1.284,597,2.9372,40.6925,-115.5646,2.2007
5.3528,29.4,5.6705,1.1956,1345,2.5335,35.801,-115.1112,2.3372
13.6028,19.8,2.4994,0.8,437,4.4645,32.6314,-123.7041,5.0
4.719,9.5,2.0,0.8,772,2.7554,38.4502,-118.9387,2.0749
1.1046,26.8,8.0038,2.1413,3596,1.7482,32.7463,-121.91,0.6799
4.236,17.3,5.6561,1.1727,867,5.5788,41.4061,-118.7783,1.7002
15.0,47.6,5.9129,1.296,111,1.625,34.0979,-117.0809,5.0
7.537,28.3,3.0019,0.8,215,2.9026,36.0555,-116.6583,3.2059
2.7551,45.2,3.6939,0.9447,544,2.1582,41.4897,-114.0882,1.0109
6.3896,20.9,7.6246,2.0383,350,2.2984,33.2593,-114.4449,3.1094
2.8714,43.2,8.9803,2.126,722,1.9402,32.5413,-121.9049,1.6707
1.9892,3.9,4.2575,0.8918,525,2.46,33.4845,-114.886,0.8394
3.6363,16.2,6.843,1.5302,1691,3.984,41.8674,-115.2178,1.4376
4.7347,5.0,5.88,1.5904,278,1.098,41.7314,-116.9039,1.9613
1.4575,2.6,5.2589,1.4437,563,4.2608,36.1537,-121.7946,0.8962
2.249,47.9,9.2039,1.8956,791,4.0884,39.5574,-122.5234,1.4212
4.5096,37.6,4.5936,1.122,874,3.5091,39.4914,-119.9261,2.0595
3.5082,32.9,7.9814,1.6494,748,3.1262,33.4483,-124.0899,2.0525
5.6796,28.2,6.2628,1.5313,100,3.2766,34.7336,-121.5189,2.8217
2.1624,30.0,5.4662,1.3237,711,4.4234,40.9453,-123.7295,0.9972
6.879,33.6,8.244,2.1033,590,1.2542,34.0741,-118.9927,2.8154
2.2028,43.2,6.0803,1.1121,1328,3.7273,37.4481,-118.0263,0.5
12.0088,31.4,5.3071,1.5025,1186,2.2538,34.8194,-123.3313,5.0
1.6009,39.2,8.2589,2.1997,806,3.8257,37.7973,-115.3237,0.6843
2.3267,15.3,7.9985,1.5463,855,2.3864,34.367,-123.4836,1.5119
5.757,50.8,7.9039,2.093,1962,3.7069,34.5496,-120.3398,2.9299
12.1647,2.6,2.0,0.8,1669,1.4515,32.9446,-119.2397,5.0
5.4142,20.7,6.3804,1.585,829,1.3074,41.9066,-118.3877,2.6412
6.2822,46.0,5.9242,1.2105,3701,2.8869,33.5744,-121.1494,2.5854
4.5291,10.2,5.4303,1.2563,402,4.4355,36.4484,-117.0126,1.6998
2.421,8.2,6.7196,1.2969,258,3.5363,36.4668,-120.9157,1.1772
3.3398,19.6,6.0211,1.2055,659,3.5291,35.3844,-121.8468,1.8039
2.1659,22.8,6.8556,1.5027,493,3.8602,40.0429,-119.7416,0.6494
2.0808,48.6,4.9641,1.2416,100,2.603,35.7081,-123.309,0.5526
5.7033,43.6,8.4964,1.6709,395,3.6107,38.4418,-114.3553,2.1875
2.2844,24.7,7.0579,1.349,876,2.4203,37.6585,-118.724,0.8735
5.4289,50.6,6.5851,1.2731,635,2.686,40.7083,-122.9874,2.4271
2.0522,33.8,6.4874,1.8003,357,2.8102,40.2851,-116.1413,0.5794
5.3539,45.6,7.8146,1.5961,688,2.4545,34.5705,-116.936,2.1717
3.3427,13.5,7.5434,1.537,734,2.9339,39.6261,-119.9797,1.3936
10.4225,25.9,5.2745,0.9793,1179,2.7454,40.0294,-114.1711,4.0827
5.4425,2.5,7.4806,1.8576,398,2.2923,41.2323,-119.2435,2.5593
9.4071,1.5,5.8481,1.1529,1338,2.8594,41.6506,-122.2661,4.8045
2.848,37.0,9.3339,1.9134,278,3.1553,39.5012,-116.1918,0.865
4.6352,7.0,7.6955,1.4637,445,1.9001,36.7743,-114.7482,2.4438
2.4877,28.9,4.2488,0.8695,2589,3.4175,35.2832,-121.7451,1.3158
3.4968,36.5,10.1614,1.9523,293,2.5063,40.7143,-124.4294,2.2029
3.8295,2.6,2.0,0.8,393,3.1982,41.1978,-118.1026,1.7396
2.8993,23.9,6.7747,1.7757,244,2.3347,33.4268,-116.8058,0.8884
2.1613,35.9,4.1075,0.9718,343,4.0505,37.7661,-121.761,1.2369
1.9192,46.4,9.2644,1.8059,743,3.9561,33.7273,-114.3816,0.7088
1.1009,16.3,6.0056,1.5958,1171,1.9506,34.89,-122.7398,0.8117
2.3778,50.7,3.9124,0.8192,655,3.525,36.1404,-116.0879,0.6342
6.5306,44.1,4.967,0.9072,513,4.4463,35.4561,-115.2987,2.7302
1.7176,34.2,4.0721,0.8,246,2.0518,39.302,-122.7057,1.1161
1.9722,21.0,4.8884,1.0095,372,2.131,33.2502,-119.2359,0.7413
13.1253,37.3,4.8427,0.9523,193,3.7351,38.3308,-124.2055,5.0
3.059,42.6,3.9977,1.0709,1199,1.6928,38.0234,-117.7602,1.1097
5.4337,16.5,6.0401,1.3429,1268,2.2225,39.9784,-118.762,2.5297
6.5889,51.6,6.2824,1.3766,644,1.9853,33.4184,-116.3281,3.232
6.6693,47.3,3.5074,0.8,947,3.7475,35.6597,-119.2366,2.7257
1.7979,25.8,2.1835,0.8,1341,2.3076,39.1225,-120.7842,1.3299
3.9015,37.9,6.1219,1.6488,721,2.7154,39.261,-123.0649,1.9639
1.6973,27.7,6.5638,1.3406,2028,2.2517,36.7714,-123.9637,1.1803
15.0,39.8,6.9604,1.5519,293,4.1485,36.8868,-118.9473,5.0
1.7213,43.2,6.6023,1.2735,503,2.1406,41.6671,-114.8517,0.5
2.39,2.2,8.6454,1.9371,458,1.5924,35.5992,-116.4569,0.9829
2.4004,5.0,7.4941,1.4433,1116,1.5532,33.9261,-120.3722,1.8686
1.8258,18.2,10.8597,2.4049,211,3.6937,41.552,-114.1709,0.9019
10.0901,47.8,11.7013,2.31,2118,3.7659,40.1913,-122.568,4.6686
15.0,21.3,2.0,0.8,1043,4.2486,34.7521,-114.0249,5.0
3.3688,46.3,2.0,0.8,2698,1.739,40.6439,-122.0836,1.8794
2.0294,24.6,5.4852,1.3318,644,2.7688,34.8969,-122.7337,1.5046
1.171,15.7,6.5085,1.2284,428,5.4273,40.3608,-115.4875,0.5
3.8711,46.9,5.3482,1.3499,1125,2.6977,38.4713,-119.577,1.3624
3.7068,29.6,6.9072,1.4111,1517,2.4366,37.0845,-115.1355,1.433
3.032,19.4,4.9595,1.3085,376,2.979,41.3167,-116.6456,1.5163
5.1183,3.3,4.1121,0.8207,135,3.53,40.189,-122.8543,2.5683
5.6809,6.7,4.4142,1.1185,154,3.5132,33.7343,-123.2198,2.6017
5.4404,8.1,5.0997,1.0878,820,2.3856,39.2029,-119.809,2.3159
3.7074,19.6,7.187,1.5528,2281,2.415,40.0003,-118.6038,1.5462
2.3141,32.0,4.5265,1.1586,235,2.7035,37.6407,-120.0563,0.7779
6.6826,16.7,4.9221,1.098,535,2.2699,35.1226,-122.2741,3.096
4.5155,4.3,6.6404,1.2628,503,1.7652,34.7275,-122.2159,2.477
7.6371,14.5,5.1024,1.0496,3092,4.808,41.7544,-119.146,3.6802
7.1997,21.8,7.7334,1.4098,4052,2.5931,36.6495,-124.3499,3.4038
1.9097,51.6,3.661,0.8,934,2.6498,37.4288,-119.891,0.741
1.8955,21.0,3.2273,0.8,1364,2.6809,38.1826,-124.1511,1.4052
2.8482,5.5,6.1093,1.3205,1334,2.9195,33.456,-115.3321,1.4524
2.378,30.6,6.3086,1.1737,239,3.4348,33.2723,-117.9888,0.6716
7.0509,47.9,3.7701,0.8279,1163,2.5348,34.3823,-122.818,3.6797
5.5333,41.1,8.1872,1.9016,294,4.1394,33.1206,-116.43,2.5346
8.6669,43.6,9.3499,1.8088,580,3.5978,41.0355,-119.3275,3.9816
5.6853,48.3,4.2443,0.8,1655,2.8091,33.9062,-119.1376,2.6154
5.0794,33.5,8.4746,1.9011,710,2.3338,34.6524,-121.8107,2.5082
9.2058,51.7,2.0,0.8,1607,4.0849,37.6044,-120.3656,4.4104
5.9408,2.7,7.6522,1.6224,1881,2.838,41.0139,-115.2794,2.477
4.6686,43.6,3.7845,0.8,163,1.7572,32.9658,-122.9544,1.8673
10.8946,44.7,7.4521,1.7546,116,4.0211,34.5518,-117.9511,4.6463
4.8024,47.8,3.5774,0.8,1685,2.2737,39.3148,-122.2226,2.6413
3.7337,25.4,5.363,1.1756,1740,3.8685,37.4322,-119.8296,1.6689
2.711,41.2,3.8798,0.9457,817,1.0,38.1479,-118.9033,1.2518
6.8334,10.9,5.0722,1.0658,910,2.6313,32.6611,-123.2212,3.2515
9.4143,31.8,9.1598,2.1412,1359,4.16,40.7346,-123.6756,5.0
4.3477,19.3,5.2841,1.0415,1339,3.0051,37.998,-119.4174,1.8684
9.8232,31.4,9.7206,2.7724,521,3.5981,40.4265,-120.2019,4.3552
1.3744,35.5,4.7284,0.9206,1429,2.0981,41.6556,-114.8295,0.5
4.335,18.7,8.4835,2.0625,504,3.3477,39.4555,-117.171,1.232
4.3752,12.0,2.2486,0.8,808,3.0038,32.7946,-115.0835,1.9794
2.8974,17.4,4.927,0.9818,781,3.2433,39.2595,-114.7528,0.9797
15.0,34.9,4.4278,1.1119,334,5.0393,37.853,-124.2998,5.0
4.3072,35.5,8.5754,1.5713,367,4.3046,33.4836,-115.2615,1.4885
3.5091,38.8,5.8705,1.3048,3973,3.792,35.0691,-114.436,1.2061
4.552,7.5,2.0,0.8,326,3.8046,34.104,-119.7472,1.9883
1.3476,42.7,2.8797,0.8,894,2.0908,41.286,-117.8221,0.5
2.8408,36.1,3.4747,0.8,1058,2.5288,40.0552,-120.8672,1.1134
8.0845,2.6,7.3681,1.5056,637,1.4674,39.1581,-123.4641,4.0757
3.0729,18.1,7.11,1.3029,1138,1.7304,39.7515,-121.7426,1.8498
2.7256,24.8,4.8992,1.1783,865,2.1135,38.2118,-123.6543,1.8685
9.8327,19.4,4.403,1.1106,332,2.9709,40.625,-119.3887,4.1095
10.0157,7.0,6.9328,1.9482,1022,1.775,34.6718,-117.6373,4.8395
6.1116,11.6,3.241,0.8,430,2.9608,34.8798,-124.4451,3.1522
3.4107,2.3,6.4153,1.3634,2677,2.846,38.1216,-122.0969,2.0907
3.8819,5.7,6.245,1.5192,938,1.8658,40.1963,-123.7254,2.53
2.7663,14.6,4.9508,1.0626,380,4.5256,40.44,-114.3597,1.1444
2.4673,42.8,6.2954,1.7503,875,1.6755,41.7744,-116.0673,0.7175
2.3949,27.9,5.7042,1.3555,317,4.1173,39.7417,-124.1746,1.7189
3.0931,22.6,6.4948,1.3,817,1.0,34.7111,-115.9531,1.3572
2.4089,34.8,2.8318,0.8,555,2.8578,34.6912,-115.8137,0.5862
1.7538,28.6,6.729,1.365,343,1.8024,36.7331,-116.045,0.5
5.1123,7.7,7.5532,1.5026,340,2.3455,38.6764,-115.2766,2.2478
5.1591,12.4,6.1419,1.3244,4665,4.8102,37.3734,-119.5815,2.4578
12.4345,12.3,6.7024,1.2713,716,2.653,33.141,-121.9862,5.0
3.0012,31.6,5.2802,0.9762,471,1.8955,37.0781,-115.3603,0.9364
5.353,24.5,7.2827,2.0403,410,3.4876,40.2624,-115.7362,2.1155
5.4066,20.8,5.6305,1.159,970,2.6443,34.783,-121.6156,2.9408
3.8486,29.4,3.2041,0.8062,399,3.1507,38.5328,-118.4024,1.0232
7.0048,50.5,7.1404,1.6543,277,2.0855,35.0623,-118.6521,2.7406
7.1359,17.0,2.2317,0.8,648,2.1348,37.7789,-119.381,2.8027
5.4545,27.5,6.0656,1.2317,644,2.2123,39.1593,-118.1096,2.4229
3.8444,25.5,4.7316,0.9134,476,3.7984,34.4686,-123.6183,1.7922
3.6164,37.5,4.6037,0.9375,326,2.7732,39.5257,-119.7262,1.2887
1.9726,38.2,5.844,1.1561,486,1.9517,38.9269,-121.5613,1.4191
2.7634,38.2,4.0814,0.8687,457,3.1618,35.4712,-124.4751,1.7719
3.0858,11.3,6.5244,1.7472,409,3.0795,41.0023,-119.0487,1.5221
2.2833,23.9,5.6136,1.5845,830,3.5736,39.9149,-120.6706,1.3894
5.8355,42.4,4.2654,0.9355,3948,2.5182,37.4508,-119.972,2.5085
9.1887,20.5,8.1764,1.6581,1930,2.9224,33.2855,-123.3308,4.704
2.5991,51.2,5.9096,1.5896,3145,3.4217,36.6859,-119.191,0.6081
5.3125,19.6,6.7616,1.5513,422,1.9906,35.6336,-121.6637,3.0845
2.4098,26.4,8.3332,2.0769,2540,3.8862,34.9932,-124.4939,2.0158
3.7324,25.2,8.3004,1.7911,798,3.0164,38.6139,-116.3099,1.0352
2.9618,23.1,6.6596,1.5556,1464,1.899,41.2564,-117.9077,1.0651
6.431,44.1,4.8947,1.2541,959,1.8916,33.8923,-118.9569,2.4031
2.9824,8.9,2.6406,0.8,505,2.9006,39.5456,-117.9684,1.2547
8.2235,30.0,5.9134,1.4273,1183,2.4498,38.4063,-121.1015,4.2134
3.8673,32.5,7.6892,1.6965,980,3.7546,38.8368,-123.2081,2.3584
3.0351,44.4,6.2086,1.1587,162,2.7132,40.5293,-120.7523,1.6456
2.1128,32.1,2.0,0.8,602,3.303,36.0668,-116.2168,0.8098
5.217,50.0,7.2401,1.6002,1337,2.1514,38.0058,-118.1132,2.0257
7.6686,45.5,7.363,1.5893,830,2.977,35.1298,-116.192,3.2276
5.2804,18.8,4.8976,1.0207,968,4.3155,35.2,-115.026,2.2791
15.0,44.9,7.4767,1.7985,365,2.8519,37.3762,-121.8786,5.0
10.5684,49.9,6.7559,1.8264,816,2.447,32.5694,-114.8985,4.6003
3.7266,14.1,4.129,0.8,616,2.1362,34.8571,-117.5427,1.6011
3.7031,32.1,8.0426,1.4879,565,2.9812,33.9405,-118.6118,1.9621
5.9406,15.4,2.965,0.8,386,4.4093,33.6387,-119.2163,1.9261
2.7107,34.1,5.3855,1.1554,1383,1.6364,36.154,-119.5784,1.0215
9.023,5.8,5.186,1.4575,877,2.9501,33.4914,-123.7241,4.4021
5.5676,38.4,3.8491,1.0709,809,1.2861,33.9657,-123.9263,2.7384
5.2272,22.4,6.1076,1.6718,3431,2.5896,38.8528,-121.0248,2.8667
6.7678,31.0,8.1207,1.6315,972,3.2628,38.6878,-122.3627,3.6449
12.6,2.3,7.9955,2.0219,1738,1.4196,41.4777,-123.5906,5.0
4.9658,36.5,6.9473,1.7957,827,2.5552,41.2426,-124.2434,2.8146
4.1878,26.3,2.1082,0.8,501,3.2905,40.8024,-114.2269,1.4073
11.081,32.9,2.8281,0.8,285,3.1311,39.0641,-122.273,5.0
8.0087,17.1,5.8323,1.353,807,3.339,35.0326,-114.1608,3.433
3.6966,8.4,5.4315,1.1851,100,2.0254,34.1925,-118.7827,1.5173
4.4957,23.2,4.5038,0.9669,827,3.2901,41.5195,-122.4858,2.8177
5.0391,49.1,9.3106,2.1085,856,2.4,41.6165,-122.9743,3.0596
5.5683,12.6,5.7117,1.2925,559,3.714,37.2921,-122.3916,2.7027
1.9858,35.5,6.5848,1.3153,618,1.0,37.7099,-120.6803,0.6817
1.7763,3.5,7.4758,1.8327,244,2.7104,32.551,-122.3476,0.9727
2.6315,37.6,5.6099,1.4111,2015,3.0989,33.9116,-115.8058,0.7147
2.5122,13.2,10.6821,2.0508,508,4.3494,37.6869,-120.6462,1.7258
3.0456,24.0,3.6193,0.8,306,3.0868,34.227,-118.9671,1.0837
6.5589,19.8,4.2879,0.9628,1028,3.1883,37.0479,-119.2371,2.4328
4.0497,6.8,3.6143,0.8923,727,3.3755,40.0517,-117.5749,2.102
5.0422,18.6,8.6253,2.286,499,4.2531,40.1074,-114.0273,2.2165
2.1499,18.9,7.1042,1.9873,459,2.6181,40.6858,-119.8426,1.2577
3.3974,27.6,4.4117,0.8476,662,1.5969,34.7393,-121.1122,1.4265
6.3748,50.6,3.7722,0.8049,1952,1.4055,36.603,-114.2722,2.9444
6.4043,25.0,8.2698,2.3025,968,3.6642,38.455,-114.025,2.6277
2.9016,47.6,6.2234,1.6304,647,3.2232,38.0203,-116.3002,0.9058
4.9382,24.5,8.3208,2.0499,1315,2.7437,41.9912,-116.1245,2.0595
15.0,6.5,5.3797,1.3362,680,2.4139,35.1247,-120.2231,5.0
4.4346,12.7,6.5231,1.4191,917,3.1808,33.1777,-118.8415,1.802
2.9567,21.8,6.1005,1.4191,751,3.2097,36.1847,-120.806,1.8474
4.038,17.6,4.2518,0.8076,1066,3.4798,37.4211,-118.0021,1.116
4.7365,45.2,5.2117,1.0553,466,1.8913,36.1788,-115.8297,2.2723
4.0931,35.6,3.1314,0.8,267,1.2357,35.534,-120.5723,2.3621
4.3982,30.5,6.4882,1.2416,1374,2.0865,34.944,-118.8805,1.7772
1.885,26.1,7.0225,1.3144,2217,1.6489,36.5611,-116.3628,0.9517
2.5154,21.3,7.4803,1.37,278,1.5971,39.0474,-122.3069,1.5529
4.0976,32.2,6.8331,1.6572,768,4.5697,33.9142,-118.0911,1.4212
4.0586,7.4,5.2436,1.3379,464,1.0,40.7226,-116.3545,1.5957
3.1908,9.3,8.6039,2.2463,1348,3.4697,38.5907,-123.9524,2.1258
4.0301,16.5,7.2846,1.5316,810,3.907,33.52,-121.836,1.7589
4.6488,9.7,8.2771,1.7024,9528,3.9875,32.7234,-124.2348,2.6678
7.6419,35.5,8.4026,2.286,523,3.2772,32.9879,-124.4327,3.2197
4.2227,2.3,5.2488,1.0207,2275,4.3199,33.3585,-119.485,1.8391
5.6943,9.2,6.2758,1.2388,2459,4.7834,38.6136,-117.1429,2.3125
3.2383,47.0,7.0491,1.4819,1019,2.6978,41.4381,-120.4781,1.2013
6.3171,51.9,3.2017,0.8,685,3.4475,33.7664,-117.9786,2.2712
5.615,25.9,3.2461,0.8526,718,4.2758,35.2012,-122.4894,2.646
7.5345,26.3,2.9014,0.8,671,2.138,40.7256,-115.7175,3.273
6.8763,40.4,5.2838,1.3838,1647,2.7551,37.3039,-120.6928,2.8617
6.3805,2.8,4.8334,1.0262,331,2.3742,36.5578,-117.0743,2.6034
4.2247,22.8,2.6287,0.8,585,3.461,36.9957,-123.1356,2.1211
5.1912,6.1,5.7987,1.4516,531,1.1019,33.4606,-115.9099,2.6054
8.4833,21.4,5.3088,1.2115,167,4.4366,34.5861,-119.0604,3.7622
3.0306,51.2,7.8645,1.6871,1322,3.5338,41.6392,-114.3122,0.9315
3.0739,39.4,9.526,2.2494,1557,3.5899,38.6125,-120.2436,1.7965
4.9971,51.2,6.4129,1.1816,400,1.0,35.2197,-115.3335,1.9663
5.7498,39.0,4.1067,1.1694,1516,1.9599,41.4963,-120.173,2.0139
2.7334,32.0,6.7934,1.2756,187,4.4905,36.2762,-123.3671,2.0597
4.2851,39.5,5.5186,1.5761,678,2.8226,33.8382,-117.2798,1.7879
4.2359,34.6,5.0197,1.2762,601,1.2759,41.6705,-122.5789,2.169
1.1863,24.7,3.7768,0.8,714,3.2216,38.8263,-116.1016,0.5
3.9284,15.9,4.5716,0.9224,711,3.6792,39.6517,-120.9839,2.0366
4.078,27.5,5.1444,1.0742,625,3.5315,32.7139,-116.5575,1.5914
4.0707,14.2,7.1082,1.4354,488,2.8496,35.1899,-119.4449,1.6172
10.4808,25.8,6.5221,1.5109,610,4.1356,41.4816,-118.8614,4.2952
2.1609,8.5,9.1512,1.8055,1979,2.298,33.9775,-116.7864,0.9161
2.7325,29.8,6.8487,1.7977,419,3.5401,40.798,-117.5169,0.7678
0.9349,13.5,6.3486,1.2478,4041,3.135,39.8194,-117.5257,0.5
3.3584,16.0,4.8875,0.9086,400,2.8669,36.0959,-117.5811,1.4106
3.5346,26.5,3.4251,0.8,806,2.621,40.9239,-118.3547,1.6261
3.3003,9.3,4.3602,0.8757,1050,2.6564,41.2657,-116.0246,1.151
8.7112,50.1,4.1003,0.8537,527,3.0323,40.7352,-121.3498,4.1613
7.511,23.8,2.0,0.8,2010,2.7073,36.3711,-122.5936,3.3496
4.696,19.0,3.4827,0.8117,1029,3.7331,38.0778,-116.7808,1.5495
3.5881,2.5,8.7044,1.6639,565,2.464,35.4082,-118.8318,1.2315
8.2955,44.0,6.2372,1.3008,1992,4.5683,33.7346,-115.0436,3.622
4.4289,32.9,4.747,1.0863,295,2.4193,41.0701,-114.3666,1.3442
2.743,22.2,6.297,1.2421,423,3.9201,41.821,-115.3951,1.1146
1.6004,13.5,2.0,0.8,1043,3.9632,33.0566,-118.7506,0.5
3.4391,39.0,6.0642,1.183,1263,3.1659,39.0335,-116.5817,1.4331
7.0483,49.2,8.055,1.5728,861,3.0768,41.5179,-120.9895,3.6789
15.0,20.4,5.2578,1.3287,601,2.271,38.2752,-124.345,5.0
4.6505,7.9,2.0,0.8,544,2.4829,32.9474,-116.3051,2.2365
2.8314,6.6,4.6721,0.9482,1644,3.2198,32.6417,-116.2943,1.5117
2.2012,1.3,8.0585,2.0664,806,2.9549,37.289,-124.4156,1.9185
6.2412,38.9,6.0173,1.0956,331,4.1831,41.4295,-115.4322,2.3237
1.5546,51.1,2.6634,0.8,316,2.5454,35.1492,-115.2449,0.5
6.2352,51.6,10.2353,2.5849,2232,2.6059,35.8281,-121.1332,3.0013
7.3201,41.0,2.9924,0.8349,374,1.3353,40.0619,-124.3189,3.7742
5.8227,9.3,5.0142,0.9899,827,3.6435,40.1158,-115.3018,1.9527
3.9283,50.9,3.4252,0.8,1960,3.5532,41.4646,-123.7596,1.9811
6.29,17.7,3.428,0.8,1026,3.9771,40.4674,-122.0619,2.4601
4.9657,18.0,4.5957,0.8471,363,4.0334,38.1423,-118.803,2.3841
2.8098,36.1,6.7723,1.4347,295,3.7889,41.4182,-115.9264,1.1043
13.6024,3.5,8.0811,2.0389,2969,3.8311,38.337,-116.2909,5.0
3.6291,43.1,4.7277,1.2828,289,3.6101,38.215,-117.3476,1.3496
7.1381,51.9,3.4797,0.8,427,3.7641,32.6473,-115.7989,2.9069
1.05,40.5,6.4573,1.6183,896,1.158,36.8268,-117.303,0.5
9.6396,40.9,6.5159,1.2324,558,1.9002,32.908,-117.8043,4.1488
10.8185,20.9,5.9808,1.1378,1053,1.7368,41.0383,-122.7392,5.0
4.5626,4.4,6.0515,1.2725,206,4.2702,32.5995,-119.8808,1.5537
6.2668,41.4,5.2749,1.1204,562,2.217,35.4165,-119.7605,2.5534
6.2658,31.5,5.6963,1.0545,1144,2.3771,41.9531,-124.3058,3.3975
3.0475,47.4,5.1367,1.0249,1147,3.0067,40.0531,-120.2421,1.7393
6.2231,6.9,7.6405,1.57,421,1.7563,39.6979,-122.1156,3.2016
2.7589,16.6,9.9569,2.2777,294,3.3805,39.2724,-123.5585,1.3782
3.1104,19.4,5.8593,1.3114,789,1.0,32.9868,-118.7636,1.8582
8.8125,35.8,5.4869,1.2826,233,1.8225,35.2379,-122.0114,4.5012
8.0429,41.2,6.0117,1.1148,1858,3.1988,40.0853,-122.501,3.827
2.9334,50.0,4.1842,0.876,754,1.7584,41.0077,-116.2387,1.3381
2.886,16.1,7.03,1.3891,381,4.2991,35.8255,-115.994,0.8074
3.0424,26.2,6.3824,1.7856,286,3.0463,34.9645,-117.561,1.3341
6.9559,2.5,4.6591,0.8951,401,4.1321,34.741,-122.5085,3.9911
2.4596,13.9,7.3041,1.6848,191,3.3579,37.7066,-117.8567,1.4484
5.5513,20.1,5.538,1.1133,988,2.9881,35.2691,-117.0101,2.3686
7.0154,31.3,3.5599,0.9944,350,2.0034,32.7027,-122.0502,3.7442
4.2506,25.0,6.2032,1.1731,916,3.9291,36.2121,-123.1041,1.8229
8.2156,19.6,5.974,1.2395,1023,3.4413,37.7605,-119.948,3.3802
3.7338,32.8,7.4208,1.6808,1441,5.0846,38.5253,-120.0448,1.6177
3.942,43.3,7.1631,1.7441,814,3.8284,35.7581,-122.8903,1.806
2.4934,13.3,5.2815,1.2813,1636,2.6026,35.482,-122.487,1.4709
8.2508,18.5,4.5558,1.1093,2016,3.2894,35.1968,-119.254,3.7074
2.8295,37.0,5.5035,1.4629,818,3.4221,38.4216,-118.9621,0.8585
5.5282,40.7,6.2266,1.4063,858,4.163,35.1944,-118.8525,2.2855
4.294,43.1,6.4675,1.4676,426,4.3219,41.2101,-114.1886,1.5667
2.3829,11.7,6.1028,1.4114,302,2.838,35.176,-124.0841,1.5488
3.1097,28.5,5.3185,1.084,1855,1.7845,40.0139,-116.2439,1.0603
10.2751,46.9,7.4936,1.7268,1080,1.1462,35.5374,-120.806,4.9374
5.0581,21.0,4.1514,1.1287,1152,1.8605,38.53,-116.5945,2.4751
2.4461,22.9,10.4588,2.0097,415,2.4082,39.1406,-116.7779,0.7896
5.3827,51.2,7.0261,1.6151,2438,4.5043,34.1565,-117.9916,2.0602
4.1055,6.8,3.245,0.8,554,4.5195,36.1097,-117.8729,1.7414
15.0,37.0,5.8705,1.0953,350,3.9602,33.712,-117.5322,5.0
5.3179,44.4,7.0454,1.3993,420,4.2304,37.3512,-116.6502,1.6204
3.5666,8.7,4.8013,1.0489,2338,2.2926,41.1395,-123.118,2.2992
10.5067,37.4,2.5097,0.8,273,1.4847,38.1642,-120.7112,4.7566
1.4849,25.0,3.4219,0.8,365,1.9935,39.1658,-115.6589,0.5
4.7426,44.5,6.5842,1.2792,6760,1.0,35.189,-118.7472,1.6327
14.8301,47.3,2.0,0.8,1412,1.886,36.9481,-123.0622,5.0
4.1799,45.5,2.6013,0.8,370,2.4941,39.5374,-114.4027,1.3542
1.5841,4.3,6.5737,1.2566,280,3.1667,33.7474,-114.1277,0.5
3.5341,39.6,5.0549,0.9899,174,3.1355,33.6562,-119.1169,1.4106
10.7264,48.0,4.1084,1.0957,719,2.3104,34.6321,-118.9015,4.5455
5.6161,32.7,4.5105,1.0318,1191,3.5689,34.7496,-121.4337,2.9911
2.7093,31.6,2.5584,0.8,2242,2.3296,41.6428,-119.0803,0.8142
2.9709,3.3,6.4689,1.6109,146,3.01,34.0068,-114.3278,1.2091
3.2033,44.7,3.8869,0.8,230,1.89,33.499,-121.827,2.1948
5.5662,3.4,4.4285,0.9946,604,4.0887,33.808,-121.3015,2.599
10.0033,17.0,6.1936,1.5125,6187,3.0208,34.4277,-115.0762,4.1667
8.4271,48.2,4.9867,1.1948,1351,3.6788,36.0028,-120.4638,4.2943
5.8921,49.4,4.0907,0.8,896,1.7838,34.373,-114.2885,2.4021
2.0158,51.6,2.0,0.8,250,3.1744,33.3341,-120.8293,0.8277
2.0203,25.3,6.2349,1.2166,122,3.5723,33.7979,-124.4514,1.2028
6.1716,10.0,5.658,1.062,686,1.0,40.0018,-114.4859,3.038
1.9991,25.9,4.4652,0.8262,614,4.1681,37.4407,-122.0116,1.394
3.9144,6.2,3.4252,0.8,537,1.7506,39.5859,-117.2117,1.6879
5.3789,45.5,5.5255,1.4961,491,3.2109,34.1786,-124.0025,2.4308
2.2647,29.6,6.4609,1.2668,366,4.7877,35.3991,-116.6433,0.5
2.4241,21.6,5.6955,1.1948,304,3.9549,41.8319,-122.1893,1.5903
4.2356,5.1,8.7761,2.0596,2022,1.5101,33.3138,-116.0974,1.6752
6.0629,21.7,6.9095,1.2676,327,2.822,36.6674,-114.3507,2.2403
8.4732,45.2,5.2854,1.2653,533,4.2334,35.3098,-124.0251,3.6246
6.451,36.9,6.9766,1.3126,645,2.1832,32.5697,-120.6361,2.7939
4.6842,5.2,5.5973,1.1947,1170,2.6401,37.7483,-116.9843,1.4325
2.8642,9.2,5.5904,1.5645,336,2.6121,37.7251,-114.0374,0.9101
2.3572,21.0,8.0927,1.5501,1455,3.57,35.5444,-120.688,1.4398
3.2985,6.2,3.7039,0.8,418,1.463,36.9865,-114.0527,1.6814
5.7314,48.6,5.5466,1.1592,584,3.6261,36.2235,-115.0586,2.2628
5.4848,34.3,7.8794,1.6661,2476,2.3772,36.91,-116.9472,2.3386
1.2713,5.8,6.118,1.5537,306,2.9887,40.5565,-120.4901,1.1492
2.7971,41.2,4.7619,1.212,1184,2.7751,39.2827,-118.8624,0.5
9.2323,19.8,2.0877,0.8,1486,3.5998,35.1623,-116.9364,4.01
4.6998,13.5,2.0,0.8,852,2.979,34.7756,-117.2998,2.0068
1.9151,30.1,9.6524,2.3131,605,4.4404,39.3896,-121.4718,1.5694
15.0,1.7,6.117,1.3352,3643,3.9894,34.6329,-118.6492,5.0
4.4045,24.7,4.3319,1.1516,658,2.2047,41.1221,-115.7322,1.664
5.644,44.0,6.1989,1.3432,783,4.3653,40.4118,-119.5117,1.9623
5.6957,48.3,3.6047,0.8952,508,3.3194,34.8989,-118.5545,1.9106
3.5946,18.5,4.8376,1.207,751,3.1699,40.1143,-121.0609,2.4822
2.8964,33.8,3.6181,0.8,1438,3.8482,34.3178,-122.8189,1.2948
15.0,12.6,2.6735,0.8,534,1.9589,32.7362,-123.8072,5.0
8.1819,29.6,2.0,0.8,123,1.6206,41.6306,-120.2364,4.345
7.3387,14.0,2.3047,0.8,1003,3.0249,39.7328,-117.8664,2.7537
6.333,30.1,7.5426,1.5215,281,2.3937,37.1457,-116.5199,2.5387
2.4547,9.8,3.5262,0.9143,1204,5.0737,40.5105,-123.6174,1.3494
9.6458,49.0,6.5698,1.4164,664,2.2357,33.2203,-121.1559,4.6725
2.7023,46.2,7.4133,1.4021,1414,3.0402,39.527,-116.017,1.0211
5.312,18.2,5.5332,1.2987,311,3.192,41.5851,-123.3213,3.2927
1.6759,40.6,4.9029,0.9151,433,4.2313,40.2766,-114.0706,0.647
1.3172,5.9,5.766,1.1727,507,2.0054,36.6009,-117.8568,0.6793
5.4248,38.8,4.6668,1.1377,203,1.3879,35.79,-114.6298,2.4961
2.7581,15.4,7.9078,2.1431,1618,4.3944,40.978,-116.832,1.3613
1.3587,7.9,9.2531,1.8035,181,3.0805,35.2693,-114.3793,0.5
6.1989,35.6,8.3996,1.902,1600,3.8097,41.4058,-117.514,2.129
15.0,25.0,2.0,0.8,934,3.8567,35.5386,-121.6852,5.0
10.3164,28.0,4.6259,1.2481,567,4.03,33.6876,-116.0971,4.0223
3.8405,27.5,5.5083,1.0137,877,2.6221,34.741,-122.1263,1.9549
4.5055,4.0,6.4261,1.6122,858,2.3511,37.4351,-118.5674,1.9702
7.6341,3.6,2.0454,0.8,483,1.0037,33.7455,-120.5831,3.7852
8.787,31.7,2.0131,0.8,844,2.0051,36.1096,-116.1094,3.9054
3.6469,32.8,8.1136,1.9784,1194,3.0622,41.1056,-116.5254,1.4975
4.5745,3.4,4.3818,1.0268,312,2.2986,33.3919,-115.4291,2.0562
5.3675,20.3,2.5252,0.8,877,1.8591,38.3382,-121.9071,2.7189
6.2484,32.3,3.2927,0.8,100,3.0504,36.3358,-114.0257,2.3372
4.1378,34.5,6.2809,1.721,142,4.3429,38.6508,-116.0436,1.0796
4.1701,43.2,3.8549,0.9736,1045,2.944,37.1513,-120.4396,2.2912
10.2564,22.5,5.9833,1.1461,476,1.8672,40.8287,-123.1595,5.0
9.2601,29.0,3.5425,0.8,336,4.2724,36.3237,-120.831,4.3301
5.9682,30.5,2.0116,0.8,638,2.2259,37.3301,-123.3851,3.0234
12.5719,16.9,8.3488,2.0919,485,4.4794,33.7363,-118.0386,5.0
3.5542,3.7,6.2964,1.4152,302,2.7369,37.1579,-123.3143,2.0942
11.8673,1.2,4.8325,0.9517,179,3.1031,33.5899,-119.9796,5.0
6.206,43.6,4.4573,1.2168,138,4.5609,38.0397,-117.4905,2.4484
15.0,11.2,8.4298,1.5356,1201,1.6485,36.5602,-119.7428,5.0
2.1913,33.1,6.6831,1.2804,474,1.9499,39.942,-115.2427,1.1347
2.9636,30.4,7.7936,1.8844,1445,2.6735,36.4755,-121.9696,1.9712
5.762,21.4,4.3326,0.8267,471,2.86,38.4907,-118.9991,2.4071
5.6879,43.5,5.6013,1.1517,884,5.6421,33.0604,-114.9116,2.1747
14.4412,36.6,6.3044,1.3045,602,2.1119,39.2452,-120.7914,5.0
3.0011,2.2,4.3999,1.1642,689,1.6958,41.5956,-119.5366,1.417
7.7133,40.6,5.3089,0.9995,717,2.0642,36.7539,-114.7051,3.1445
9.0023,26.9,4.3328,0.9846,466,3.2321,32.5936,-119.2572,3.9042
6.84,18.7,6.2981,1.2334,249,3.492,38.2346,-115.4255,3.1386
2.5178,38.1,2.8572,0.8,1228,2.2929,33.8792,-114.6252,0.5
10.4297,36.0,6.6439,1.6142,2380,3.021,36.9457,-121.8109,4.5725
9.3708,16.8,6.1214,1.1275,2508,4.9452,32.8083,-116.2487,3.94
6.4221,51.1,5.0934,1.1335,427,3.0352,36.7067,-117.6356,2.7416
5.0663,34.1,6.399,1.7678,370,3.321,40.8076,-114.1394,2.1004
5.1329,31.9,4.7701,0.9224,427,4.889,33.7862,-118.3515,1.6732
4.2749,4.6,4.1597,1.0519,578,2.302,37.2341,-116.1758,2.0486
6.5829,15.2,6.5875,1.253,638,2.2366,34.9118,-120.8702,3.6849
4.5662,23.8,6.674,1.2515,299,2.5303,34.9798,-118.1329,1.6693
2.6936,33.2,4.4855,1.2304,204,2.4721,38.6114,-116.3249,0.8105
2.3889,27.2,4.3139,0.9248,692,1.179,39.6086,-114.3474,0.9484
2.8542,39.9,5.1341,0.9398,100,3.138,40.7962,-121.8557,1.6166
5.1206,14.4,4.396,0.8199,614,3.2169,35.1433,-123.6716,2.8632
4.4098,36.8,8.5502,1.879,312,2.8141,33.1724,-114.2488,1.8358
5.0998,42.6,6.133,1.2617,1242,3.2475,36.7017,-118.1723,1.9381
6.0526,40.0,5.5292,1.1743,1538,3.2581,38.0536,-124.3189,2.7775
3.0759,40.3,3.6346,0.9304,1567,1.6838,39.526,-119.0401,0.7859
10.7984,46.3,6.978,1.4519,504,3.2886,39.6827,-114.6715,4.9078
3.8167,5.3,4.2768,1.0265,268,3.5585,40.7044,-114.1635,1.7095
3.4554,36.6,4.1945,1.0044,347,1.4029,32.7961,-121.08,1.8985
5.986,50.4,7.0452,1.6233,837,4.4631,41.8195,-116.29,2.3525
1.489,30.3,6.2746,1.2057,178,1.7642,41.6847,-119.6837,0.5
2.789,12.1,2.0,0.8,2028,1.8618,32.8377,-120.3209,1.0269
8.074,51.9,5.1845,1.2956,511,3.202,35.4763,-116.539,2.9516
1.5802,9.9,5.751,1.6363,992,3.5347,39.7727,-121.6653,1.2424
8.7631,18.1,4.8208,1.2653,160,3.7777,37.0458,-120.023,4.4526
11.0971,9.8,5.8207,1.0666,317,3.561,32.5441,-121.9114,5.0
3.5906,24.7,2.0,0.8,145,2.4803,35.8698,-123.0023,2.6066
5.3393,22.4,2.0,0.8,1506,3.1086,37.9999,-120.5174,2.7534
8.771,26.1,3.5491,0.8,585,2.6833,40.856,-114.4281,3.5463
3.3869,48.3,6.0645,1.7063,1051,3.1743,40.3779,-120.1017,1.9931
7.5433,25.4,2.0,0.8,700,3.0685,41.49,-117.3261,2.8063
2.9961,27.2,3.8129,0.8,968,2.4951,36.9453,-121.5067,1.7509
3.365,46.2,2.0,0.8,508,2.6528,40.0836,-115.4138,1.0315
2.7743,42.7,5.0148,1.293,565,1.1478,33.457,-117.9385,1.1166
5.5046,13.2,9.4158,1.9155,618,3.8301,37.4253,-114.5202,2.2629
8.978,1.7,5.0656,1.0677,920,3.2976,41.2075,-121.0775,4.3851
4.013,33.1,5.285,1.0896,940,1.0,40.4691,-118.8506,1.8223
2.0902,44.1,7.1785,1.7803,6305,3.7932,38.7283,-122.494,1.6146
2.3405,29.2,5.5426,1.0822,2554,2.947,33.9174,-123.0732,1.6776
5.6789,11.8,5.07,1.0978,160,2.0632,34.2298,-118.3537,2.6194
13.5511,38.8,7.3533,1.4855,593,1.9746,38.9472,-116.0641,5.0
5.6759,35.1,6.4438,1.1979,481,2.3118,35.5929,-122.4022,2.6907
3.5532,29.8,6.0773,1.1662,1852,2.0685,35.6298,-117.1194,1.5116
7.0973,45.0,5.2224,1.0312,517,2.2028,40.5524,-117.4487,3.3106
3.8818,41.0,4.8079,1.1786,964,4.7006,32.6944,-119.4332,1.6003
3.5717,35.1,7.3343,2.0327,103,3.3711,36.2289,-116.4474,1.179
2.5217,34.9,4.8271,1.0382,198,5.036,34.7631,-118.264,0.8951
10.434,34.8,7.9625,2.231,3547,3.2257,32.7575,-114.5618,4.5141
0.9767,27.8,3.4057,0.8,692,3.5793,34.5574,-116.4811,0.5
7.2334,24.7,8.3676,1.6824,299,2.1193,34.2504,-115.1908,3.1927
3.3931,37.2,6.4441,1.3931,808,2.832,37.2925,-120.7056,1.7816
3.5036,32.1,3.5629,0.9287,286,2.9183,36.6343,-115.9845,1.0354
12.3714,26.0,6.518,1.2412,530,3.6201,36.9811,-114.0837,5.0
2.9198,7.5,4.1994,0.895,208,2.9505,40.8402,-122.7836,1.5429
2.9801,36.8,5.5669,1.2289,354,3.3513,37.1971,-119.1326,1.0932
4.1444,33.9,4.5267,0.9766,477,3.3155,38.5705,-115.4455,1.462
5.7449,18.5,5.2342,1.4279,1630,2.6971,38.6511,-120.3354,3.0284
3.438,19.2,7.3829,1.4822,964,2.5943,37.4103,-119.1636,1.5454
1.7431,13.6,6.537,1.805,1109,2.331,35.3954,-116.6499,0.665
2.666,50.1,3.2493,0.8,652,4.0823,41.08,-115.8407,0.5
9.6678,44.9,3.3638,0.8763,1285,2.6976,36.6627,-122.4049,4.6085
4.6873,29.6,6.0416,1.543,331,3.3289,37.9257,-120.3933,2.2725
5.8747,21.5,6.1864,1.5597,370,2.8434,37.8119,-120.3577,3.1593
3.8311,38.6,4.1511,1.1764,922,4.0626,40.3626,-122.8953,1.7531
3.0171,27.9,8.6826,1.6433,532,1.0119,37.5789,-123.5429,2.4312
12.2624,50.8,7.127,1.3951,658,3.303,36.8406,-116.6807,5.0
4.0032,3.8,4.2488,1.1926,583,1.7451,36.8706,-115.5541,1.6634
3.4349,2.7,4.0555,1.1222,1813,3.3907,39.9095,-114.5049,1.2929
8.6511,30.0,5.0444,0.9958,1890,2.8535,35.6348,-114.4589,3.5111
2.9054,11.4,4.8363,1.3764,403,1.5216,41.3811,-114.0558,1.3044
3.1367,31.8,8.0123,1.8054,163,3.3376,40.5427,-123.6286,1.7086
4.5093,40.9,7.469,2.0107,376,3.2242,33.8143,-120.3336,2.0481
4.4824,8.0,5.5701,1.1894,325,2.7688,35.5138,-123.6374,1.9792
5.2371,23.5,6.8558,1.2473,1294,2.8954,41.1034,-117.3822,2.3511
15.0,36.1,7.146,1.859,1389,3.1615,35.1445,-114.2899,5.0
5.4835,43.5,5.6165,1.0375,292,4.1782,35.5178,-124.1148,2.569
1.0759,26.3,6.3052,1.2054,364,2.6857,34.5658,-118.9735,0.5
5.4509,11.5,6.6884,1.2224,204,4.013,33.0167,-118.9007,2.0865
4.5847,30.9,6.4752,1.2867,741,2.9625,37.0453,-122.7856,2.2699
4.6001,24.2,3.9424,0.8,642,4.2957,39.6711,-115.7486,1.4763
5.1943,40.4,4.1446,0.8839,1250,2.7649,38.77,-120.3554,2.8365
4.4052,29.3,4.9228,0.9404,990,2.3337,32.7624,-120.0851,2.4983
4.3424,15.3,4.0867,1.0977,1084,1.9023,37.4721,-114.3994,1.7185
6.4742,39.5,2.5538,0.8,194,2.9662,35.6377,-121.9025,3.2943
3.2373,27.4,6.8519,1.4402,403,2.2068,38.597,-120.4526,2.0007
2.538,10.1,6.1928,1.7109,1421,4.4045,36.349,-116.4134,0.6698
15.0,29.7,2.8213,0.8,432,2.1288,41.815,-119.4602,5.0
2.9168,49.4,5.0182,1.2762,181,2.31,40.3703,-118.1641,0.5
4.7592,37.0,5.1314,1.1905,1270,3.5811,39.1535,-119.483,2.1281
1.8269,16.2,5.8639,1.5048,419,4.1858,37.3988,-121.5251,1.1451
4.8061,37.3,3.3362,0.8238,1556,3.731,38.1156,-122.7914,2.6238
2.5601,15.4,2.792,0.8,655,4.0587,36.7003,-115.5736,1.2699
3.4367,28.7,6.5394,1.3915,533,2.9198,40.0492,-121.6103,1.6162
8.39,27.9,2.4321,0.8,1979,2.9339,41.1282,-114.0276,3.4417
5.9489,13.6,5.0347,1.2643,235,5.0118,41.9914,-124.3943,3.1686
6.3031,18.7,4.8478,1.1726,2095,4.6903,38.1889,-115.2396,2.2823
1.5485,49.1,5.2534,1.1945,399,3.7142,38.9779,-114.5526,0.5
13.4925,13.8,6.0054,1.6793,757,4.1066,36.2987,-123.8836,5.0
2.1921,41.9,8.6971,1.5818,763,3.8585,32.5805,-117.9105,0.5
11.2137,35.0,2.301,0.8,473,1.794,39.1807,-116.2819,4.7174
8.2724,28.2,7.2532,1.7801,362,2.9603,41.3733,-118.0387,3.7082
6.337,8.0,2.0,0.8,495,4.4968,40.6664,-115.2588,2.781
2.6832,11.4,8.2874,1.5913,295,3.7203,40.8469,-123.109,1.4302
4.9084,10.1,2.0,0.8,3196,2.9364,36.3202,-114.5381,2.0531
3.3786,30.9,10.3728,2.5947,453,4.5088,39.2787,-118.7197,1.1781
4.5605,50.6,4.7205,1.0192,1681,3.3693,38.5651,-120.8841,1.9831
3.8577,45.7,8.0808,1.8094,1513,3.7556,37.6389,-118.9856,1.1757
1.3189,2.3,7.6683,1.7644,889,3.3745,33.9404,-120.9372,1.3142
8.7852,15.0,4.627,0.8462,597,3.5412,37.9667,-119.7178,4.0528
4.2688,9.0,4.7805,0.8705,777,3.6127,35.3366,-122.8572,1.8683
3.3505,50.8,3.8257,0.8274,1051,4.2997,39.1841,-115.6312,1.4001
3.2021,13.0,7.0747,1.9457,721,4.43,41.4761,-120.409,1.6522
5.5571,11.3,4.6531,1.0041,190,2.5489,39.4127,-119.5964,2.2361
2.6215,32.7,3.862,0.8,155,3.3555,34.9655,-114.9495,0.8824
1.1582,29.4,6.5746,1.2286,2224,4.271,36.9199,-114.9765,0.5
5.7218,12.5,3.7056,0.9427,100,2.8684,37.8662,-116.2251,2.2379
6.1194,35.2,4.842,1.2479,778,1.6911,39.3985,-124.1848,3.2788
3.9758,5.9,5.7142,1.502,551,2.0914,33.9046,-114.983,1.9006
2.2507,2.0,4.2151,0.8201,756,2.1604,37.4931,-122.5183,1.2582
4.7273,5.2,4.5169,1.0082,267,2.5418,40.6713,-119.8979,2.0471
1.8613,19.6,8.57,2.0521,881,2.2538,32.7621,-115.0186,0.9563
2.4197,50.7,5.0915,1.227,784,4.0291,39.412,-123.502,1.0435
2.8565,28.9,4.7807,1.1802,6056,2.7232,40.8641,-123.1024,1.4623
7.4362,39.5,5.1497,0.9781,738,4.2611,40.0598,-118.4514,2.8038
3.6054,17.4,6.4089,1.4838,1956,1.8697,41.3525,-119.589,2.0107
3.4256,37.7,3.4323,0.8606,201,2.6467,39.9357,-120.4084,2.0621
14.4807,50.3,6.3544,1.2913,1504,3.1043,37.4212,-115.9985,5.0
5.5371,19.2,6.0116,1.2601,797,3.8107,37.0309,-115.1059,2.5674
5.4926,52.0,2.0,0.8,825,4.1436,32.8025,-114.09,1.9411
3.5901,33.6,9.0885,1.7668,835,2.4617,32.6767,-123.2089,2.1502
3.1336,39.2,8.4216,2.2746,2605,3.9934,38.575,-117.3994,0.8561
1.207,13.9,3.8989,1.1127,816,1.3181,35.1163,-115.3509,0.5
8.0144,33.8,3.2551,0.9039,355,3.8713,35.4174,-121.9746,3.5592
5.8649,27.1,5.9561,1.2122,406,1.6589,40.1671,-119.4596,2.3894
4.0249,49.8,2.6483,0.8,1279,3.4466,33.5571,-124.4247,2.3004
4.1275,47.1,8.2286,1.977,951,4.1292,35.1964,-123.0866,2.332
6.9705,21.2,4.5631,0.9014,196,3.8872,39.0079,-123.1816,3.5719
1.7633,49.3,8.7436,1.7634,1004,1.3608,32.7904,-117.0706,0.5
3.1458,46.1,3.8512,0.8,280,2.5528,37.438,-117.9664,0.9698
2.2665,31.1,5.2756,1.1878,944,3.7169,33.3119,-124.0937,1.6374
12.9735,5.2,8.0344,2.0966,349,3.6883,39.7357,-118.2452,5.0
7.5791,9.2,4.8535,0.9648,531,3.2759,38.5285,-123.7845,4.023
1.1953,4.9,6.0442,1.1765,430,1.0,38.2812,-122.3769,1.3135
1.8071,6.5,7.6853,1.5638,2242,4.198,34.6022,-115.0357,0.5
4.1396,50.8,4.3879,0.8396,917,4.3763,39.3846,-119.8037,1.6808
3.3755,11.8,2.9765,0.8,1824,3.1637,35.366,-116.2959,1.1118
2.0246,36.2,2.5826,0.8,6742,3.2286,37.9227,-121.1997,1.4855
14.3947,33.5,6.6669,1.6553,691,3.5031,33.3743,-123.3369,5.0
5.4061,33.2,6.2776,1.429,2212,4.4604,33.4128,-115.174,1.5987
5.9589,11.5,7.6233,1.913,380,3.2506,34.3429,-122.7798,3.1895
2.9588,30.5,4.9519,1.3,1815,2.8088,34.552,-120.8288,1.3496
6.9127,32.9,2.6385,0.8,349,3.3815,33.7011,-117.137,2.746
3.5671,30.1,2.0,0.8,655,2.9889,33.6234,-118.2861,1.1864
3.781,10.5,11.2359,2.14,1022,3.0002,40.8508,-114.7561,1.8263
6.4663,37.9,6.5538,1.5873,1159,1.2341,37.769,-114.1295,2.5782
1.6864,4.7,5.7736,1.3247,240,3.5228,38.4107,-122.9604,0.6021
11.684,31.2,6.0573,1.7272,332,4.1715,35.2343,-122.1208,5.0
5.0,23.2,2.6373,0.8,1085,4.0204,33.0271,-117.7888,1.9234
9.6655,13.8,3.9103,0.9625,496,3.951,41.6986,-122.9593,4.5962
2.3508,42.2,8.9867,1.9333,217,2.947,33.0133,-118.8067,1.1127
2.5756,10.0,6.8167,1.282,628,3.1457,40.315,-120.5853,1.8683
2.2319,48.6,3.9728,0.8804,605,4.1914,38.8183,-115.1746,0.7782
5.2079,46.1,3.0464,0.8,766,3.8674,36.3714,-114.86,2.1747
4.6627,19.4,4.4686,0.9099,1016,4.4864,39.5927,-121.7823,2.6612
3.3918,16.6,4.8691,1.2797,965,2.3273,39.765,-123.4955,2.3996
2.4389,8.0,9.5983,2.289,360,2.321,40.8438,-114.0937,1.6525
2.096,47.7,5.1235,1.375,479,2.6674,37.6768,-122.9261,1.4999
4.3532,33.0,3.1209,0.8,1397,2.057,34.5302,-122.6789,2.5267
3.3894,2.6,5.3828,1.0205,431,1.6785,37.9395,-121.8522,1.7052
2.9702,27.1,6.0287,1.3512,485,3.4686,33.4435,-120.921,1.9479
11.3391,5.4,2.9389,0.8,200,3.4006,36.0742,-122.9483,5.0
4.2657,30.3,6.3043,1.6088,650,3.2462,38.2985,-121.1166,2.0486
9.6025,27.0,7.9178,1.9216,877,3.3537,34.8929,-124.2687,4.9814
3.2545,5.2,5.7773,1.0752,137,1.5363,40.7183,-116.0897,1.3064
5.1907,42.6,3.9059,0.9513,283,2.5199,41.7725,-121.7327,2.6369
4.335,14.4,4.4423,0.8951,213,2.7065,33.2211,-115.9133,1.9239
1.6184,28.6,2.1823,0.8,1250,3.0485,34.456,-117.7073,0.5
10.5593,33.6,5.2323,1.3928,144,1.5402,36.9936,-119.4543,4.6969
4.1326,50.1,6.1216,1.4848,625,2.0722,32.8604,-114.2909,1.3167
7.0136,26.2,3.7067,0.8,1181,2.5635,33.3828,-120.44,3.8444
2.8542,47.8,9.3794,2.3814,773,4.0583,41.0561,-122.6269,1.7571
4.0596,19.1,7.0846,1.4302,468,3.2619,32.9325,-118.4369,1.6431
2.6642,44.7,2.0,0.8,878,4.0216,34.8511,-123.0284,1.5116
9.4084,13.0,2.0,0.8,1525,2.8776,36.5245,-121.5934,4.6462
5.4024,37.1,3.532,0.8,610,3.001,32.6944,-114.9687,2.2714
5.5858,5.5,8.6464,1.8226,111,3.4991,40.2006,-115.1323,2.3339
10.124,51.3,7.2818,1.788,1666,2.8228,40.3851,-119.6099,4.1951
8.9693,49.7,8.7474,2.2874,916,2.3753,36.2494,-119.4782,3.3468
7.0937,23.6,5.5204,1.0469,648,1.5102,34.4169,-118.5488,3.4078
1.9097,27.7,5.081,1.0953,136,2.4021,40.9774,-123.6161,1.1629
2.9523,31.5,3.005,0.8,524,3.8362,38.9463,-121.8419,2.2153
2.4539,15.0,6.1994,1.4328,330,4.2607,37.4767,-118.4102,0.8201
6.9346,35.4,5.1077,1.4055,251,2.2268,36.2278,-121.1278,3.8022
4.9649,36.6,5.0307,1.1303,596,1.2663,37.6231,-122.2594,2.9418
1.9458,27.8,8.7361,2.0093,433,3.9266,34.8704,-117.7027,0.8786
4.0018,8.5,5.2473,1.3935,457,3.0693,36.7712,-118.5524,1.6668
1.8286,47.9,8.162,1.8597,1202,1.653,39.016,-121.0657,0.6181
4.341,6.9,2.3239,0.8,816,1.0,36.4079,-114.6574,1.8491
1.6599,33.1,10.8762,2.0303,447,2.0366,39.0071,-116.3343,0.5212
6.1552,6.3,4.7535,0.9688,404,2.5371,39.5179,-118.2405,2.6304
5.6225,8.5,6.9144,1.5349,462,1.8483,39.6603,-122.3006,2.7974
14.0802,2.0,7.2325,1.435,546,3.6919,37.9072,-117.695,5.0
7.4538,19.5,4.5053,1.1097,1061,2.1874,34.2517,-117.2787,2.4721
3.4773,33.6,7.1381,1.4755,289,3.0124,39.1553,-118.3967,1.2617
7.3217,27.6,7.242,2.0632,2136,5.3735,40.2832,-117.8014,3.0051
1.9375,35.4,4.0737,1.1176,1062,3.1175,33.3957,-122.7966,0.7741
2.5156,35.4,4.0974,0.8629,100,2.8845,41.0117,-120.9826,1.2052
5.4733,8.1,5.5906,1.439,712,2.9071,41.4424,-115.1472,2.3704
1.2276,3.9,5.269,1.0803,1529,3.669,38.8482,-123.0603,0.9971
4.3829,32.9,8.2863,1.7359,908,3.5451,33.5551,-118.3082,1.9934
2.4299,34.3,6.9053,1.9037,478,1.9964,38.7101,-115.0746,0.988
4.7626,29.4,5.3592,1.2507,633,2.5888,35.8826,-124.3514,2.6505
2.3475,13.5,6.7122,1.4203,767,2.3327,35.3846,-114.3452,1.0281
5.7808,42.3,2.0,0.8,1231,2.7174,32.8493,-115.2249,2.7621
4.534,4.9,4.2694,0.8319,214,4.8266,39.3859,-116.9918,1.939
10.3835,33.2,6.0756,1.4602,410,3.6174,37.8835,-117.0541,4.4725
4.4998,7.1,7.7307,1.4943,2467,2.9202,36.7825,-115.3889,2.1804
2.8259,34.4,5.8995,1.4018,683,4.2445,36.1925,-122.7046,1.7282
3.8646,22.3,8.4165,2.3951,2258,3.1885,36.4126,-117.1507,1.3444
2.0006,37.6,7.2359,1.533,7248,1.3619,36.8044,-120.8938,1.3234
5.7184,3.7,4.5233,1.1356,449,4.664,37.0361,-115.3058,2.4042
6.3847,29.3,5.2199,1.3924,255,2.8436,33.428,-118.9,2.6008
15.0,8.4,6.3168,1.5726,538,1.0,36.113,-116.4589,5.0
3.0861,35.8,4.6027,0.8927,1602,1.4004,33.1083,-122.7462,1.368
3.8165,7.1,8.5626,1.6071,1792,4.1277,39.8713,-121.9586,2.1923
3.1726,4.8,3.2825,0.8,4095,1.4166,37.4613,-115.6992,1.1444
5.09,37.4,6.1322,1.4936,646,4.3492,40.0954,-120.35,2.1163
5.6351,4.2,6.9709,1.58,983,3.081,36.5785,-118.9578,2.3821
4.3404,12.5,4.8731,0.9546,376,3.7139,33.9544,-116.8819,1.5292
8.6003,43.1,4.4224,1.0693,100,2.7432,35.346,-122.7183,4.3709
3.0951,42.3,5.3478,1.2523,644,3.5234,34.7217,-121.3235,1.5393
8.0987,44.6,7.124,1.7924,264,3.3166,36.6791,-121.0807,3.8883
6.191,17.6,4.5003,0.9689,1113,2.9615,39.9947,-114.8749,2.1683
4.4495,27.9,3.3622,0.8,148,1.9346,33.608,-123.0553,2.0584
3.71,40.4,7.8012,1.8858,368,3.3585,36.301,-120.6012,1.7104
15.0,8.0,6.2986,1.775,824,1.183,33.372,-114.4272,5.0
2.745,37.9,7.5157,1.5117,896,3.9315,36.2188,-115.7339,1.5827
5.3589,6.0,7.0187,1.4829,640,3.197,38.034,-117.4601,1.8704
2.8573,47.6,9.8598,2.5038,2963,3.4642,33.1553,-118.7362,1.0139
13.0838,33.5,7.7299,1.872,2335,1.0,33.1331,-115.6933,5.0
7.6301,26.2,4.0518,0.8,385,1.8743,39.4398,-114.5628,3.2053
2.9832,25.7,6.4405,1.3529,2410,2.4942,36.3712,-114.7972,0.6815
6.0955,10.2,4.385,0.9348,2724,3.6737,35.8381,-117.7892,2.5427
5.2311,18.6,4.5917,0.9607,602,2.0572,39.02,-116.8573,2.2584
3.2872,38.1,2.675,0.8,690,5.548,33.3053,-116.3593,1.2483
7.0632,28.6,4.9278,1.179,639,2.7367,40.6673,-116.0019,3.0875
5.6609,28.0,6.5901,1.6224,397,1.984,39.8665,-116.8027,2.6935
5.1009,11.0,5.368,1.262,430,2.8132,36.2016,-122.6105,2.1464
4.3704,36.2,3.3013,0.8,1911,2.0491,36.9527,-116.5244,1.687
5.8045,21.0,2.454,0.8,944,1.8157,36.2783,-120.401,3.5269
5.143,10.3,9.7237,2.4846,427,4.011,39.9597,-122.4021,2.93
4.6434,49.1,6.1503,1.5545,317,3.5132,32.7754,-123.4234,2.0171
3.0508,26.8,3.8519,0.8071,363,3.5161,38.8782,-121.9767,1.8486
12.3822,27.9,6.4236,1.343,583,4.2768,35.3742,-119.1686,5.0
2.3863,51.0,9.8784,2.3277,1381,3.4867,39.9057,-121.9078,0.9722
5.7926,19.7,6.7409,1.6634,334,1.9326,41.8471,-117.5079,2.9851
3.6982,49.1,2.0,0.8,1368,3.7086,35.1503,-114.3739,1.538
12.8807,36.4,10.8046,3.0321,779,1.8734,36.7356,-124.0375,5.0
2.6062,33.3,2.0,0.8,746,2.522,37.7021,-123.1281,1.4791
2.883,13.0,5.088,1.2978,1511,2.9543,37.735,-121.9035,1.8263
2.5046,3.6,3.2332,0.8,1306,2.8528,33.9874,-116.0542,0.9296
5.4416,23.3,4.02,0.929,216,1.2088,38.0408,-121.6517,3.075
1.9663,1.5,6.0688,1.2684,279,2.0324,39.3772,-122.489,0.9828
3.3632,4.6,2.0,0.8,554,2.9775,41.4683,-122.8949,1.6346
1.2319,31.4,5.3195,1.3273,884,2.3893,39.3911,-122.9259,0.5683
5.1771,37.9,7.7947,1.5904,1982,4.1263,38.2314,-116.9419,1.9421
3.3197,9.6,3.8135,0.8289,701,4.2975,34.7159,-117.0647,1.4472
1.8352,38.4,2.7194,0.8,2599,1.8796,33.4302,-121.2331,1.1733
8.5966,49.4,5.2214,1.1285,378,3.0598,38.5262,-119.7809,3.3842
2.045,38.9,4.8233,1.0398,433,4.5827,38.4392,-117.904,0.8572
7.2295,41.0,4.3095,0.8261,521,2.8658,40.4739,-114.2619,3.2463
2.9428,36.7,3.1233,0.8,346,2.593,36.738,-116.697,1.0724
11.7159,12.5,6.5384,1.236,1682,3.8602,34.1344,-116.0682,5.0
7.0268,19.4,6.6905,1.5763,100,2.7258,34.6349,-114.2338,3.4423
2.4478,49.4,3.3687,0.8103,445,4.2709,37.0258,-120.4985,1.4853
2.5851,34.7,3.6455,0.8,1667,2.4053,35.4645,-123.7745,1.0487
6.4451,41.2,5.773,1.6386,518,2.5254,34.2125,-116.6576,2.9538
3.8289,50.4,3.5701,0.9286,1569,3.7902,33.5246,-123.2285,2.2302
4.0487,12.8,5.8573,1.6076,3859,3.1005,36.4173,-119.8947,1.8267
9.6152,17.4,8.4361,1.8647,709,3.1084,35.7064,-116.7471,4.0525
2.8599,33.9,5.3804,1.1312,1695,1.0907,41.6701,-118.6373,1.0535
4.734,2.2,3.0728,0.8728,4607,2.6466,40.6359,-120.645,2.8385
7.9469,30.1,6.2842,1.6438,918,3.864,34.2432,-119.0993,3.5215
7.2825,42.2,5.1447,1.2532,640,2.2163,39.6569,-121.9251,3.5522
4.0724,32.1,5.1997,1.2718,1369,3.7007,37.0619,-123.7215,2.9437
3.7684,16.1,6.4506,1.7461,1715,3.268,41.2979,-120.1689,1.6823
1.5789,37.9,6.8821,1.7896,645,2.8003,38.2779,-123.8877,1.1062
2.378,8.4,5.571,1.0726,452,4.3578,34.4379,-114.2136,0.9105
5.425,46.6,5.3786,1.0974,2628,2.6602,34.3617,-119.7998,2.1118
4.1258,6.1,9.6271,2.3526,536,2.7299,41.6893,-115.2351,1.3125
4.6878,45.0,7.9011,1.9621,1728,2.7889,41.2236,-114.5062,2.1041
8.3608,26.4,7.1671,1.958,821,3.0805,37.0872,-119.7816,3.3723
2.1981,22.9,5.7624,1.3727,2869,3.767,37.8574,-120.0862,1.1533
3.8895,26.5,3.4885,0.812,337,1.5274,37.6974,-115.119,1.5059
5.019,11.2,7.7548,1.4609,337,3.868,39.753,-124.1358,2.64
2.9373,24.3,5.7886,1.1609,1318,3.0681,37.0076,-119.3844,1.087
10.5792,44.3,4.3457,0.9747,269,3.554,33.665,-121.6795,5.0
7.7303,41.8,5.0137,1.33,730,5.3919,35.5807,-116.596,3.374
5.3339,9.3,3.5676,0.8,2296,2.4883,37.8986,-115.7144,2.2023
13.1515,35.3,7.6147,1.4175,160,1.7753,35.8352,-117.99,5.0
1.8233,44.7,6.8661,1.878,918,3.1938,40.2287,-120.2272,0.9298
4.461,42.8,5.8633,1.1282,1754,3.3522,41.5051,-118.6725,1.4921
5.5834,22.7,5.4144,1.4026,651,3.8716,34.799,-118.4715,2.2644
2.589,3.5,4.1387,0.8442,317,2.4616,40.9469,-117.8311,0.8247
5.3679,48.5,2.0,0.8,539,2.1699,39.2992,-114.817,2.6609
2.3072,21.2,2.6741,0.8,340,1.467,38.0761,-121.8842,1.4183
6.7824,19.4,4.0147,1.0099,703,1.6325,33.7387,-122.3835,3.3723
8.4545,39.7,3.7141,0.8103,533,2.584,36.404,-122.5026,4.2825
5.2772,14.5,6.0787,1.2933,441,2.8834,41.9558,-117.1788,1.9133
1.4745,43.6,7.123,1.5037,966,5.0651,38.6593,-114.9987,0.5
2.5091,4.9,5.2431,1.0776,2353,1.3074,38.121,-121.0687,1.5503
6.2892,38.8,8.3178,2.2863,865,3.3354,32.8384,-120.0829,3.1148
4.5391,50.3,3.9342,0.8018,1949,2.2741,35.5484,-114.334,2.0215
0.8901,51.8,5.2289,1.3727,2352,3.2229,37.1375,-122.9746,0.5
9.447,48.1,5.398,1.1121,416,2.4468,38.5958,-115.2647,4.1841
4.8646,45.4,7.6844,2.0502,829,4.0354,40.6426,-114.4275,1.7313
2.7416,15.2,5.7118,1.281,473,4.0292,36.8517,-116.1052,0.7245
8.1415,50.3,5.7671,1.3495,203,2.8869,35.1073,-120.9677,3.2672
2.9846,48.3,2.1903,0.8,884,4.4391,35.1722,-117.6374,0.8064
2.9652,28.3,3.7002,0.8,287,3.7601,33.8092,-121.4401,2.1035
5.5567,21.5,7.6919,2.0922,980,4.3926,33.8826,-123.2312,3.1765
13.0478,6.6,2.0,0.8,192,2.9569,35.4005,-123.3726,5.0
11.8716,31.1,8.186,2.1053,763,3.9518,39.7826,-124.4019,5.0
5.5613,36.7,6.4993,1.596,189,2.2317,36.4256,-114.2273,2.3228
5.9146,21.6,4.005,0.9408,1140,2.1303,40.6659,-117.6217,2.1059
7.2059,21.7,3.8359,0.8,486,5.1798,41.517,-121.127,3.1486
2.1081,30.2,9.2919,1.7245,450,1.9141,33.2165,-118.4197,0.7697
6.5962,2.4,8.3228,1.5561,1638,2.5639,39.2528,-117.9997,2.553
2.8851,49.9,5.2611,1.3696,514,1.102,33.31,-122.5792,1.296
5.4254,15.8,5.7692,1.5933,727,2.1541,33.1814,-121.4669,3.0323
3.9099,8.2,4.2076,0.8159,567,2.0058,35.1198,-118.7536,1.9782
6.054,1.3,5.7696,1.4153,998,2.3297,33.4652,-115.6822,2.6513
4.8108,44.7,4.1522,0.8899,1532,3.2999,38.7982,-123.1393,2.2731
0.7091,45.0,5.3429,0.979,1298,3.541,39.3031,-115.4875,0.5
4.9895,5.9,9.1207,2.355,458,1.9932,38.573,-118.1056,2.2251
6.5883,8.8,5.3088,1.2492,1750,2.2103,37.9659,-119.3586,2.7043
5.8565,23.8,3.404,0.8,320,4.0835,39.9218,-122.9886,3.124
4.2142,10.5,2.7673,0.8,367,4.7053,39.8395,-118.726,1.5903
12.0047,38.5,5.7542,1.0705,600,4.2559,40.7674,-120.7869,5.0
5.4023,4.0,3.9782,0.8352,1537,1.3537,39.0854,-122.5158,3.478
5.8276,29.0,5.9932,1.4592,261,4.1894,35.8808,-115.2603,2.6082
8.3871,20.5,2.261,0.8,1357,4.8537,37.4845,-119.664,3.5597
5.5709,24.7,6.8805,1.371,637,1.3041,37.1607,-123.6626,2.7022
2.6148,22.7,3.3797,0.8,470,4.0827,33.5247,-121.3275,1.5642
1.0377,8.8,5.5926,1.2561,1601,3.2252,40.2116,-122.5942,1.0802
3.366,12.2,4.8234,1.0705,350,2.6729,41.1721,-114.6379,1.6961
7.075,4.3,8.9368,2.1547,4140,3.1062,41.8519,-121.9478,3.162
3.626,6.9,5.843,1.4472,577,3.4433,34.8557,-119.1828,1.8607
7.2479,50.9,9.3909,1.7096,750,4.1576,33.4086,-116.672,2.7304
4.9,15.3,6.6215,1.2139,2285,4.106,33.5549,-122.8356,2.8158
9.7069,16.7,8.3508,1.8316,766,1.4931,40.1408,-119.9064,4.9939
3.7542,7.5,5.0824,0.9394,1722,2.3513,38.5015,-117.6405,1.1851
5.9332,39.5,6.191,1.4697,139,3.0936,39.6831,-115.2395,2.5331
6.071,48.1,7.9373,1.5264,467,4.5722,41.0994,-117.6319,2.2958
11.0338,41.3,7.3099,1.5326,914,1.0,34.6496,-123.6591,5.0
1.6097,32.2,6.562,1.3299,1580,2.3892,35.9588,-121.1236,0.9947
3.404,42.5,4.8441,0.9813,1231,1.4721,40.0275,-120.8152,1.4203
7.4567,21.6,5.1824,1.0861,1142,1.6306,34.9642,-120.4231,3.7239
11.3309,44.8,7.7753,1.4939,1554,3.9857,37.3074,-114.613,4.8693
5.1761,41.7,8.1918,1.9122,973,2.4681,36.7128,-124.1251,3.1639
3.7598,1.1,4.3143,0.8299,120,1.0,38.1554,-121.3272,2.1131
7.0588,25.9,4.0125,1.0377,2109,2.8416,41.8879,-119.3292,3.3311
7.5475,14.5,3.6917,0.9466,340,5.0359,33.4853,-123.5928,3.7041
3.6118,5.4,7.1594,1.4508,855,1.1933,37.1041,-119.4229,1.4576
5.464,44.2,3.641,0.8,769,3.5329,41.6104,-123.3751,2.744
9.1004,1.4,7.1352,1.3451,691,4.5677,35.8048,-115.7033,3.8245
13.9332,38.2,6.5914,1.6278,275,2.9506,39.5357,-121.6641,5.0
6.9976,51.4,4.4098,1.2208,141,4.928,41.3281,-119.0084,2.3808
4.602,25.6,8.6277,1.9109,298,2.3402,34.7858,-118.0077,2.1362
4.3386,19.9,2.5755,0.8,1288,4.4459,33.2731,-121.2899,2.4758
6.2616,31.9,8.8191,1.6203,209,4.2099,33.2191,-120.8112,3.1711
4.1812,42.0,6.1378,1.1768,329,2.9675,33.1934,-119.1396,1.8423
5.0218,13.3,2.0,0.8,929,1.5128,35.8299,-116.0429,1.9849
2.3757,13.8,8.6838,1.6614,292,1.9983,33.699,-119.7467,0.7756
9.7594,32.0,7.4444,1.8952,431,1.0,36.3477,-119.3456,4.3615
2.2612,48.9,4.6436,0.8692,710,3.5941,39.6642,-118.2434,0.5
3.4581,16.2,3.5706,0.8,834,3.4743,35.3331,-120.0353,1.9872
4.752,20.2,2.3619,0.8,288,3.0792,37.0545,-116.8762,1.9979
14.7995,51.7,10.3309,2.2154,745,2.8773,33.71,-124.4485,5.0
3.4778,10.0,3.6532,0.8,915,4.3576,39.1338,-119.4283,1.407
3.0053,4.9,2.9728,0.8,240,3.2978,35.5179,-114.8083,1.3503
3.2204,31.1,6.0358,1.6297,790,2.4454,33.7846,-118.033,1.2259
12.1258,2.2,2.2242,0.8,375,3.1472,41.5694,-119.3928,5.0
0.8291,10.2,3.5369,0.8,734,5.0475,39.8114,-116.3937,0.5
2.4556,32.7,7.4899,1.5689,1186,3.6222,38.6971,-120.3735,1.7111
15.0,34.6,6.4284,1.6983,578,2.6101,39.3685,-119.5939,5.0
6.3887,27.0,4.7273,0.9876,1381,2.9555,36.5422,-122.4508,3.3542
2.3081,20.6,5.5366,1.483,1252,3.4634,35.3341,-123.1959,1.2337
4.3704,30.4,4.6151,1.1237,1375,2.5789,37.2499,-124.232,2.2583
4.6668,33.8,5.376,1.5088,918,2.4905,40.34,-116.8192,1.7291
7.446,42.0,3.9764,0.8886,1605,2.9887,41.656,-119.584,3.043
13.5137,41.4,4.3395,1.0475,905,4.5191,38.2502,-114.6368,5.0
5.6583,34.9,4.2786,1.1579,175,3.791,36.0754,-122.6434,3.1626
3.2418,46.6,4.0483,0.9831,353,2.5905,39.323,-121.9382,1.5133
7.1868,43.7,7.5878,1.5824,562,3.869,39.1221,-117.7934,3.0144
2.9478,7.8,7.0402,1.7263,620,3.0086,34.8509,-123.9267,1.3559
2.4109,49.8,3.6353,0.9602,886,3.3446,36.6374,-119.2142,0.6315
1.559,46.5,3.1112,0.8,349,3.2536,33.7731,-123.2024,1.2876
1.7523,17.4,5.1854,1.0358,3318,1.0,36.3216,-122.8053,0.9544
2.6173,2.0,9.8106,1.9012,613,1.0,39.7461,-119.123,1.2335
2.2107,31.8,3.4446,0.8,661,3.2266,35.4821,-118.5248,0.7467
5.4083,23.4,5.1776,1.0519,389,2.1471,38.5138,-122.2736,2.7555
2.1823,39.2,5.6774,1.0989,298,1.3607,35.6127,-121.652,1.3229
0.6796,27.8,5.2827,1.0902,601,2.178,33.8975,-121.5169,0.9461
2.3956,4.9,4.5836,1.0064,680,3.9246,39.5432,-123.011,1.2233
3.3767,13.5,7.8102,2.1576,620,3.3578,38.0985,-114.3599,1.4892
3.1166,46.0,6.4089,1.5708,2500,3.7718,40.3418,-117.2319,0.9543
11.1531,2.9,7.1916,1.7373,601,3.4531,38.9501,-123.3362,5.0
3.1015,38.6,6.6788,1.5568,621,2.0812,40.2633,-120.7498,1.9713
7.6031,15.9,7.2879,1.3492,1277,3.7765,33.972,-122.6877,3.2339
4.4309,24.1,8.6688,2.2127,580,3.5857,38.3385,-122.0389,2.4403
4.3694,28.1,8.1621,1.7809,1024,2.8825,35.9901,-114.6355,1.8484
2.7149,13.8,10.1496,1.8513,239,3.0588,39.5918,-123.0641,1.7401
4.3264,34.2,7.9347,1.6748,241,3.7925,38.0108,-115.262,1.5277
2.8319,36.4,4.1611,1.0621,733,2.2506,33.0147,-115.6607,0.8012
4.963,5.3,7.1946,1.3273,553,4.0879,37.5687,-116.6915,1.8751
3.8894,20.1,6.9209,1.6587,348,3.5651,39.5708,-119.2844,1.2777
2.5427,39.0,9.3406,2.5977,733,3.0023,34.9965,-121.7871,1.5047
8.1266,37.8,3.5657,0.8173,786,4.5312,38.718,-115.7747,3.1714
5.7898,28.8,6.6159,1.6617,377,1.7057,40.4888,-115.7422,2.1133
3.4252,40.7,4.1379,0.8054,439,2.5398,33.1191,-118.9842,1.2125
4.8905,6.5,6.5251,1.6562,791,2.3177,37.9912,-124.0001,2.4198
4.2619,7.0,5.0705,0.9865,294,3.3581,40.9322,-122.4739,2.3747
2.663,34.5,6.4589,1.808,410,4.1824,33.701,-123.9111,1.424
4.6753,36.4,2.6793,0.8,1020,2.017,35.0579,-122.6117,2.5951
3.0876,42.5,7.0865,1.977,653,6.3055,38.4463,-119.1616,1.1226
2.5422,10.2,5.9121,1.0995,454,2.3372,38.0592,-115.5312,0.7614
1.6927,27.4,5.8044,1.5914,323,3.3607,40.0373,-117.641,0.5
3.6141,34.7,9.4005,1.7922,296,3.0027,38.476,-118.1905,1.0329
6.2977,12.4,4.735,0.9172,599,3.0462,37.9705,-116.6465,2.5443
2.9541,27.4,6.1845,1.319,3363,2.2076,36.7926,-117.7809,0.757
15.0,33.6,5.7005,1.5959,1046,4.0675,33.2434,-119.844,5.0
7.6248,11.9,5.8961,1.2433,229,2.1461,38.1153,-115.9387,3.3314
9.8021,20.2,9.9436,2.0997,1171,1.2311,33.9879,-121.2431,4.6555
7.2221,12.0,5.6276,1.2196,362,1.878,41.9606,-114.7548,3.2226
13.6224,47.1,4.3654,0.9165,663,4.4453,33.2458,-123.28,5.0
2.7949,13.1,9.2418,1.7,415,4.2505,33.2193,-117.8044,0.8763
0.9642,7.2,4.8846,0.8896,3355,1.0,39.9796,-119.2446,0.8213
3.4292,2.8,2.2896,0.8,268,3.8137,33.4611,-120.0295,1.8828
6.2647,3.3,4.0183,1.0909,855,1.0181,36.3482,-119.988,2.8152
4.9082,10.8,3.0068,0.8,384,2.9728,41.3112,-124.0568,3.0125
5.2872,32.0,2.0,0.8,1201,1.7922,39.9849,-116.6091,2.3968
9.9001,1.9,4.774,0.8737,841,3.8908,34.712,-120.8004,4.6098
5.6363,15.6,5.3596,1.2259,1815,3.5547,34.8848,-119.4953,2.6005
7.238,4.0,7.8611,2.1269,1181,3.9796,38.1266,-115.6003,2.9929
2.5504,21.6,6.7588,1.6069,382,2.7048,37.1212,-118.4404,1.2342
2.3228,3.5,6.6677,1.5615,6857,2.8087,33.6091,-115.5599,0.6358
11.8044,32.0,3.7136,0.8,1037,1.5008,34.0071,-123.0607,5.0
4.7614,36.1,7.2699,1.4918,428,1.9695,40.1275,-121.5409,2.5521
3.0835,38.3,8.2825,2.2171,784,3.9485,35.7755,-122.1067,1.7974
3.0869,12.4,6.2891,1.5067,1102,3.3673,40.0906,-115.1935,1.0104
3.036,45.3,6.345,1.7639,1069,3.1043,34.3034,-116.2936,0.6684
2.9289,36.2,2.9706,0.8,989,4.2621,38.1946,-115.7419,1.0989
2.0753,3.9,7.6089,1.5703,1441,1.6999,37.2985,-118.5288,0.8425
1.8217,23.5,9.0617,2.5067,1332,3.7201,35.6007,-122.1821,0.8862
3.9868,40.2,6.1459,1.4735,338,1.8208,38.2815,-120.5415,2.693
3.1401,16.9,4.3113,0.8126,3592,4.4779,33.6831,-118.7218,1.083
8.7085,20.5,5.176,1.0043,3213,3.5445,40.6364,-124.3007,4.195
5.3433,33.1,4.6592,1.0023,1262,3.9645,39.5621,-117.7838,1.6611
5.2551,3.8,4.7791,1.0693,686,2.2984,35.2262,-115.5239,2.0021
2.8695,50.3,6.796,1.2389,696,5.1821,38.0114,-121.0808,1.727
4.1678,9.9,6.0589,1.2254,513,4.9986,41.0706,-117.3622,1.4531
5.5656,2.4,7.5079,1.389,569,3.4304,36.5119,-119.4226,2.5407
6.8876,1.3,6.2418,1.7133,116,4.1753,35.9517,-124.4582,3.2506
4.2362,21.4,3.7718,0.9611,2262,2.6981,40.09,-121.5181,2.0038
8.5632,46.1,4.4986,1.2629,1706,1.7315,32.5113,-118.9575,3.3948
4.5032,42.8,4.3743,0.8355,174,3.7958,39.0205,-116.8885,1.8196
7.2117,47.5,5.1271,1.0488,1356,2.0807,34.5502,-120.2786,3.5656
3.3404,28.2,9.0894,2.3576,661,4.3102,39.0953,-122.5444,1.3497
1.5105,23.9,9.4098,1.7271,567,4.0479,36.6601,-123.859,1.1438
5.2647,20.7,7.1732,1.3255,987,3.2352,32.6928,-116.9957,2.3056
6.9254,3.4,5.7375,1.4528,165,3.1793,40.8055,-120.6671,3.4384
6.3294,47.4,2.7767,0.8,659,3.9893,37.6921,-117.7054,2.5553
5.7737,26.3,5.94,1.2282,709,3.2746,35.4792,-122.1716,2.8199
3.6359,24.2,3.92,1.1174,709,2.5955,39.1821,-116.5758,1.7555
2.762,27.3,8.761,1.7962,223,1.4855,37.2114,-120.8839,1.4643
6.2404,41.5,2.2878,0.8,951,3.9589,32.832,-123.9501,3.1821
5.7885,12.4,6.269,1.1822,1553,3.3664,38.6774,-119.1425,2.5326
3.201,37.2,3.7515,0.8,921,5.7557,41.7106,-116.8198,0.7976
8.7203,37.2,5.481,1.0321,554,2.9041,34.6088,-114.7088,4.1479
2.6387,44.3,6.8321,1.3623,5717,3.302,40.6978,-114.306,0.8929
3.1578,1.4,7.5439,1.9698,317,3.3255,38.3995,-119.7076,1.3177
11.9634,9.7,5.3786,1.2742,1235,3.6508,33.24,-118.0753,5.0
7.547,25.0,7.0224,1.4279,808,2.0331,39.4348,-118.6492,3.5381
3.6154,44.4,4.1751,1.0069,3327,2.9228,36.6942,-118.8978,1.6347
5.3251,50.2,5.9911,1.2177,906,3.8277,40.0405,-123.2973,2.525
4.9179,31.3,7.5044,1.7986,1076,2.6672,38.5396,-117.4559,1.6479
0.863,11.8,6.1642,1.5988,997,3.7902,32.5265,-114.3647,0.5
2.6016,10.4,4.4413,0.9791,285,3.0967,33.6998,-123.1686,1.6525
4.347,33.6,4.9419,1.0143,332,3.4019,35.8482,-121.2255,2.1399
3.6184,11.7,7.5313,1.6609,534,4.1511,37.0776,-123.691,1.6977
5.1979,29.2,3.3163,0.8,1431,2.7726,41.3552,-120.2708,2.2589
8.8259,43.6,3.6114,0.8252,801,1.5481,40.3087,-119.4424,4.1166
3.6954,20.9,6.7032,1.3256,564,2.7337,40.1153,-120.7408,2.0428
2.376,20.3,4.6217,0.9629,1994,2.1744,37.626,-119.4959,0.9248
5.4462,2.8,2.5939,0.8,136,1.0,33.3822,-116.0688,2.2477
3.6841,14.0,8.2016,1.8765,236,2.8933,39.5852,-122.2538,2.3075
4.0811,36.6,3.3008,0.8,100,3.199,33.3222,-116.5413,1.6075
3.7619,19.4,5.1011,1.4162,1749,4.0208,33.3688,-116.1705,1.3548
15.0,9.1,4.261,0.8816,616,1.8607,34.9233,-118.3981,5.0
1.1683,6.4,4.9046,1.2548,1441,3.0885,41.2644,-121.1891,1.2143
3.5502,5.8,3.7308,0.8,609,4.1281,39.6242,-114.6667,1.5695
4.4718,34.6,6.9286,1.352,1508,2.4254,33.2282,-120.679,1.9521
2.8048,32.2,5.7216,1.2559,601,3.5362,41.2296,-123.9758,1.8758
7.6898,27.4,7.4673,1.4376,923,4.5977,39.9421,-123.0711,3.8477
7.3006,26.5,4.2817,0.8843,821,1.1376,38.2346,-115.1383,3.2307
4.3551,8.8,9.766,2.5819,871,3.2727,33.7061,-122.9252,2.9906
3.8099,26.5,2.0,0.8,2560,4.1629,35.5412,-119.8024,1.3711
4.1905,4.1,2.3297,0.8,181,2.6493,35.3565,-117.2343,1.3263
4.2086,48.2,9.0062,2.5143,630,4.3868,38.5804,-118.4767,1.3415
4.2758,4.0,6.4481,1.6161,779,3.6342,38.0848,-117.6396,1.6108
4.0036,22.6,6.1828,1.3167,691,4.7694,35.1338,-120.8374,2.1625
5.2146,1.0,6.3626,1.4693,484,3.5825,35.4554,-117.5465,2.4222
7.0422,41.1,6.6424,1.391,434,4.8525,37.4252,-124.4046,3.1604
2.1422,9.5,6.0995,1.3053,2262,3.3,40.5314,-121.7359,1.5478
2.386,48.2,3.5682,0.8,629,1.6322,33.6991,-123.2022,1.7106
1.5697,3.2,7.1364,1.9596,4677,2.369,39.3945,-119.7197,0.5
7.5371,42.9,6.8214,1.5569,1015,4.0184,41.9589,-122.9689,3.7174
5.208,34.5,8.3569,1.6009,528,3.9987,39.6225,-118.7526,1.9595
6.0688,13.7,9.0285,2.1367,1035,2.6894,36.6949,-122.603,2.9485
1.9008,11.3,6.161,1.3668,726,4.8043,39.4509,-120.1502,0.5335
13.0785,19.2,3.0449,0.8594,1946,2.646,40.6765,-123.7207,5.0
3.1102,43.2,9.045,2.2908,261,3.462,39.8008,-119.8802,0.9348
4.9576,45.0,3.4637,0.8,157,3.4343,32.6212,-116.0162,1.8445
7.483,9.9,6.1759,1.437,888,1.6695,33.7492,-121.1725,4.1191
2.4789,19.0,4.9865,1.0116,1298,2.8895,33.5179,-117.0837,0.6373
3.2291,13.1,4.6387,0.982,836,5.3803,32.8023,-120.0271,1.2858
4.9903,7.3,7.0286,1.3361,1139,2.0777,39.288,-122.0408,2.6471
15.0,34.0,5.9889,1.1496,1013,3.6252,35.04,-121.3135,5.0
5.3692,18.6,6.5265,1.6388,204,1.8456,39.3586,-121.3229,2.708
11.7496,12.5,3.8686,1.0943,833,2.0673,38.8279,-116.705,5.0
9.2387,45.2,5.1519,0.989,1907,1.5857,37.4743,-122.3902,4.1769
5.589,39.2,3.9609,0.9525,763,3.9411,33.0673,-114.2334,2.2272
2.4756,40.5,5.1019,1.2164,233,2.1286,35.4004,-117.2814,0.9008
8.4643,3.0,5.2625,1.3788,509,4.2675,32.7576,-120.2879,4.2213
1.8242,47.7,9.1886,1.8806,1038,2.4687,41.1452,-114.021,0.6685
11.711,30.3,4.9812,1.2268,2798,3.128,35.432,-122.2302,5.0
5.0531,26.7,2.0,0.8,139,3.4114,33.402,-116.4894,2.3031
0.9138,1.5,8.2902,1.8395,888,1.3831,32.5239,-121.6552,0.6111
3.6535,46.8,6.3985,1.2795,316,3.2036,38.3094,-118.7926,1.1445
6.6351,28.7,5.238,1.2968,998,3.3499,38.3992,-123.9286,2.955
3.8876,43.1,4.6256,0.9356,1065,4.14,41.9518,-115.6122,0.8212
6.8826,34.4,3.6061,0.8151,552,2.0405,35.2418,-120.6554,3.3741
2.6912,41.6,9.3761,2.1767,1102,2.183,32.942,-118.3629,1.1095
2.0471,36.3,5.6037,1.3282,1656,3.6595,39.9041,-114.7635,0.5
4.2936,48.0,2.0245,0.8,583,4.4124,35.3935,-124.1824,2.4366
4.5674,12.5,6.1555,1.4778,228,2.4075,35.6413,-114.3358,1.374
3.6363,11.3,7.9123,1.5047,2081,1.7648,41.1235,-118.9856,1.3704
9.3593,37.3,5.8129,1.5692,1291,2.6833,37.966,-116.3022,3.6028
2.6909,26.6,3.6968,0.8,1044,1.9867,36.3033,-119.533,1.2644
5.4081,31.6,3.5179,0.9469,383,3.3978,41.5303,-115.933,2.3288
4.6682,37.1,3.6654,0.8677,1463,1.9202,35.0203,-115.2541,1.819
1.7612,28.9,8.5433,1.8129,3408,3.9729,32.704,-120.4924,0.5474
2.0311,41.2,5.3567,1.035,604,3.2126,34.6933,-116.9124,0.5
4.5138,17.3,2.1426,0.8,717,4.0041,32.9192,-114.0145,1.8416
14.7128,44.8,6.2683,1.6573,284,1.0,36.3736,-116.5501,5.0
6.3443,6.5,5.7821,1.2155,374,1.2418,40.3951,-114.4528,2.6726
1.5914,33.3,4.6022,1.1265,282,4.2927,41.7642,-116.7655,0.5
0.6933,46.4,3.4592,0.8,739,2.2805,39.153,-121.0362,0.5
6.9576,13.9,3.3722,0.8,506,1.5336,41.2981,-115.8149,2.5882
4.2303,17.7,7.6733,2.1001,896,2.7973,36.3811,-117.5034,1.4218
8.8885,16.6,5.995,1.1553,326,3.2423,35.3757,-124.1528,4.0877
2.6421,29.8,6.4573,1.8061,582,2.842,33.9651,-122.6894,1.3673
5.5297,22.1,5.9895,1.1306,310,3.468,37.2584,-121.7566,2.8954
7.4462,6.5,6.1554,1.1292,773,3.3325,35.6059,-116.6926,3.2196
3.4264,46.5,4.5632,0.9438,180,3.2802,33.5216,-116.1301,1.5252
3.4707,11.4,5.0883,0.9305,751,4.3484,41.3532,-115.8177,0.9876
4.5501,28.2,7.8298,1.5221,532,2.9858,33.6752,-123.7942,2.2546
6.2066,31.3,8.3292,2.3209,769,2.9564,39.5275,-123.7424,2.8336
4.4433,3.1,3.0558,0.8712,177,3.8028,33.1467,-121.3558,2.6559
8.0397,5.9,5.0835,1.4354,1123,3.5527,37.5076,-117.3469,3.4309
3.3968,50.6,7.1786,1.6301,524,2.0971,38.9106,-115.6571,1.1385
2.0197,34.9,9.2642,1.9517,791,2.9079,34.7281,-115.3716,0.7666
14.6756,2.7,9.0639,2.0309,149,3.4382,33.2187,-122.3211,5.0
3.1181,41.5,3.9085,0.8052,246,2.4132,38.137,-116.4421,1.0527
3.1865,26.9,8.0501,1.8299,487,2.4608,38.2276,-117.7719,1.416
4.3082,4.8,5.6173,1.5668,1999,1.6085,35.4638,-114.7693,2.2615
4.666,35.7,7.5888,1.9201,1014,1.0,36.0738,-116.385,2.1971
3.5537,26.5,7.0766,1.2901,738,2.6259,32.9333,-118.9495,1.3814
4.4351,11.5,2.9721,0.8,318,3.1273,35.31,-116.2765,2.2615
4.376,45.8,6.5999,1.5905,275,1.9046,40.8847,-121.2631,2.4788
4.9773,15.9,7.5114,1.9738,830,4.3779,34.1273,-116.2455,1.7431
1.0893,15.5,5.4597,0.9973,1165,1.9533,36.9465,-116.2977,0.5
13.8533,14.9,5.0074,1.2642,786,3.9125,38.9298,-115.5203,5.0
4.1026,40.1,2.3567,0.8,2611,3.4187,40.1274,-121.9548,2.1279
6.3495,37.0,6.8672,1.916,385,5.1763,33.2709,-115.5855,2.5839
1.9604,47.1,5.9175,1.6288,768,3.5398,38.1224,-122.725,0.5
3.3784,12.7,3.6556,0.8,172,1.5537,38.4593,-116.3951,1.8218
2.994,41.1,4.8483,1.0163,787,4.0544,34.3751,-114.7359,1.1719
10.8247,30.2,5.809,1.1952,2155,4.6976,32.7931,-124.1241,4.4522
3.1535,16.7,4.3827,1.1062,289,1.2278,40.5215,-117.9269,1.4758
7.0628,2.8,5.5054,1.0065,1305,3.6391,36.6807,-117.5743,3.14
3.0336,42.8,2.0001,0.8,2107,3.8603,33.0774,-115.941,1.3834
3.4159,13.3,8.1988,1.5074,383,2.7872,37.9913,-123.4204,2.2397
3.8677,33.2,5.5318,1.445,966,1.0,36.0807,-114.951,2.075
9.6824,29.0,3.3013,0.8,2354,2.704,33.2619,-114.0652,4.0629
1.4421,1.2,2.0,0.8,800,2.4189,35.2276,-117.4429,0.6743
2.0352,51.7,7.5583,1.5086,1248,4.5298,35.6049,-119.9857,0.5
1.3932,42.5,6.6162,1.3245,161,2.9114,37.9616,-117.8323,0.6088
2.3338,25.8,5.9214,1.3238,1072,2.5877,36.3317,-123.9256,0.7167
2.754,35.7,7.2273,2.0461,1006,2.4135,33.5164,-116.5931,0.7148
1.7012,25.3,7.2218,1.8756,230,3.3257,38.5357,-123.7654,0.9529
2.885,39.0,5.8889,1.6356,308,3.0569,39.4236,-121.1128,1.5812
1.338,7.9,4.9916,0.961,1078,2.2101,37.3194,-123.0363,1.3025
2.4332,23.8,4.6657,1.1437,522,3.264,33.1018,-116.8766,1.1926
9.2097,18.1,6.3419,1.6976,1619,2.4427,33.4806,-118.2585,3.838
5.7096,24.4,8.2941,1.9709,853,1.0,41.4741,-117.1584,2.1649
5.0152,24.0,5.2942,1.4486,696,3.668,34.299,-123.8221,2.5865
2.4555,8.3,8.453,1.5488,580,3.5732,35.4212,-120.6107,1.2384
1.7831,50.8,6.2463,1.5124,841,3.1997,39.0314,-120.2352,1.12
2.2626,1.8,6.2614,1.1668,1264,2.5575,40.0224,-118.1748,1.3145
4.367,1.5,10.3102,2.1191,1020,2.9279,41.1547,-123.4255,2.9293
7.5452,20.0,8.8054,1.9009,474,3.8193,36.2543,-117.704,3.467
7.7015,32.6,8.8572,1.9899,1793,2.3682,41.9268,-120.3557,3.6185
6.5428,10.2,3.9048,0.801,1126,3.8596,33.487,-114.9878,2.7014
2.8791,28.2,9.8844,2.0286,905,1.5252,40.3521,-119.777,1.2918
4.5482,37.9,5.3356,1.5153,716,3.1682,35.085,-123.4282,1.9249
3.6958,5.8,5.045,0.9491,992,3.0258,41.4024,-123.4143,1.707
3.9721,51.2,2.0,0.8,154,4.0027,40.7574,-121.8299,2.1513
15.0,18.2,6.1526,1.4626,807,2.0811,39.7416,-121.982,5.0
1.5571,33.8,3.3333,0.8,2470,2.1902,38.2356,-116.1348,0.7559
3.8931,6.6,6.3165,1.2969,793,1.6055,34.5373,-116.9149,1.5952
9.2725,37.2,3.1769,0.8,711,2.4333,36.8883,-123.6949,4.6619
1.8598,43.9,9.0954,2.1413,413,3.2554,32.8305,-115.5599,0.6231
3.0458,6.4,6.6031,1.8206,987,1.2022,39.2393,-123.4906,2.3173
3.2628,7.4,10.0597,2.3215,569,2.5571,33.6009,-116.2509,0.8591
3.9197,15.3,3.454,0.9092,1896,3.6108,34.9537,-123.328,2.469
1.7202,1.6,8.5984,1.65,333,2.8971,34.828,-120.5482,1.4867
6.4056,51.3,2.0,0.8,463,3.0752,39.9855,-116.6152,2.6099
6.6844,31.5,5.9162,1.0912,411,1.4939,36.3062,-121.8368,3.3255
6.0801,32.0,4.2368,0.8701,2886,2.9,37.5781,-123.31,3.3504
2.6585,49.9,4.6041,0.9186,571,3.0287,34.4819,-116.2344,0.6568
4.7205,43.4,4.467,0.8279,429,2.8363,35.674,-117.2448,1.8579
2.6126,42.5,3.6706,0.9227,125,3.1528,37.363,-115.1417,1.0998
3.6709,18.3,2.9806,0.8,321,2.6909,34.3449,-117.7637,1.0211
15.0,18.1,4.6151,1.2886,1015,2.544,39.0532,-123.7235,5.0
4.7465,15.9,5.7321,1.5486,1011,1.9602,36.768,-117.7943,2.042
2.1979,18.7,7.8274,1.8491,395,3.9745,41.8447,-115.8637,0.935
4.9938,19.8,6.0907,1.2519,413,1.7733,34.842,-123.6214,2.3064
1.9916,8.1,7.8331,1.517,2945,3.1579,36.2626,-123.0752,1.1418
2.1828,19.2,2.5436,0.8,5751,4.8132,41.2843,-117.3855,0.5
2.3997,23.8,4.6341,0.9272,1669,4.1014,40.917,-116.191,0.5
3.4329,16.8,6.922,1.753,2316,3.5094,37.0996,-120.7919,1.9287
7.8631,9.4,6.1864,1.7614,2744,3.2497,33.6741,-116.7798,3.2404
6.341,20.0,3.7776,1.0468,3911,2.8722,36.3834,-122.7426,3.1621
6.1337,25.5,7.3681,1.5774,522,2.0987,38.0796,-119.8379,2.8847
2.3179,37.8,4.4375,0.9874,329,2.7462,34.9152,-116.6463,0.7043
3.2388,37.3,3.9453,0.9763,2884,3.5749,34.3158,-122.4106,2.0815
5.2762,11.3,6.4739,1.8428,308,3.3897,37.5487,-120.8366,2.6797
3.0741,2.9,5.5123,1.189,292,3.7887,34.1722,-117.8948,1.14
3.7923,16.5,4.4542,0.8674,298,4.2197,40.8081,-120.8671,1.8542
5.8405,9.0,4.3863,1.206,599,2.8415,33.2053,-115.3213,2.6222
3.6355,21.2,3.3604,0.8,136,3.1919,41.8803,-114.4544,1.3668
5.1327,50.9,4.7085,0.9873,211,1.1009,37.6105,-117.756,2.2713
11.6539,10.2,7.7,1.727,404,5.2562,41.8438,-116.2848,5.0
4.0426,17.3,5.9891,1.6652,256,2.5862,39.6394,-114.9797,1.1822
9.0939,38.0,7.4172,1.3871,1556,3.6517,33.9525,-117.1305,3.7511
6.269,27.0,6.5321,1.4663,669,2.5855,34.6607,-116.3802,2.2523
1.8583,3.2,4.2755,0.9945,1055,2.5623,33.516,-123.6577,1.1186
2.3134,9.2,2.2017,0.8,967,2.763,39.4263,-115.8505,1.0223
2.7179,48.7,3.6463,0.8,564,1.7549,34.1023,-121.6171,1.6501
2.6834,6.3,4.1575,0.8391,1466,1.0,39.2885,-123.7566,1.7022
4.2454,33.4,4.0028,0.8,955,4.1597,40.6652,-118.3105,1.1929
6.4804,41.4,7.462,1.9906,516,3.5457,36.4113,-122.1187,3.3415
9.5171,14.5,7.4412,1.4818,173,2.0841,38.7799,-123.6616,4.739
5.3919,38.0,9.9238,2.3878,1009,3.4519,41.0044,-118.0996,2.1356
3.4301,9.7,3.9726,0.8,242,3.8239,39.6547,-123.4652,1.9872
1.2849,15.5,8.6949,2.0505,902,2.307,33.7422,-115.1841,0.5
4.6756,16.9,8.6825,2.4061,708,3.4118,35.2789,-114.3226,1.9518
4.5515,51.8,5.0355,1.1633,224,4.0068,37.5886,-116.749,1.6538
5.0016,11.9,6.4471,1.2859,818,1.5616,35.0106,-121.4795,2.2561
15.0,7.6,7.9815,1.7729,775,3.5334,37.3063,-118.5933,5.0
9.4344,48.2,5.3822,1.0706,777,3.3644,41.5519,-124.1705,4.3141
7.1781,9.3,5.2272,1.464,748,4.8805,36.8051,-117.9753,3.0482
2.5162,45.8,4.2453,1.1014,395,3.557,34.9859,-121.7297,1.5861
3.2943,34.2,2.0,0.8,1068,2.5891,33.8925,-119.7222,1.3145
4.2338,30.4,5.6409,1.3209,384,2.7048,41.0604,-122.6219,1.7932
2.8144,39.3,4.0803,0.8395,282,5.0234,34.683,-114.1412,0.7947
6.0513,38.0,3.3493,0.8,1141,2.6451,34.3394,-122.322,3.5056
5.5519,6.6,6.3444,1.3163,1407,3.5861,37.7358,-120.1222,3.4819
2.3327,52.0,2.5974,0.8,1080,2.7616,36.8863,-121.8267,1.518
9.1898,49.0,7.1122,1.5513,564,4.0813,36.1638,-118.8133,3.8607
4.7654,46.7,6.4672,1.2143,141,4.1307,37.9972,-114.9939,1.5557
1.5881,32.7,4.6996,0.9698,2176,2.9773,37.9094,-122.7844,1.2061
4.3457,27.7,5.3734,1.0523,139,2.5932,33.1498,-123.0215,1.9615
5.3054,28.4,3.1196,0.8,1063,2.5694,36.4417,-123.7223,2.5656
8.0339,1.8,7.0007,1.4033,3598,1.2727,39.3494,-118.3118,3.239
3.6602,26.5,5.8747,1.5546,750,3.1006,36.126,-118.1782,1.6718
7.3652,32.8,6.0237,1.2048,840,3.0804,41.9778,-115.8754,2.4056
5.0143,34.6,6.5038,1.2357,901,2.1839,34.7362,-115.7224,2.2752
2.036,17.9,4.2152,0.8,779,1.1652,37.2155,-123.4296,1.6007
1.9173,25.0,2.4619,0.8,4361,3.2063,38.9023,-114.9395,1.2037
8.7893,33.5,7.4146,1.437,339,3.3326,37.7047,-115.7915,3.6516
9.1852,22.8,6.8774,1.8488,306,3.3946,32.8712,-117.7039,3.7972
5.4398,50.1,4.4293,0.9938,512,2.0101,37.3798,-120.8559,2.711
10.9948,37.0,6.3182,1.2987,2678,3.3968,41.6811,-116.6713,4.8204
8.4483,1.1,8.0159,1.7939,419,2.8214,36.3633,-117.9829,3.698
6.7543,2.2,7.7774,1.8607,938,3.8645,33.6037,-120.793,3.3243
2.594,36.2,4.3709,0.8979,1567,2.0252,32.702,-124.3608,1.8956
12.6652,22.0,2.5225,0.8,1240,4.1502,36.4165,-118.2792,5.0
6.1829,43.8,2.8656,0.8,1502,4.51,34.2603,-118.4468,2.1524
3.5555,9.8,4.8765,1.0702,2068,3.1161,40.4296,-122.8769,1.4017
3.0013,1.7,8.4246,1.7153,851,3.4037,41.5464,-114.9836,1.8582
5.2282,20.8,4.0431,0.9389,461,3.7839,41.435,-122.8276,2.7114
1.6444,38.5,4.3073,1.1841,748,1.9743,36.058,-121.4855,1.2531
6.8196,50.6,4.2662,0.9325,507,2.5137,36.8202,-120.5941,3.5173
2.5291,46.1,4.4365,0.8968,5000,3.1842,35.4933,-117.3289,1.0026
5.5978,25.7,5.4775,1.3365,434,5.0269,33.726,-123.6428,2.4929
3.2773,42.5,2.9399,0.8,979,1.8039,37.8109,-117.1251,1.2882
3.8242,4.6,7.6687,1.4405,200,4.6377,34.2689,-120.148,2.1081
2.8458,30.2,5.2104,0.9967,740,2.8068,33.0644,-122.5791,1.3738
4.0685,48.1,10.4583,2.2078,529,2.9656,40.5696,-123.3232,2.074
13.9242,21.2,3.1529,0.8,1142,4.218,40.0859,-120.1705,5.0
10.2886,50.0,8.6797,1.5962,1166,5.0214,41.2997,-119.8172,4.0574
5.5438,12.3,8.2827,1.7856,2066,3.4228,35.6104,-123.0583,2.7795
4.4142,6.4,4.6766,1.1726,1939,4.1647,40.7718,-119.4341,1.3633
7.4374,27.8,4.7099,0.9858,631,2.0797,36.2853,-119.2244,3.4352
8.8285,47.3,3.6574,0.8,312,2.4705,33.1914,-114.1994,4.08
2.724,16.9,3.6804,0.8,343,1.6476,36.8495,-117.0103,0.8738
4.2782,41.8,5.4988,1.5479,847,2.4844,37.761,-124.3722,2.5518
1.502,9.6,5.5414,1.0388,755,3.5652,36.6049,-119.4929,0.5
8.7922,39.0,2.2953,0.8,818,3.2121,39.9616,-124.2733,4.1579
15.0,29.4,10.087,2.3438,434,4.7271,35.8424,-119.1323,5.0
4.7023,9.9,4.981,0.9098,2100,5.0547,41.2501,-120.9517,2.2027
1.2523,37.6,5.6312,1.1391,205,2.8635,33.2046,-115.0132,0.5
6.4581,37.4,4.2475,0.8246,415,2.3203,39.3439,-119.3205,2.4307
2.6053,27.3,4.966,0.922,281,4.16,41.3253,-115.576,0.7095
3.0102,12.5,4.7842,1.3367,563,4.2642,37.755,-118.3693,1.0026
6.527,7.7,5.4941,1.0882,1803,3.4412,40.8474,-120.3366,2.5811
5.2212,49.8,5.4708,1.2804,528,3.7056,39.0724,-122.0881,2.4119
3.3439,34.4,7.1097,1.3573,721,3.5492,32.638,-122.5769,1.9529
3.0351,42.3,5.9544,1.1325,1132,2.0112,38.8768,-116.1573,1.2349
4.8332,36.5,6.9086,1.3396,509,1.7814,38.7373,-115.2286,2.2306
3.5055,43.3,5.4804,1.0834,903,2.9491,32.5003,-121.0971,1.983
2.3036,9.3,5.9625,1.1717,813,2.7991,36.387,-119.3066,1.36
3.671,26.3,5.0174,1.2258,269,3.2769,32.8686,-121.4812,1.7016
5.4945,35.0,7.5062,1.7403,459,2.8688,35.2835,-119.7194,2.1929
4.0275,6.3,6.1452,1.6475,883,1.2967,41.8725,-115.3703,1.6908
1.9192,8.6,5.1839,1.0044,1855,1.0,41.4327,-123.0513,1.4297
8.1128,33.3,5.1242,1.0693,1854,3.7374,39.0062,-121.4394,4.0521
0.8665,45.3,5.2815,1.1177,3556,2.3372,35.9851,-117.1996,0.5
3.4287,34.7,5.5609,1.393,981,2.7679,36.2663,-121.2384,1.9329
3.0891,2.8,5.3873,1.1389,478,2.442,32.863,-123.6479,1.6747
4.8984,50.5,4.3823,0.9939,632,2.087,35.7137,-120.5687,1.6747
6.2777,8.1,7.0298,1.2803,607,2.0601,39.9517,-117.3979,2.9463
8.8115,12.9,7.1562,1.3693,480,4.0198,37.4339,-114.1679,3.5145
2.9228,50.7,9.0677,1.992,904,2.7608,37.0284,-115.1325,0.9242
6.3722,40.3,4.2927,0.8389,938,3.6348,33.3654,-118.6003,2.2939
5.0404,48.8,6.8329,1.7845,260,3.7691,41.2305,-116.338,2.0818
1.6049,42.1,2.0,0.8,1588,3.3166,35.1892,-118.5004,0.5
14.0177,34.2,7.1581,1.5034,153,3.802,36.1376,-119.3141,5.0
1.8903,15.5,2.5868,0.8,557,3.0143,35.6417,-122.7084,1.4466
5.7644,17.7,3.5313,0.9793,1668,4.3638,35.623,-121.4322,2.8071
5.6631,49.3,6.1645,1.5798,1081,3.8234,38.1936,-119.7529,2.2035
5.2877,44.9,4.257,0.9306,500,3.9564,38.4568,-114.1512,2.2442
3.3309,19.3,3.9833,1.0986,3213,2.0615,38.1863,-118.1101,1.1035
7.3621,20.0,4.5304,1.0419,468,3.2632,33.1507,-114.5788,3.0932
1.7573,16.2,6.9593,1.5589,134,1.165,41.7106,-121.7838,1.0514
4.3081,17.6,3.6342,0.8,955,4.401,39.2829,-123.7758,2.2502
3.1953,44.9,5.3917,1.3051,160,2.3767,40.8859,-114.2271,1.2023
2.9851,1.5,4.7427,1.2359,342,2.5153,34.0169,-121.0389,1.8233
5.7965,23.2,7.1398,2.0312,1095,1.6326,41.355,-118.8793,2.1807
8.5548,49.1,7.1958,1.9224,460,2.9637,39.356,-123.753,4.4075
3.6475,28.7,2.0,0.8,1058,2.7317,37.2568,-115.4659,1.6254
7.1593,24.0,7.5902,1.729,263,4.8227,32.7198,-124.4929,3.1749
4.6175,16.9,4.2785,1.0978,1322,3.8592,34.9053,-114.9869,1.8899
2.6231,4.8,5.9726,1.113,172,2.4853,40.468,-122.7636,1.8832
